2024-08-25T10:19:09.014+03:30  INFO 53366 --- [UIdashboard] [main] c.c.uidashboard.UIdashboardApplication   : Starting UIdashboardApplication using Java 21.0.3 with PID 53366 (/Users/Admin/Documents/JavaProjects/UIdashboard/target/classes started by Admin in /Users/Admin/Documents/JavaProjects/UIdashboard)
2024-08-25T10:19:09.019+03:30 DEBUG 53366 --- [UIdashboard] [main] c.c.uidashboard.UIdashboardApplication   : Running with Spring Boot v3.3.2, Spring v6.1.11
2024-08-25T10:19:09.019+03:30  INFO 53366 --- [UIdashboard] [main] c.c.uidashboard.UIdashboardApplication   : The following 1 profile is active: "docker"
2024-08-25T10:19:09.263+03:30  INFO 53366 --- [UIdashboard] [main] .s.d.r.c.RepositoryConfigurationDelegate : Bootstrapping Spring Data JPA repositories in DEFAULT mode.
2024-08-25T10:19:09.284+03:30  INFO 53366 --- [UIdashboard] [main] .s.d.r.c.RepositoryConfigurationDelegate : Finished Spring Data repository scanning in 17 ms. Found 1 JPA repository interface.
2024-08-25T10:19:09.472+03:30  INFO 53366 --- [UIdashboard] [main] o.s.b.w.embedded.tomcat.TomcatWebServer  : Tomcat initialized with port 8080 (http)
2024-08-25T10:19:09.477+03:30  INFO 53366 --- [UIdashboard] [main] o.apache.catalina.core.StandardService   : Starting service [Tomcat]
2024-08-25T10:19:09.478+03:30  INFO 53366 --- [UIdashboard] [main] o.apache.catalina.core.StandardEngine    : Starting Servlet engine: [Apache Tomcat/10.1.26]
2024-08-25T10:19:09.495+03:30  INFO 53366 --- [UIdashboard] [main] o.a.c.c.C.[Tomcat].[localhost].[/]       : Initializing Spring embedded WebApplicationContext
2024-08-25T10:19:09.495+03:30  INFO 53366 --- [UIdashboard] [main] w.s.c.ServletWebServerApplicationContext : Root WebApplicationContext: initialization completed in 459 ms
2024-08-25T10:19:09.509+03:30  INFO 53366 --- [UIdashboard] [main] com.zaxxer.hikari.HikariDataSource       : HikariPool-1 - Starting...
2024-08-25T10:19:09.589+03:30  INFO 53366 --- [UIdashboard] [main] com.zaxxer.hikari.pool.HikariPool        : HikariPool-1 - Added connection conn0: url=jdbc:h2:mem:testdb user=SA
2024-08-25T10:19:09.590+03:30  INFO 53366 --- [UIdashboard] [main] com.zaxxer.hikari.HikariDataSource       : HikariPool-1 - Start completed.
2024-08-25T10:19:09.595+03:30  INFO 53366 --- [UIdashboard] [main] o.s.b.a.h2.H2ConsoleAutoConfiguration    : H2 console available at '/h2-console'. Database available at 'jdbc:h2:mem:testdb'
2024-08-25T10:19:09.649+03:30  INFO 53366 --- [UIdashboard] [main] o.hibernate.jpa.internal.util.LogHelper  : HHH000204: Processing PersistenceUnitInfo [name: default]
2024-08-25T10:19:09.679+03:30  INFO 53366 --- [UIdashboard] [main] org.hibernate.Version                    : HHH000412: Hibernate ORM core version 6.5.2.Final
2024-08-25T10:19:09.695+03:30  INFO 53366 --- [UIdashboard] [main] o.h.c.internal.RegionFactoryInitiator    : HHH000026: Second-level cache disabled
2024-08-25T10:19:09.819+03:30  INFO 53366 --- [UIdashboard] [main] o.s.o.j.p.SpringPersistenceUnitInfo      : No LoadTimeWeaver setup: ignoring JPA class transformer
2024-08-25T10:19:09.840+03:30  WARN 53366 --- [UIdashboard] [main] org.hibernate.orm.deprecation            : HHH90000025: H2Dialect does not need to be specified explicitly using 'hibernate.dialect' (remove the property setting and it will be selected by default)
2024-08-25T10:19:10.160+03:30  INFO 53366 --- [UIdashboard] [main] o.h.e.t.j.p.i.JtaPlatformInitiator       : HHH000489: No JTA platform available (set 'hibernate.transaction.jta.platform' to enable JTA platform integration)
2024-08-25T10:19:10.174+03:30  INFO 53366 --- [UIdashboard] [main] j.LocalContainerEntityManagerFactoryBean : Initialized JPA EntityManagerFactory for persistence unit 'default'
2024-08-25T10:19:10.316+03:30  WARN 53366 --- [UIdashboard] [main] JpaBaseConfiguration$JpaWebConfiguration : spring.jpa.open-in-view is enabled by default. Therefore, database queries may be performed during view rendering. Explicitly configure spring.jpa.open-in-view to disable this warning
2024-08-25T10:19:10.461+03:30  WARN 53366 --- [UIdashboard] [main] ConfigServletWebServerApplicationContext : Exception encountered during context initialization - cancelling refresh attempt: org.springframework.context.ApplicationContextException: Failed to start bean 'webServerStartStop'
2024-08-25T10:19:10.462+03:30  INFO 53366 --- [UIdashboard] [main] j.LocalContainerEntityManagerFactoryBean : Closing JPA EntityManagerFactory for persistence unit 'default'
2024-08-25T10:19:10.464+03:30  INFO 53366 --- [UIdashboard] [main] com.zaxxer.hikari.HikariDataSource       : HikariPool-1 - Shutdown initiated...
2024-08-25T10:19:10.464+03:30  INFO 53366 --- [UIdashboard] [main] com.zaxxer.hikari.HikariDataSource       : HikariPool-1 - Shutdown completed.
2024-08-25T10:19:10.470+03:30  INFO 53366 --- [UIdashboard] [main] .s.b.a.l.ConditionEvaluationReportLogger : 

Error starting ApplicationContext. To display the condition evaluation report re-run your application with 'debug' enabled.
2024-08-25T10:19:10.476+03:30 ERROR 53366 --- [UIdashboard] [main] o.s.b.d.LoggingFailureAnalysisReporter   : 

***************************
APPLICATION FAILED TO START
***************************

Description:

Web server failed to start. Port 8080 was already in use.

Action:

Identify and stop the process that's listening on port 8080 or configure this application to listen on another port.

2024-08-25T10:19:50.594+03:30  INFO 53390 --- [UIdashboard] [main] c.c.uidashboard.UIdashboardApplication   : Starting UIdashboardApplication using Java 21.0.3 with PID 53390 (/Users/Admin/Documents/JavaProjects/UIdashboard/target/classes started by Admin in /Users/Admin/Documents/JavaProjects/UIdashboard)
2024-08-25T10:19:50.594+03:30 DEBUG 53390 --- [UIdashboard] [main] c.c.uidashboard.UIdashboardApplication   : Running with Spring Boot v3.3.2, Spring v6.1.11
2024-08-25T10:19:50.595+03:30  INFO 53390 --- [UIdashboard] [main] c.c.uidashboard.UIdashboardApplication   : The following 1 profile is active: "docker"
2024-08-25T10:19:50.830+03:30  INFO 53390 --- [UIdashboard] [main] .s.d.r.c.RepositoryConfigurationDelegate : Bootstrapping Spring Data JPA repositories in DEFAULT mode.
2024-08-25T10:19:50.851+03:30  INFO 53390 --- [UIdashboard] [main] .s.d.r.c.RepositoryConfigurationDelegate : Finished Spring Data repository scanning in 17 ms. Found 1 JPA repository interface.
2024-08-25T10:19:51.032+03:30  INFO 53390 --- [UIdashboard] [main] o.s.b.w.embedded.tomcat.TomcatWebServer  : Tomcat initialized with port 8081 (http)
2024-08-25T10:19:51.037+03:30  INFO 53390 --- [UIdashboard] [main] o.apache.catalina.core.StandardService   : Starting service [Tomcat]
2024-08-25T10:19:51.037+03:30  INFO 53390 --- [UIdashboard] [main] o.apache.catalina.core.StandardEngine    : Starting Servlet engine: [Apache Tomcat/10.1.26]
2024-08-25T10:19:51.053+03:30  INFO 53390 --- [UIdashboard] [main] o.a.c.c.C.[Tomcat].[localhost].[/]       : Initializing Spring embedded WebApplicationContext
2024-08-25T10:19:51.054+03:30  INFO 53390 --- [UIdashboard] [main] w.s.c.ServletWebServerApplicationContext : Root WebApplicationContext: initialization completed in 441 ms
2024-08-25T10:19:51.066+03:30  INFO 53390 --- [UIdashboard] [main] com.zaxxer.hikari.HikariDataSource       : HikariPool-1 - Starting...
2024-08-25T10:19:51.145+03:30  INFO 53390 --- [UIdashboard] [main] com.zaxxer.hikari.pool.HikariPool        : HikariPool-1 - Added connection conn0: url=jdbc:h2:mem:testdb user=SA
2024-08-25T10:19:51.146+03:30  INFO 53390 --- [UIdashboard] [main] com.zaxxer.hikari.HikariDataSource       : HikariPool-1 - Start completed.
2024-08-25T10:19:51.150+03:30  INFO 53390 --- [UIdashboard] [main] o.s.b.a.h2.H2ConsoleAutoConfiguration    : H2 console available at '/h2-console'. Database available at 'jdbc:h2:mem:testdb'
2024-08-25T10:19:51.202+03:30  INFO 53390 --- [UIdashboard] [main] o.hibernate.jpa.internal.util.LogHelper  : HHH000204: Processing PersistenceUnitInfo [name: default]
2024-08-25T10:19:51.228+03:30  INFO 53390 --- [UIdashboard] [main] org.hibernate.Version                    : HHH000412: Hibernate ORM core version 6.5.2.Final
2024-08-25T10:19:51.246+03:30  INFO 53390 --- [UIdashboard] [main] o.h.c.internal.RegionFactoryInitiator    : HHH000026: Second-level cache disabled
2024-08-25T10:19:51.376+03:30  INFO 53390 --- [UIdashboard] [main] o.s.o.j.p.SpringPersistenceUnitInfo      : No LoadTimeWeaver setup: ignoring JPA class transformer
2024-08-25T10:19:51.396+03:30  WARN 53390 --- [UIdashboard] [main] org.hibernate.orm.deprecation            : HHH90000025: H2Dialect does not need to be specified explicitly using 'hibernate.dialect' (remove the property setting and it will be selected by default)
2024-08-25T10:19:51.713+03:30  INFO 53390 --- [UIdashboard] [main] o.h.e.t.j.p.i.JtaPlatformInitiator       : HHH000489: No JTA platform available (set 'hibernate.transaction.jta.platform' to enable JTA platform integration)
2024-08-25T10:19:51.728+03:30  INFO 53390 --- [UIdashboard] [main] j.LocalContainerEntityManagerFactoryBean : Initialized JPA EntityManagerFactory for persistence unit 'default'
2024-08-25T10:19:51.861+03:30  WARN 53390 --- [UIdashboard] [main] JpaBaseConfiguration$JpaWebConfiguration : spring.jpa.open-in-view is enabled by default. Therefore, database queries may be performed during view rendering. Explicitly configure spring.jpa.open-in-view to disable this warning
2024-08-25T10:19:52.007+03:30  INFO 53390 --- [UIdashboard] [main] o.s.b.w.embedded.tomcat.TomcatWebServer  : Tomcat started on port 8081 (http) with context path '/'
2024-08-25T10:19:52.012+03:30  INFO 53390 --- [UIdashboard] [main] c.c.uidashboard.UIdashboardApplication   : Started UIdashboardApplication in 1.57 seconds (process running for 1.828)
2024-08-25T10:19:52.013+03:30  INFO 53390 --- [UIdashboard] [main] c.c.u.schedule.StartupListener           : creating tasks...
2024-08-25T10:19:52.013+03:30  INFO 53390 --- [UIdashboard] [main] c.c.uidashboard.schedule.SchedulerUtil   : generate new task
2024-08-25T10:19:52.085+03:30  INFO 53390 --- [UIdashboard] [scheduling-1] c.ceadar.uidashboard.schedule.Scheduler  : tasks fetching from database for update count: 0
2024-08-25T10:19:52.085+03:30  INFO 53390 --- [UIdashboard] [scheduling-1] c.ceadar.uidashboard.schedule.Scheduler  : add new batch task to database in 2024-08-25T10:19:52.085590
2024-08-25T10:19:52.087+03:30  INFO 53390 --- [UIdashboard] [scheduling-1] c.ceadar.uidashboard.schedule.Scheduler  : add new batch task finished in 2024-08-25T10:19:52.087729
2024-08-25T10:19:52.124+03:30  INFO 53390 --- [UIdashboard] [main] c.c.uidashboard.schedule.SchedulerUtil   : generated number for assign an status to a task 1
2024-08-25T10:19:52.125+03:30  INFO 53390 --- [UIdashboard] [main] c.c.uidashboard.schedule.SchedulerUtil   : RandomLocalDateTime created for field CreateAt
2024-08-25T10:19:52.125+03:30  INFO 53390 --- [UIdashboard] [main] c.c.uidashboard.schedule.SchedulerUtil   : generated number for assign an status to a task 4
2024-08-25T10:19:52.125+03:30  INFO 53390 --- [UIdashboard] [main] c.c.uidashboard.schedule.SchedulerUtil   : RandomLocalDateTime created for field CreateAt
2024-08-25T10:19:52.125+03:30  INFO 53390 --- [UIdashboard] [main] c.c.uidashboard.schedule.SchedulerUtil   : generated number for assign an status to a task 3
2024-08-25T10:19:52.125+03:30  INFO 53390 --- [UIdashboard] [main] c.c.uidashboard.schedule.SchedulerUtil   : RandomLocalDateTime created for field CreateAt
2024-08-25T10:19:52.125+03:30  INFO 53390 --- [UIdashboard] [main] c.c.uidashboard.schedule.SchedulerUtil   : generated number for assign an status to a task 4
2024-08-25T10:19:52.125+03:30  INFO 53390 --- [UIdashboard] [main] c.c.uidashboard.schedule.SchedulerUtil   : RandomLocalDateTime created for field CreateAt
2024-08-25T10:19:52.138+03:30  INFO 53390 --- [UIdashboard] [main] c.c.u.schedule.StartupListener           : Application is ready. initial new Tasks...
2024-08-25T10:19:52.140+03:30  INFO 53390 --- [UIdashboard] [main] c.c.u.schedule.StartupListener           : new task: Task 1
2024-08-25T10:19:52.141+03:30  INFO 53390 --- [UIdashboard] [main] c.c.u.schedule.StartupListener           : new task: Task 2
2024-08-25T10:19:52.141+03:30  INFO 53390 --- [UIdashboard] [main] c.c.u.schedule.StartupListener           : new task: Task 3
2024-08-25T10:19:52.141+03:30  INFO 53390 --- [UIdashboard] [main] c.c.u.schedule.StartupListener           : new task: Task 4
2024-08-25T10:20:42.013+03:30  INFO 53390 --- [UIdashboard] [scheduling-1] c.ceadar.uidashboard.schedule.Scheduler  : add new batch task to database in 2024-08-25T10:20:42.013423
2024-08-25T10:20:42.024+03:30  INFO 53390 --- [UIdashboard] [scheduling-1] c.c.uidashboard.schedule.SchedulerUtil   : generate new task
2024-08-25T10:20:42.027+03:30  INFO 53390 --- [UIdashboard] [scheduling-1] c.c.uidashboard.schedule.SchedulerUtil   : generated number for assign an status to a task 4
2024-08-25T10:20:42.027+03:30  INFO 53390 --- [UIdashboard] [scheduling-1] c.c.uidashboard.schedule.SchedulerUtil   : RandomLocalDateTime created for field CreateAt
2024-08-25T10:20:42.027+03:30  INFO 53390 --- [UIdashboard] [scheduling-1] c.c.uidashboard.schedule.SchedulerUtil   : generated number for assign an status to a task 4
2024-08-25T10:20:42.027+03:30  INFO 53390 --- [UIdashboard] [scheduling-1] c.c.uidashboard.schedule.SchedulerUtil   : RandomLocalDateTime created for field CreateAt
2024-08-25T10:20:42.027+03:30  INFO 53390 --- [UIdashboard] [scheduling-1] c.c.uidashboard.schedule.SchedulerUtil   : generated number for assign an status to a task 3
2024-08-25T10:20:42.027+03:30  INFO 53390 --- [UIdashboard] [scheduling-1] c.c.uidashboard.schedule.SchedulerUtil   : RandomLocalDateTime created for field CreateAt
2024-08-25T10:20:42.028+03:30  INFO 53390 --- [UIdashboard] [scheduling-1] c.c.uidashboard.schedule.SchedulerUtil   : generated number for assign an status to a task 0
2024-08-25T10:20:42.028+03:30  INFO 53390 --- [UIdashboard] [scheduling-1] c.c.uidashboard.schedule.SchedulerUtil   : RandomLocalDateTime created for field CreateAt
2024-08-25T10:20:42.031+03:30  INFO 53390 --- [UIdashboard] [scheduling-1] c.ceadar.uidashboard.schedule.Scheduler  : add new batch task finished in 2024-08-25T10:20:42.031170
2024-08-25T10:20:52.019+03:30  INFO 53390 --- [UIdashboard] [scheduling-1] c.ceadar.uidashboard.schedule.Scheduler  : tasks fetching from database for update count: 8
2024-08-25T10:20:52.020+03:30  INFO 53390 --- [UIdashboard] [scheduling-1] c.c.uidashboard.schedule.SchedulerUtil   : generated number for assign an status to a task 4
2024-08-25T10:20:52.020+03:30  INFO 53390 --- [UIdashboard] [scheduling-1] c.c.uidashboard.service.TaskService      : updating, task id: 1
2024-08-25T10:20:52.040+03:30 DEBUG 53390 --- [UIdashboard] [scheduling-1] c.ceadar.uidashboard.schedule.Scheduler  : task 1 , Task 1 is updated
2024-08-25T10:20:52.040+03:30  INFO 53390 --- [UIdashboard] [scheduling-1] c.c.uidashboard.schedule.SchedulerUtil   : generated number for assign an status to a task 0
2024-08-25T10:20:52.040+03:30  INFO 53390 --- [UIdashboard] [scheduling-1] c.c.uidashboard.service.TaskService      : updating, task id: 2
2024-08-25T10:20:52.041+03:30 DEBUG 53390 --- [UIdashboard] [scheduling-1] c.ceadar.uidashboard.schedule.Scheduler  : task 2 , Task 2 is updated
2024-08-25T10:20:52.041+03:30  INFO 53390 --- [UIdashboard] [scheduling-1] c.c.uidashboard.schedule.SchedulerUtil   : generated number for assign an status to a task 1
2024-08-25T10:20:52.041+03:30  INFO 53390 --- [UIdashboard] [scheduling-1] c.c.uidashboard.service.TaskService      : updating, task id: 3
2024-08-25T10:20:52.043+03:30 DEBUG 53390 --- [UIdashboard] [scheduling-1] c.ceadar.uidashboard.schedule.Scheduler  : task 3 , Task 3 is updated
2024-08-25T10:20:52.043+03:30  INFO 53390 --- [UIdashboard] [scheduling-1] c.c.uidashboard.schedule.SchedulerUtil   : generated number for assign an status to a task 3
2024-08-25T10:20:52.043+03:30  INFO 53390 --- [UIdashboard] [scheduling-1] c.c.uidashboard.service.TaskService      : updating, task id: 4
2024-08-25T10:20:52.044+03:30 DEBUG 53390 --- [UIdashboard] [scheduling-1] c.ceadar.uidashboard.schedule.Scheduler  : task 4 , Task 4 is updated
2024-08-25T10:20:52.044+03:30  INFO 53390 --- [UIdashboard] [scheduling-1] c.c.uidashboard.schedule.SchedulerUtil   : generated number for assign an status to a task 4
2024-08-25T10:20:52.044+03:30  INFO 53390 --- [UIdashboard] [scheduling-1] c.c.uidashboard.service.TaskService      : updating, task id: 5
2024-08-25T10:20:52.045+03:30 DEBUG 53390 --- [UIdashboard] [scheduling-1] c.ceadar.uidashboard.schedule.Scheduler  : task 5 , Task 5 is updated
2024-08-25T10:20:52.045+03:30  INFO 53390 --- [UIdashboard] [scheduling-1] c.c.uidashboard.schedule.SchedulerUtil   : generated number for assign an status to a task 3
2024-08-25T10:20:52.045+03:30  INFO 53390 --- [UIdashboard] [scheduling-1] c.c.uidashboard.service.TaskService      : updating, task id: 6
2024-08-25T10:20:52.046+03:30 DEBUG 53390 --- [UIdashboard] [scheduling-1] c.ceadar.uidashboard.schedule.Scheduler  : task 6 , Task 6 is updated
2024-08-25T10:20:52.046+03:30  INFO 53390 --- [UIdashboard] [scheduling-1] c.c.uidashboard.schedule.SchedulerUtil   : generated number for assign an status to a task 0
2024-08-25T10:20:52.046+03:30  INFO 53390 --- [UIdashboard] [scheduling-1] c.c.uidashboard.service.TaskService      : updating, task id: 7
2024-08-25T10:20:52.047+03:30 DEBUG 53390 --- [UIdashboard] [scheduling-1] c.ceadar.uidashboard.schedule.Scheduler  : task 7 , Task 7 is updated
2024-08-25T10:20:52.047+03:30  INFO 53390 --- [UIdashboard] [scheduling-1] c.c.uidashboard.schedule.SchedulerUtil   : generated number for assign an status to a task 0
2024-08-25T10:20:52.047+03:30  INFO 53390 --- [UIdashboard] [scheduling-1] c.c.uidashboard.service.TaskService      : updating, task id: 8
2024-08-25T10:20:52.048+03:30 DEBUG 53390 --- [UIdashboard] [scheduling-1] c.ceadar.uidashboard.schedule.Scheduler  : task 8 , Task 8 is updated
2024-08-25T10:21:32.077+03:30  INFO 53390 --- [UIdashboard] [scheduling-1] c.ceadar.uidashboard.schedule.Scheduler  : add new batch task to database in 2024-08-25T10:21:32.077444
2024-08-25T10:21:32.086+03:30  INFO 53390 --- [UIdashboard] [scheduling-1] c.c.uidashboard.schedule.SchedulerUtil   : generate new task
2024-08-25T10:21:32.087+03:30  INFO 53390 --- [UIdashboard] [scheduling-1] c.c.uidashboard.schedule.SchedulerUtil   : generated number for assign an status to a task 2
2024-08-25T10:21:32.087+03:30  INFO 53390 --- [UIdashboard] [scheduling-1] c.c.uidashboard.schedule.SchedulerUtil   : RandomLocalDateTime created for field CreateAt
2024-08-25T10:21:32.087+03:30  INFO 53390 --- [UIdashboard] [scheduling-1] c.c.uidashboard.schedule.SchedulerUtil   : generated number for assign an status to a task 3
2024-08-25T10:21:32.087+03:30  INFO 53390 --- [UIdashboard] [scheduling-1] c.c.uidashboard.schedule.SchedulerUtil   : RandomLocalDateTime created for field CreateAt
2024-08-25T10:21:32.087+03:30  INFO 53390 --- [UIdashboard] [scheduling-1] c.c.uidashboard.schedule.SchedulerUtil   : generated number for assign an status to a task 3
2024-08-25T10:21:32.087+03:30  INFO 53390 --- [UIdashboard] [scheduling-1] c.c.uidashboard.schedule.SchedulerUtil   : RandomLocalDateTime created for field CreateAt
2024-08-25T10:21:32.088+03:30  INFO 53390 --- [UIdashboard] [scheduling-1] c.c.uidashboard.schedule.SchedulerUtil   : generated number for assign an status to a task 0
2024-08-25T10:21:32.088+03:30  INFO 53390 --- [UIdashboard] [scheduling-1] c.c.uidashboard.schedule.SchedulerUtil   : RandomLocalDateTime created for field CreateAt
2024-08-25T10:21:32.090+03:30  INFO 53390 --- [UIdashboard] [scheduling-1] c.ceadar.uidashboard.schedule.Scheduler  : add new batch task finished in 2024-08-25T10:21:32.090657
2024-08-25T10:21:52.082+03:30  INFO 53390 --- [UIdashboard] [scheduling-1] c.ceadar.uidashboard.schedule.Scheduler  : tasks fetching from database for update count: 8
2024-08-25T10:21:52.083+03:30  INFO 53390 --- [UIdashboard] [scheduling-1] c.c.uidashboard.schedule.SchedulerUtil   : generated number for assign an status to a task 0
2024-08-25T10:21:52.084+03:30  INFO 53390 --- [UIdashboard] [scheduling-1] c.c.uidashboard.service.TaskService      : updating, task id: 2
2024-08-25T10:21:52.085+03:30 DEBUG 53390 --- [UIdashboard] [scheduling-1] c.ceadar.uidashboard.schedule.Scheduler  : task 2 , Task 2 is updated
2024-08-25T10:21:52.086+03:30  INFO 53390 --- [UIdashboard] [scheduling-1] c.c.uidashboard.schedule.SchedulerUtil   : generated number for assign an status to a task 4
2024-08-25T10:21:52.086+03:30  INFO 53390 --- [UIdashboard] [scheduling-1] c.c.uidashboard.service.TaskService      : updating, task id: 3
2024-08-25T10:21:52.087+03:30 DEBUG 53390 --- [UIdashboard] [scheduling-1] c.ceadar.uidashboard.schedule.Scheduler  : task 3 , Task 3 is updated
2024-08-25T10:21:52.088+03:30  INFO 53390 --- [UIdashboard] [scheduling-1] c.c.uidashboard.schedule.SchedulerUtil   : generated number for assign an status to a task 2
2024-08-25T10:21:52.088+03:30  INFO 53390 --- [UIdashboard] [scheduling-1] c.c.uidashboard.service.TaskService      : updating, task id: 7
2024-08-25T10:21:52.089+03:30 DEBUG 53390 --- [UIdashboard] [scheduling-1] c.ceadar.uidashboard.schedule.Scheduler  : task 7 , Task 7 is updated
2024-08-25T10:21:52.089+03:30  INFO 53390 --- [UIdashboard] [scheduling-1] c.c.uidashboard.schedule.SchedulerUtil   : generated number for assign an status to a task 1
2024-08-25T10:21:52.089+03:30  INFO 53390 --- [UIdashboard] [scheduling-1] c.c.uidashboard.service.TaskService      : updating, task id: 8
2024-08-25T10:21:52.091+03:30 DEBUG 53390 --- [UIdashboard] [scheduling-1] c.ceadar.uidashboard.schedule.Scheduler  : task 8 , Task 8 is updated
2024-08-25T10:21:52.091+03:30  INFO 53390 --- [UIdashboard] [scheduling-1] c.c.uidashboard.schedule.SchedulerUtil   : generated number for assign an status to a task 4
2024-08-25T10:21:52.091+03:30  INFO 53390 --- [UIdashboard] [scheduling-1] c.c.uidashboard.service.TaskService      : updating, task id: 9
2024-08-25T10:21:52.092+03:30 DEBUG 53390 --- [UIdashboard] [scheduling-1] c.ceadar.uidashboard.schedule.Scheduler  : task 9 , Task 9 is updated
2024-08-25T10:21:52.092+03:30  INFO 53390 --- [UIdashboard] [scheduling-1] c.c.uidashboard.schedule.SchedulerUtil   : generated number for assign an status to a task 2
2024-08-25T10:21:52.092+03:30  INFO 53390 --- [UIdashboard] [scheduling-1] c.c.uidashboard.service.TaskService      : updating, task id: 10
2024-08-25T10:21:52.093+03:30 DEBUG 53390 --- [UIdashboard] [scheduling-1] c.ceadar.uidashboard.schedule.Scheduler  : task 10 , Task 10 is updated
2024-08-25T10:21:52.093+03:30  INFO 53390 --- [UIdashboard] [scheduling-1] c.c.uidashboard.schedule.SchedulerUtil   : generated number for assign an status to a task 3
2024-08-25T10:21:52.093+03:30  INFO 53390 --- [UIdashboard] [scheduling-1] c.c.uidashboard.service.TaskService      : updating, task id: 11
2024-08-25T10:21:52.094+03:30 DEBUG 53390 --- [UIdashboard] [scheduling-1] c.ceadar.uidashboard.schedule.Scheduler  : task 11 , Task 11 is updated
2024-08-25T10:21:52.094+03:30  INFO 53390 --- [UIdashboard] [scheduling-1] c.c.uidashboard.schedule.SchedulerUtil   : generated number for assign an status to a task 0
2024-08-25T10:21:52.094+03:30  INFO 53390 --- [UIdashboard] [scheduling-1] c.c.uidashboard.service.TaskService      : updating, task id: 12
2024-08-25T10:21:52.095+03:30 DEBUG 53390 --- [UIdashboard] [scheduling-1] c.ceadar.uidashboard.schedule.Scheduler  : task 12 , Task 12 is updated
2024-08-25T10:22:22.078+03:30  INFO 53390 --- [UIdashboard] [scheduling-1] c.ceadar.uidashboard.schedule.Scheduler  : add new batch task to database in 2024-08-25T10:22:22.078832
2024-08-25T10:22:22.087+03:30  INFO 53390 --- [UIdashboard] [scheduling-1] c.c.uidashboard.schedule.SchedulerUtil   : generate new task
2024-08-25T10:22:22.088+03:30  INFO 53390 --- [UIdashboard] [scheduling-1] c.c.uidashboard.schedule.SchedulerUtil   : generated number for assign an status to a task 2
2024-08-25T10:22:22.089+03:30  INFO 53390 --- [UIdashboard] [scheduling-1] c.c.uidashboard.schedule.SchedulerUtil   : RandomLocalDateTime created for field CreateAt
2024-08-25T10:22:22.089+03:30  INFO 53390 --- [UIdashboard] [scheduling-1] c.c.uidashboard.schedule.SchedulerUtil   : generated number for assign an status to a task 0
2024-08-25T10:22:22.089+03:30  INFO 53390 --- [UIdashboard] [scheduling-1] c.c.uidashboard.schedule.SchedulerUtil   : RandomLocalDateTime created for field CreateAt
2024-08-25T10:22:22.089+03:30  INFO 53390 --- [UIdashboard] [scheduling-1] c.c.uidashboard.schedule.SchedulerUtil   : generated number for assign an status to a task 0
2024-08-25T10:22:22.089+03:30  INFO 53390 --- [UIdashboard] [scheduling-1] c.c.uidashboard.schedule.SchedulerUtil   : RandomLocalDateTime created for field CreateAt
2024-08-25T10:22:22.089+03:30  INFO 53390 --- [UIdashboard] [scheduling-1] c.c.uidashboard.schedule.SchedulerUtil   : generated number for assign an status to a task 3
2024-08-25T10:22:22.090+03:30  INFO 53390 --- [UIdashboard] [scheduling-1] c.c.uidashboard.schedule.SchedulerUtil   : RandomLocalDateTime created for field CreateAt
2024-08-25T10:22:22.094+03:30  INFO 53390 --- [UIdashboard] [scheduling-1] c.ceadar.uidashboard.schedule.Scheduler  : add new batch task finished in 2024-08-25T10:22:22.094063
2024-08-25T10:22:52.095+03:30  INFO 53390 --- [UIdashboard] [scheduling-1] c.ceadar.uidashboard.schedule.Scheduler  : tasks fetching from database for update count: 9
2024-08-25T10:22:52.097+03:30  INFO 53390 --- [UIdashboard] [scheduling-1] c.c.uidashboard.schedule.SchedulerUtil   : generated number for assign an status to a task 2
2024-08-25T10:22:52.097+03:30  INFO 53390 --- [UIdashboard] [scheduling-1] c.c.uidashboard.service.TaskService      : updating, task id: 2
2024-08-25T10:22:52.101+03:30 DEBUG 53390 --- [UIdashboard] [scheduling-1] c.ceadar.uidashboard.schedule.Scheduler  : task 2 , Task 2 is updated
2024-08-25T10:22:52.101+03:30  INFO 53390 --- [UIdashboard] [scheduling-1] c.c.uidashboard.schedule.SchedulerUtil   : generated number for assign an status to a task 1
2024-08-25T10:22:52.101+03:30  INFO 53390 --- [UIdashboard] [scheduling-1] c.c.uidashboard.service.TaskService      : updating, task id: 7
2024-08-25T10:22:52.103+03:30 DEBUG 53390 --- [UIdashboard] [scheduling-1] c.ceadar.uidashboard.schedule.Scheduler  : task 7 , Task 7 is updated
2024-08-25T10:22:52.103+03:30  INFO 53390 --- [UIdashboard] [scheduling-1] c.c.uidashboard.schedule.SchedulerUtil   : generated number for assign an status to a task 2
2024-08-25T10:22:52.103+03:30  INFO 53390 --- [UIdashboard] [scheduling-1] c.c.uidashboard.service.TaskService      : updating, task id: 8
2024-08-25T10:22:52.104+03:30 DEBUG 53390 --- [UIdashboard] [scheduling-1] c.ceadar.uidashboard.schedule.Scheduler  : task 8 , Task 8 is updated
2024-08-25T10:22:52.104+03:30  INFO 53390 --- [UIdashboard] [scheduling-1] c.c.uidashboard.schedule.SchedulerUtil   : generated number for assign an status to a task 4
2024-08-25T10:22:52.104+03:30  INFO 53390 --- [UIdashboard] [scheduling-1] c.c.uidashboard.service.TaskService      : updating, task id: 10
2024-08-25T10:22:52.105+03:30 DEBUG 53390 --- [UIdashboard] [scheduling-1] c.ceadar.uidashboard.schedule.Scheduler  : task 10 , Task 10 is updated
2024-08-25T10:22:52.105+03:30  INFO 53390 --- [UIdashboard] [scheduling-1] c.c.uidashboard.schedule.SchedulerUtil   : generated number for assign an status to a task 4
2024-08-25T10:22:52.105+03:30  INFO 53390 --- [UIdashboard] [scheduling-1] c.c.uidashboard.service.TaskService      : updating, task id: 12
2024-08-25T10:22:52.106+03:30 DEBUG 53390 --- [UIdashboard] [scheduling-1] c.ceadar.uidashboard.schedule.Scheduler  : task 12 , Task 12 is updated
2024-08-25T10:22:52.106+03:30  INFO 53390 --- [UIdashboard] [scheduling-1] c.c.uidashboard.schedule.SchedulerUtil   : generated number for assign an status to a task 0
2024-08-25T10:22:52.106+03:30  INFO 53390 --- [UIdashboard] [scheduling-1] c.c.uidashboard.service.TaskService      : updating, task id: 13
2024-08-25T10:22:52.107+03:30 DEBUG 53390 --- [UIdashboard] [scheduling-1] c.ceadar.uidashboard.schedule.Scheduler  : task 13 , Task 13 is updated
2024-08-25T10:22:52.107+03:30  INFO 53390 --- [UIdashboard] [scheduling-1] c.c.uidashboard.schedule.SchedulerUtil   : generated number for assign an status to a task 0
2024-08-25T10:22:52.107+03:30  INFO 53390 --- [UIdashboard] [scheduling-1] c.c.uidashboard.service.TaskService      : updating, task id: 14
2024-08-25T10:22:52.108+03:30 DEBUG 53390 --- [UIdashboard] [scheduling-1] c.ceadar.uidashboard.schedule.Scheduler  : task 14 , Task 14 is updated
2024-08-25T10:22:52.108+03:30  INFO 53390 --- [UIdashboard] [scheduling-1] c.c.uidashboard.schedule.SchedulerUtil   : generated number for assign an status to a task 4
2024-08-25T10:22:52.108+03:30  INFO 53390 --- [UIdashboard] [scheduling-1] c.c.uidashboard.service.TaskService      : updating, task id: 15
2024-08-25T10:22:52.109+03:30 DEBUG 53390 --- [UIdashboard] [scheduling-1] c.ceadar.uidashboard.schedule.Scheduler  : task 15 , Task 15 is updated
2024-08-25T10:22:52.109+03:30  INFO 53390 --- [UIdashboard] [scheduling-1] c.c.uidashboard.schedule.SchedulerUtil   : generated number for assign an status to a task 3
2024-08-25T10:22:52.109+03:30  INFO 53390 --- [UIdashboard] [scheduling-1] c.c.uidashboard.service.TaskService      : updating, task id: 16
2024-08-25T10:22:52.110+03:30 DEBUG 53390 --- [UIdashboard] [scheduling-1] c.ceadar.uidashboard.schedule.Scheduler  : task 16 , Task 16 is updated
2024-08-25T10:23:12.079+03:30  INFO 53390 --- [UIdashboard] [scheduling-1] c.ceadar.uidashboard.schedule.Scheduler  : add new batch task to database in 2024-08-25T10:23:12.079399
2024-08-25T10:23:12.089+03:30  INFO 53390 --- [UIdashboard] [scheduling-1] c.c.uidashboard.schedule.SchedulerUtil   : generate new task
2024-08-25T10:23:12.091+03:30  INFO 53390 --- [UIdashboard] [scheduling-1] c.c.uidashboard.schedule.SchedulerUtil   : generated number for assign an status to a task 3
2024-08-25T10:23:12.091+03:30  INFO 53390 --- [UIdashboard] [scheduling-1] c.c.uidashboard.schedule.SchedulerUtil   : RandomLocalDateTime created for field CreateAt
2024-08-25T10:23:12.091+03:30  INFO 53390 --- [UIdashboard] [scheduling-1] c.c.uidashboard.schedule.SchedulerUtil   : generated number for assign an status to a task 0
2024-08-25T10:23:12.091+03:30  INFO 53390 --- [UIdashboard] [scheduling-1] c.c.uidashboard.schedule.SchedulerUtil   : RandomLocalDateTime created for field CreateAt
2024-08-25T10:23:12.091+03:30  INFO 53390 --- [UIdashboard] [scheduling-1] c.c.uidashboard.schedule.SchedulerUtil   : generated number for assign an status to a task 2
2024-08-25T10:23:12.091+03:30  INFO 53390 --- [UIdashboard] [scheduling-1] c.c.uidashboard.schedule.SchedulerUtil   : RandomLocalDateTime created for field CreateAt
2024-08-25T10:23:12.091+03:30  INFO 53390 --- [UIdashboard] [scheduling-1] c.c.uidashboard.schedule.SchedulerUtil   : generated number for assign an status to a task 1
2024-08-25T10:23:12.091+03:30  INFO 53390 --- [UIdashboard] [scheduling-1] c.c.uidashboard.schedule.SchedulerUtil   : RandomLocalDateTime created for field CreateAt
2024-08-25T10:23:12.096+03:30  INFO 53390 --- [UIdashboard] [scheduling-1] c.ceadar.uidashboard.schedule.Scheduler  : add new batch task finished in 2024-08-25T10:23:12.096181
2024-08-25T10:23:52.084+03:30  INFO 53390 --- [UIdashboard] [scheduling-1] c.ceadar.uidashboard.schedule.Scheduler  : tasks fetching from database for update count: 9
2024-08-25T10:23:52.086+03:30  INFO 53390 --- [UIdashboard] [scheduling-1] c.c.uidashboard.schedule.SchedulerUtil   : generated number for assign an status to a task 3
2024-08-25T10:23:52.086+03:30  INFO 53390 --- [UIdashboard] [scheduling-1] c.c.uidashboard.service.TaskService      : updating, task id: 2
2024-08-25T10:23:52.089+03:30 DEBUG 53390 --- [UIdashboard] [scheduling-1] c.ceadar.uidashboard.schedule.Scheduler  : task 2 , Task 2 is updated
2024-08-25T10:23:52.089+03:30  INFO 53390 --- [UIdashboard] [scheduling-1] c.c.uidashboard.schedule.SchedulerUtil   : generated number for assign an status to a task 3
2024-08-25T10:23:52.089+03:30  INFO 53390 --- [UIdashboard] [scheduling-1] c.c.uidashboard.service.TaskService      : updating, task id: 7
2024-08-25T10:23:52.090+03:30 DEBUG 53390 --- [UIdashboard] [scheduling-1] c.ceadar.uidashboard.schedule.Scheduler  : task 7 , Task 7 is updated
2024-08-25T10:23:52.090+03:30  INFO 53390 --- [UIdashboard] [scheduling-1] c.c.uidashboard.schedule.SchedulerUtil   : generated number for assign an status to a task 2
2024-08-25T10:23:52.090+03:30  INFO 53390 --- [UIdashboard] [scheduling-1] c.c.uidashboard.service.TaskService      : updating, task id: 8
2024-08-25T10:23:52.091+03:30 DEBUG 53390 --- [UIdashboard] [scheduling-1] c.ceadar.uidashboard.schedule.Scheduler  : task 8 , Task 8 is updated
2024-08-25T10:23:52.091+03:30  INFO 53390 --- [UIdashboard] [scheduling-1] c.c.uidashboard.schedule.SchedulerUtil   : generated number for assign an status to a task 1
2024-08-25T10:23:52.091+03:30  INFO 53390 --- [UIdashboard] [scheduling-1] c.c.uidashboard.service.TaskService      : updating, task id: 13
2024-08-25T10:23:52.093+03:30 DEBUG 53390 --- [UIdashboard] [scheduling-1] c.ceadar.uidashboard.schedule.Scheduler  : task 13 , Task 13 is updated
2024-08-25T10:23:52.093+03:30  INFO 53390 --- [UIdashboard] [scheduling-1] c.c.uidashboard.schedule.SchedulerUtil   : generated number for assign an status to a task 4
2024-08-25T10:23:52.093+03:30  INFO 53390 --- [UIdashboard] [scheduling-1] c.c.uidashboard.service.TaskService      : updating, task id: 14
2024-08-25T10:23:52.094+03:30 DEBUG 53390 --- [UIdashboard] [scheduling-1] c.ceadar.uidashboard.schedule.Scheduler  : task 14 , Task 14 is updated
2024-08-25T10:23:52.094+03:30  INFO 53390 --- [UIdashboard] [scheduling-1] c.c.uidashboard.schedule.SchedulerUtil   : generated number for assign an status to a task 3
2024-08-25T10:23:52.094+03:30  INFO 53390 --- [UIdashboard] [scheduling-1] c.c.uidashboard.service.TaskService      : updating, task id: 17
2024-08-25T10:23:52.095+03:30 DEBUG 53390 --- [UIdashboard] [scheduling-1] c.ceadar.uidashboard.schedule.Scheduler  : task 17 , Task 17 is updated
2024-08-25T10:23:52.096+03:30  INFO 53390 --- [UIdashboard] [scheduling-1] c.c.uidashboard.schedule.SchedulerUtil   : generated number for assign an status to a task 4
2024-08-25T10:23:52.096+03:30  INFO 53390 --- [UIdashboard] [scheduling-1] c.c.uidashboard.service.TaskService      : updating, task id: 18
2024-08-25T10:23:52.097+03:30 DEBUG 53390 --- [UIdashboard] [scheduling-1] c.ceadar.uidashboard.schedule.Scheduler  : task 18 , Task 18 is updated
2024-08-25T10:23:52.097+03:30  INFO 53390 --- [UIdashboard] [scheduling-1] c.c.uidashboard.schedule.SchedulerUtil   : generated number for assign an status to a task 4
2024-08-25T10:23:52.097+03:30  INFO 53390 --- [UIdashboard] [scheduling-1] c.c.uidashboard.service.TaskService      : updating, task id: 19
2024-08-25T10:23:52.098+03:30 DEBUG 53390 --- [UIdashboard] [scheduling-1] c.ceadar.uidashboard.schedule.Scheduler  : task 19 , Task 19 is updated
2024-08-25T10:23:52.098+03:30  INFO 53390 --- [UIdashboard] [scheduling-1] c.c.uidashboard.schedule.SchedulerUtil   : generated number for assign an status to a task 0
2024-08-25T10:23:52.098+03:30  INFO 53390 --- [UIdashboard] [scheduling-1] c.c.uidashboard.service.TaskService      : updating, task id: 20
2024-08-25T10:23:52.099+03:30 DEBUG 53390 --- [UIdashboard] [scheduling-1] c.ceadar.uidashboard.schedule.Scheduler  : task 20 , Task 20 is updated
2024-08-25T10:24:02.074+03:30  INFO 53390 --- [UIdashboard] [scheduling-1] c.ceadar.uidashboard.schedule.Scheduler  : add new batch task to database in 2024-08-25T10:24:02.074427
2024-08-25T10:24:02.085+03:30  INFO 53390 --- [UIdashboard] [scheduling-1] c.c.uidashboard.schedule.SchedulerUtil   : generate new task
2024-08-25T10:24:02.086+03:30  INFO 53390 --- [UIdashboard] [scheduling-1] c.c.uidashboard.schedule.SchedulerUtil   : generated number for assign an status to a task 2
2024-08-25T10:24:02.087+03:30  INFO 53390 --- [UIdashboard] [scheduling-1] c.c.uidashboard.schedule.SchedulerUtil   : RandomLocalDateTime created for field CreateAt
2024-08-25T10:24:02.087+03:30  INFO 53390 --- [UIdashboard] [scheduling-1] c.c.uidashboard.schedule.SchedulerUtil   : generated number for assign an status to a task 4
2024-08-25T10:24:02.087+03:30  INFO 53390 --- [UIdashboard] [scheduling-1] c.c.uidashboard.schedule.SchedulerUtil   : RandomLocalDateTime created for field CreateAt
2024-08-25T10:24:02.087+03:30  INFO 53390 --- [UIdashboard] [scheduling-1] c.c.uidashboard.schedule.SchedulerUtil   : generated number for assign an status to a task 4
2024-08-25T10:24:02.087+03:30  INFO 53390 --- [UIdashboard] [scheduling-1] c.c.uidashboard.schedule.SchedulerUtil   : RandomLocalDateTime created for field CreateAt
2024-08-25T10:24:02.087+03:30  INFO 53390 --- [UIdashboard] [scheduling-1] c.c.uidashboard.schedule.SchedulerUtil   : generated number for assign an status to a task 1
2024-08-25T10:24:02.087+03:30  INFO 53390 --- [UIdashboard] [scheduling-1] c.c.uidashboard.schedule.SchedulerUtil   : RandomLocalDateTime created for field CreateAt
2024-08-25T10:24:02.089+03:30  INFO 53390 --- [UIdashboard] [scheduling-1] c.ceadar.uidashboard.schedule.Scheduler  : add new batch task finished in 2024-08-25T10:24:02.089803
2024-08-25T10:24:52.086+03:30  INFO 53390 --- [UIdashboard] [scheduling-1] c.ceadar.uidashboard.schedule.Scheduler  : tasks fetching from database for update count: 7
2024-08-25T10:24:52.088+03:30  INFO 53390 --- [UIdashboard] [scheduling-1] c.c.uidashboard.schedule.SchedulerUtil   : generated number for assign an status to a task 1
2024-08-25T10:24:52.088+03:30  INFO 53390 --- [UIdashboard] [scheduling-1] c.c.uidashboard.service.TaskService      : updating, task id: 8
2024-08-25T10:24:52.091+03:30 DEBUG 53390 --- [UIdashboard] [scheduling-1] c.ceadar.uidashboard.schedule.Scheduler  : task 8 , Task 8 is updated
2024-08-25T10:24:52.091+03:30  INFO 53390 --- [UIdashboard] [scheduling-1] c.c.uidashboard.schedule.SchedulerUtil   : generated number for assign an status to a task 4
2024-08-25T10:24:52.091+03:30  INFO 53390 --- [UIdashboard] [scheduling-1] c.c.uidashboard.service.TaskService      : updating, task id: 13
2024-08-25T10:24:52.092+03:30 DEBUG 53390 --- [UIdashboard] [scheduling-1] c.ceadar.uidashboard.schedule.Scheduler  : task 13 , Task 13 is updated
2024-08-25T10:24:52.092+03:30  INFO 53390 --- [UIdashboard] [scheduling-1] c.c.uidashboard.schedule.SchedulerUtil   : generated number for assign an status to a task 4
2024-08-25T10:24:52.092+03:30  INFO 53390 --- [UIdashboard] [scheduling-1] c.c.uidashboard.service.TaskService      : updating, task id: 20
2024-08-25T10:24:52.094+03:30 DEBUG 53390 --- [UIdashboard] [scheduling-1] c.ceadar.uidashboard.schedule.Scheduler  : task 20 , Task 20 is updated
2024-08-25T10:24:52.094+03:30  INFO 53390 --- [UIdashboard] [scheduling-1] c.c.uidashboard.schedule.SchedulerUtil   : generated number for assign an status to a task 2
2024-08-25T10:24:52.094+03:30  INFO 53390 --- [UIdashboard] [scheduling-1] c.c.uidashboard.service.TaskService      : updating, task id: 21
2024-08-25T10:24:52.095+03:30 DEBUG 53390 --- [UIdashboard] [scheduling-1] c.ceadar.uidashboard.schedule.Scheduler  : task 21 , Task 21 is updated
2024-08-25T10:24:52.095+03:30  INFO 53390 --- [UIdashboard] [scheduling-1] c.c.uidashboard.schedule.SchedulerUtil   : generated number for assign an status to a task 1
2024-08-25T10:24:52.095+03:30  INFO 53390 --- [UIdashboard] [scheduling-1] c.c.uidashboard.service.TaskService      : updating, task id: 22
2024-08-25T10:24:52.096+03:30 DEBUG 53390 --- [UIdashboard] [scheduling-1] c.ceadar.uidashboard.schedule.Scheduler  : task 22 , Task 22 is updated
2024-08-25T10:24:52.096+03:30  INFO 53390 --- [UIdashboard] [scheduling-1] c.c.uidashboard.schedule.SchedulerUtil   : generated number for assign an status to a task 0
2024-08-25T10:24:52.096+03:30  INFO 53390 --- [UIdashboard] [scheduling-1] c.c.uidashboard.service.TaskService      : updating, task id: 23
2024-08-25T10:24:52.097+03:30 DEBUG 53390 --- [UIdashboard] [scheduling-1] c.ceadar.uidashboard.schedule.Scheduler  : task 23 , Task 23 is updated
2024-08-25T10:24:52.097+03:30  INFO 53390 --- [UIdashboard] [scheduling-1] c.c.uidashboard.schedule.SchedulerUtil   : generated number for assign an status to a task 2
2024-08-25T10:24:52.097+03:30  INFO 53390 --- [UIdashboard] [scheduling-1] c.c.uidashboard.service.TaskService      : updating, task id: 24
2024-08-25T10:24:52.098+03:30 DEBUG 53390 --- [UIdashboard] [scheduling-1] c.ceadar.uidashboard.schedule.Scheduler  : task 24 , Task 24 is updated
2024-08-25T10:24:52.098+03:30  INFO 53390 --- [UIdashboard] [scheduling-1] c.ceadar.uidashboard.schedule.Scheduler  : add new batch task to database in 2024-08-25T10:24:52.098618
2024-08-25T10:24:52.101+03:30  INFO 53390 --- [UIdashboard] [scheduling-1] c.c.uidashboard.schedule.SchedulerUtil   : generate new task
2024-08-25T10:24:52.102+03:30  INFO 53390 --- [UIdashboard] [scheduling-1] c.c.uidashboard.schedule.SchedulerUtil   : generated number for assign an status to a task 3
2024-08-25T10:24:52.102+03:30  INFO 53390 --- [UIdashboard] [scheduling-1] c.c.uidashboard.schedule.SchedulerUtil   : RandomLocalDateTime created for field CreateAt
2024-08-25T10:24:52.102+03:30  INFO 53390 --- [UIdashboard] [scheduling-1] c.c.uidashboard.schedule.SchedulerUtil   : generated number for assign an status to a task 1
2024-08-25T10:24:52.102+03:30  INFO 53390 --- [UIdashboard] [scheduling-1] c.c.uidashboard.schedule.SchedulerUtil   : RandomLocalDateTime created for field CreateAt
2024-08-25T10:24:52.102+03:30  INFO 53390 --- [UIdashboard] [scheduling-1] c.c.uidashboard.schedule.SchedulerUtil   : generated number for assign an status to a task 4
2024-08-25T10:24:52.102+03:30  INFO 53390 --- [UIdashboard] [scheduling-1] c.c.uidashboard.schedule.SchedulerUtil   : RandomLocalDateTime created for field CreateAt
2024-08-25T10:24:52.102+03:30  INFO 53390 --- [UIdashboard] [scheduling-1] c.c.uidashboard.schedule.SchedulerUtil   : generated number for assign an status to a task 3
2024-08-25T10:24:52.102+03:30  INFO 53390 --- [UIdashboard] [scheduling-1] c.c.uidashboard.schedule.SchedulerUtil   : RandomLocalDateTime created for field CreateAt
2024-08-25T10:24:52.103+03:30  INFO 53390 --- [UIdashboard] [scheduling-1] c.ceadar.uidashboard.schedule.Scheduler  : add new batch task finished in 2024-08-25T10:24:52.103912
2024-08-25T10:25:42.074+03:30  INFO 53390 --- [UIdashboard] [scheduling-1] c.ceadar.uidashboard.schedule.Scheduler  : add new batch task to database in 2024-08-25T10:25:42.074322
2024-08-25T10:25:42.085+03:30  INFO 53390 --- [UIdashboard] [scheduling-1] c.c.uidashboard.schedule.SchedulerUtil   : generate new task
2024-08-25T10:25:42.086+03:30  INFO 53390 --- [UIdashboard] [scheduling-1] c.c.uidashboard.schedule.SchedulerUtil   : generated number for assign an status to a task 2
2024-08-25T10:25:42.087+03:30  INFO 53390 --- [UIdashboard] [scheduling-1] c.c.uidashboard.schedule.SchedulerUtil   : RandomLocalDateTime created for field CreateAt
2024-08-25T10:25:42.087+03:30  INFO 53390 --- [UIdashboard] [scheduling-1] c.c.uidashboard.schedule.SchedulerUtil   : generated number for assign an status to a task 0
2024-08-25T10:25:42.087+03:30  INFO 53390 --- [UIdashboard] [scheduling-1] c.c.uidashboard.schedule.SchedulerUtil   : RandomLocalDateTime created for field CreateAt
2024-08-25T10:25:42.087+03:30  INFO 53390 --- [UIdashboard] [scheduling-1] c.c.uidashboard.schedule.SchedulerUtil   : generated number for assign an status to a task 1
2024-08-25T10:25:42.087+03:30  INFO 53390 --- [UIdashboard] [scheduling-1] c.c.uidashboard.schedule.SchedulerUtil   : RandomLocalDateTime created for field CreateAt
2024-08-25T10:25:42.087+03:30  INFO 53390 --- [UIdashboard] [scheduling-1] c.c.uidashboard.schedule.SchedulerUtil   : generated number for assign an status to a task 3
2024-08-25T10:25:42.087+03:30  INFO 53390 --- [UIdashboard] [scheduling-1] c.c.uidashboard.schedule.SchedulerUtil   : RandomLocalDateTime created for field CreateAt
2024-08-25T10:25:42.089+03:30  INFO 53390 --- [UIdashboard] [scheduling-1] c.ceadar.uidashboard.schedule.Scheduler  : add new batch task finished in 2024-08-25T10:25:42.089788
2024-08-25T10:25:52.081+03:30  INFO 53390 --- [UIdashboard] [scheduling-1] c.ceadar.uidashboard.schedule.Scheduler  : tasks fetching from database for update count: 13
2024-08-25T10:25:52.083+03:30  INFO 53390 --- [UIdashboard] [scheduling-1] c.c.uidashboard.schedule.SchedulerUtil   : generated number for assign an status to a task 3
2024-08-25T10:25:52.083+03:30  INFO 53390 --- [UIdashboard] [scheduling-1] c.c.uidashboard.service.TaskService      : updating, task id: 8
2024-08-25T10:25:52.085+03:30 DEBUG 53390 --- [UIdashboard] [scheduling-1] c.ceadar.uidashboard.schedule.Scheduler  : task 8 , Task 8 is updated
2024-08-25T10:25:52.085+03:30  INFO 53390 --- [UIdashboard] [scheduling-1] c.c.uidashboard.schedule.SchedulerUtil   : generated number for assign an status to a task 4
2024-08-25T10:25:52.085+03:30  INFO 53390 --- [UIdashboard] [scheduling-1] c.c.uidashboard.service.TaskService      : updating, task id: 21
2024-08-25T10:25:52.086+03:30 DEBUG 53390 --- [UIdashboard] [scheduling-1] c.ceadar.uidashboard.schedule.Scheduler  : task 21 , Task 21 is updated
2024-08-25T10:25:52.086+03:30  INFO 53390 --- [UIdashboard] [scheduling-1] c.c.uidashboard.schedule.SchedulerUtil   : generated number for assign an status to a task 0
2024-08-25T10:25:52.086+03:30  INFO 53390 --- [UIdashboard] [scheduling-1] c.c.uidashboard.service.TaskService      : updating, task id: 22
2024-08-25T10:25:52.087+03:30 DEBUG 53390 --- [UIdashboard] [scheduling-1] c.ceadar.uidashboard.schedule.Scheduler  : task 22 , Task 22 is updated
2024-08-25T10:25:52.088+03:30  INFO 53390 --- [UIdashboard] [scheduling-1] c.c.uidashboard.schedule.SchedulerUtil   : generated number for assign an status to a task 1
2024-08-25T10:25:52.088+03:30  INFO 53390 --- [UIdashboard] [scheduling-1] c.c.uidashboard.service.TaskService      : updating, task id: 23
2024-08-25T10:25:52.089+03:30 DEBUG 53390 --- [UIdashboard] [scheduling-1] c.ceadar.uidashboard.schedule.Scheduler  : task 23 , Task 23 is updated
2024-08-25T10:25:52.089+03:30  INFO 53390 --- [UIdashboard] [scheduling-1] c.c.uidashboard.schedule.SchedulerUtil   : generated number for assign an status to a task 1
2024-08-25T10:25:52.089+03:30  INFO 53390 --- [UIdashboard] [scheduling-1] c.c.uidashboard.service.TaskService      : updating, task id: 24
2024-08-25T10:25:52.090+03:30 DEBUG 53390 --- [UIdashboard] [scheduling-1] c.ceadar.uidashboard.schedule.Scheduler  : task 24 , Task 24 is updated
2024-08-25T10:25:52.090+03:30  INFO 53390 --- [UIdashboard] [scheduling-1] c.c.uidashboard.schedule.SchedulerUtil   : generated number for assign an status to a task 0
2024-08-25T10:25:52.090+03:30  INFO 53390 --- [UIdashboard] [scheduling-1] c.c.uidashboard.service.TaskService      : updating, task id: 25
2024-08-25T10:25:52.091+03:30 DEBUG 53390 --- [UIdashboard] [scheduling-1] c.ceadar.uidashboard.schedule.Scheduler  : task 25 , Task 25 is updated
2024-08-25T10:25:52.091+03:30  INFO 53390 --- [UIdashboard] [scheduling-1] c.c.uidashboard.schedule.SchedulerUtil   : generated number for assign an status to a task 3
2024-08-25T10:25:52.091+03:30  INFO 53390 --- [UIdashboard] [scheduling-1] c.c.uidashboard.service.TaskService      : updating, task id: 26
2024-08-25T10:25:52.092+03:30 DEBUG 53390 --- [UIdashboard] [scheduling-1] c.ceadar.uidashboard.schedule.Scheduler  : task 26 , Task 26 is updated
2024-08-25T10:25:52.092+03:30  INFO 53390 --- [UIdashboard] [scheduling-1] c.c.uidashboard.schedule.SchedulerUtil   : generated number for assign an status to a task 0
2024-08-25T10:25:52.092+03:30  INFO 53390 --- [UIdashboard] [scheduling-1] c.c.uidashboard.service.TaskService      : updating, task id: 27
2024-08-25T10:25:52.093+03:30 DEBUG 53390 --- [UIdashboard] [scheduling-1] c.ceadar.uidashboard.schedule.Scheduler  : task 27 , Task 27 is updated
2024-08-25T10:25:52.093+03:30  INFO 53390 --- [UIdashboard] [scheduling-1] c.c.uidashboard.schedule.SchedulerUtil   : generated number for assign an status to a task 2
2024-08-25T10:25:52.093+03:30  INFO 53390 --- [UIdashboard] [scheduling-1] c.c.uidashboard.service.TaskService      : updating, task id: 28
2024-08-25T10:25:52.093+03:30 DEBUG 53390 --- [UIdashboard] [scheduling-1] c.ceadar.uidashboard.schedule.Scheduler  : task 28 , Task 28 is updated
2024-08-25T10:25:52.093+03:30  INFO 53390 --- [UIdashboard] [scheduling-1] c.c.uidashboard.schedule.SchedulerUtil   : generated number for assign an status to a task 2
2024-08-25T10:25:52.093+03:30  INFO 53390 --- [UIdashboard] [scheduling-1] c.c.uidashboard.service.TaskService      : updating, task id: 29
2024-08-25T10:25:52.094+03:30 DEBUG 53390 --- [UIdashboard] [scheduling-1] c.ceadar.uidashboard.schedule.Scheduler  : task 29 , Task 29 is updated
2024-08-25T10:25:52.094+03:30  INFO 53390 --- [UIdashboard] [scheduling-1] c.c.uidashboard.schedule.SchedulerUtil   : generated number for assign an status to a task 3
2024-08-25T10:25:52.094+03:30  INFO 53390 --- [UIdashboard] [scheduling-1] c.c.uidashboard.service.TaskService      : updating, task id: 30
2024-08-25T10:25:52.095+03:30 DEBUG 53390 --- [UIdashboard] [scheduling-1] c.ceadar.uidashboard.schedule.Scheduler  : task 30 , Task 30 is updated
2024-08-25T10:25:52.095+03:30  INFO 53390 --- [UIdashboard] [scheduling-1] c.c.uidashboard.schedule.SchedulerUtil   : generated number for assign an status to a task 4
2024-08-25T10:25:52.095+03:30  INFO 53390 --- [UIdashboard] [scheduling-1] c.c.uidashboard.service.TaskService      : updating, task id: 31
2024-08-25T10:25:52.096+03:30 DEBUG 53390 --- [UIdashboard] [scheduling-1] c.ceadar.uidashboard.schedule.Scheduler  : task 31 , Task 31 is updated
2024-08-25T10:25:52.096+03:30  INFO 53390 --- [UIdashboard] [scheduling-1] c.c.uidashboard.schedule.SchedulerUtil   : generated number for assign an status to a task 2
2024-08-25T10:25:52.096+03:30  INFO 53390 --- [UIdashboard] [scheduling-1] c.c.uidashboard.service.TaskService      : updating, task id: 32
2024-08-25T10:25:52.097+03:30 DEBUG 53390 --- [UIdashboard] [scheduling-1] c.ceadar.uidashboard.schedule.Scheduler  : task 32 , Task 32 is updated
2024-08-25T10:26:32.074+03:30  INFO 53390 --- [UIdashboard] [scheduling-1] c.ceadar.uidashboard.schedule.Scheduler  : add new batch task to database in 2024-08-25T10:26:32.074848
2024-08-25T10:26:32.089+03:30  INFO 53390 --- [UIdashboard] [scheduling-1] c.c.uidashboard.schedule.SchedulerUtil   : generate new task
2024-08-25T10:26:32.090+03:30  INFO 53390 --- [UIdashboard] [scheduling-1] c.c.uidashboard.schedule.SchedulerUtil   : generated number for assign an status to a task 3
2024-08-25T10:26:32.090+03:30  INFO 53390 --- [UIdashboard] [scheduling-1] c.c.uidashboard.schedule.SchedulerUtil   : RandomLocalDateTime created for field CreateAt
2024-08-25T10:26:32.090+03:30  INFO 53390 --- [UIdashboard] [scheduling-1] c.c.uidashboard.schedule.SchedulerUtil   : generated number for assign an status to a task 0
2024-08-25T10:26:32.090+03:30  INFO 53390 --- [UIdashboard] [scheduling-1] c.c.uidashboard.schedule.SchedulerUtil   : RandomLocalDateTime created for field CreateAt
2024-08-25T10:26:32.090+03:30  INFO 53390 --- [UIdashboard] [scheduling-1] c.c.uidashboard.schedule.SchedulerUtil   : generated number for assign an status to a task 2
2024-08-25T10:26:32.090+03:30  INFO 53390 --- [UIdashboard] [scheduling-1] c.c.uidashboard.schedule.SchedulerUtil   : RandomLocalDateTime created for field CreateAt
2024-08-25T10:26:32.090+03:30  INFO 53390 --- [UIdashboard] [scheduling-1] c.c.uidashboard.schedule.SchedulerUtil   : generated number for assign an status to a task 3
2024-08-25T10:26:32.090+03:30  INFO 53390 --- [UIdashboard] [scheduling-1] c.c.uidashboard.schedule.SchedulerUtil   : RandomLocalDateTime created for field CreateAt
2024-08-25T10:26:32.092+03:30  INFO 53390 --- [UIdashboard] [scheduling-1] c.ceadar.uidashboard.schedule.Scheduler  : add new batch task finished in 2024-08-25T10:26:32.092317
2024-08-25T10:26:52.079+03:30  INFO 53390 --- [UIdashboard] [scheduling-1] c.ceadar.uidashboard.schedule.Scheduler  : tasks fetching from database for update count: 12
2024-08-25T10:26:52.080+03:30  INFO 53390 --- [UIdashboard] [scheduling-1] c.c.uidashboard.schedule.SchedulerUtil   : generated number for assign an status to a task 4
2024-08-25T10:26:52.081+03:30  INFO 53390 --- [UIdashboard] [scheduling-1] c.c.uidashboard.service.TaskService      : updating, task id: 22
2024-08-25T10:26:52.083+03:30 DEBUG 53390 --- [UIdashboard] [scheduling-1] c.ceadar.uidashboard.schedule.Scheduler  : task 22 , Task 22 is updated
2024-08-25T10:26:52.083+03:30  INFO 53390 --- [UIdashboard] [scheduling-1] c.c.uidashboard.schedule.SchedulerUtil   : generated number for assign an status to a task 4
2024-08-25T10:26:52.083+03:30  INFO 53390 --- [UIdashboard] [scheduling-1] c.c.uidashboard.service.TaskService      : updating, task id: 23
2024-08-25T10:26:52.085+03:30 DEBUG 53390 --- [UIdashboard] [scheduling-1] c.ceadar.uidashboard.schedule.Scheduler  : task 23 , Task 23 is updated
2024-08-25T10:26:52.085+03:30  INFO 53390 --- [UIdashboard] [scheduling-1] c.c.uidashboard.schedule.SchedulerUtil   : generated number for assign an status to a task 1
2024-08-25T10:26:52.085+03:30  INFO 53390 --- [UIdashboard] [scheduling-1] c.c.uidashboard.service.TaskService      : updating, task id: 24
2024-08-25T10:26:52.085+03:30 DEBUG 53390 --- [UIdashboard] [scheduling-1] c.ceadar.uidashboard.schedule.Scheduler  : task 24 , Task 24 is updated
2024-08-25T10:26:52.085+03:30  INFO 53390 --- [UIdashboard] [scheduling-1] c.c.uidashboard.schedule.SchedulerUtil   : generated number for assign an status to a task 4
2024-08-25T10:26:52.085+03:30  INFO 53390 --- [UIdashboard] [scheduling-1] c.c.uidashboard.service.TaskService      : updating, task id: 25
2024-08-25T10:26:52.086+03:30 DEBUG 53390 --- [UIdashboard] [scheduling-1] c.ceadar.uidashboard.schedule.Scheduler  : task 25 , Task 25 is updated
2024-08-25T10:26:52.086+03:30  INFO 53390 --- [UIdashboard] [scheduling-1] c.c.uidashboard.schedule.SchedulerUtil   : generated number for assign an status to a task 4
2024-08-25T10:26:52.087+03:30  INFO 53390 --- [UIdashboard] [scheduling-1] c.c.uidashboard.service.TaskService      : updating, task id: 27
2024-08-25T10:26:52.088+03:30 DEBUG 53390 --- [UIdashboard] [scheduling-1] c.ceadar.uidashboard.schedule.Scheduler  : task 27 , Task 27 is updated
2024-08-25T10:26:52.088+03:30  INFO 53390 --- [UIdashboard] [scheduling-1] c.c.uidashboard.schedule.SchedulerUtil   : generated number for assign an status to a task 3
2024-08-25T10:26:52.088+03:30  INFO 53390 --- [UIdashboard] [scheduling-1] c.c.uidashboard.service.TaskService      : updating, task id: 28
2024-08-25T10:26:52.089+03:30 DEBUG 53390 --- [UIdashboard] [scheduling-1] c.ceadar.uidashboard.schedule.Scheduler  : task 28 , Task 28 is updated
2024-08-25T10:26:52.089+03:30  INFO 53390 --- [UIdashboard] [scheduling-1] c.c.uidashboard.schedule.SchedulerUtil   : generated number for assign an status to a task 0
2024-08-25T10:26:52.089+03:30  INFO 53390 --- [UIdashboard] [scheduling-1] c.c.uidashboard.service.TaskService      : updating, task id: 29
2024-08-25T10:26:52.090+03:30 DEBUG 53390 --- [UIdashboard] [scheduling-1] c.ceadar.uidashboard.schedule.Scheduler  : task 29 , Task 29 is updated
2024-08-25T10:26:52.090+03:30  INFO 53390 --- [UIdashboard] [scheduling-1] c.c.uidashboard.schedule.SchedulerUtil   : generated number for assign an status to a task 0
2024-08-25T10:26:52.090+03:30  INFO 53390 --- [UIdashboard] [scheduling-1] c.c.uidashboard.service.TaskService      : updating, task id: 32
2024-08-25T10:26:52.091+03:30 DEBUG 53390 --- [UIdashboard] [scheduling-1] c.ceadar.uidashboard.schedule.Scheduler  : task 32 , Task 32 is updated
2024-08-25T10:26:52.091+03:30  INFO 53390 --- [UIdashboard] [scheduling-1] c.c.uidashboard.schedule.SchedulerUtil   : generated number for assign an status to a task 3
2024-08-25T10:26:52.091+03:30  INFO 53390 --- [UIdashboard] [scheduling-1] c.c.uidashboard.service.TaskService      : updating, task id: 33
2024-08-25T10:26:52.092+03:30 DEBUG 53390 --- [UIdashboard] [scheduling-1] c.ceadar.uidashboard.schedule.Scheduler  : task 33 , Task 33 is updated
2024-08-25T10:26:52.092+03:30  INFO 53390 --- [UIdashboard] [scheduling-1] c.c.uidashboard.schedule.SchedulerUtil   : generated number for assign an status to a task 4
2024-08-25T10:26:52.092+03:30  INFO 53390 --- [UIdashboard] [scheduling-1] c.c.uidashboard.service.TaskService      : updating, task id: 34
2024-08-25T10:26:52.092+03:30 DEBUG 53390 --- [UIdashboard] [scheduling-1] c.ceadar.uidashboard.schedule.Scheduler  : task 34 , Task 34 is updated
2024-08-25T10:26:52.093+03:30  INFO 53390 --- [UIdashboard] [scheduling-1] c.c.uidashboard.schedule.SchedulerUtil   : generated number for assign an status to a task 2
2024-08-25T10:26:52.093+03:30  INFO 53390 --- [UIdashboard] [scheduling-1] c.c.uidashboard.service.TaskService      : updating, task id: 35
2024-08-25T10:26:52.093+03:30 DEBUG 53390 --- [UIdashboard] [scheduling-1] c.ceadar.uidashboard.schedule.Scheduler  : task 35 , Task 35 is updated
2024-08-25T10:26:52.093+03:30  INFO 53390 --- [UIdashboard] [scheduling-1] c.c.uidashboard.schedule.SchedulerUtil   : generated number for assign an status to a task 3
2024-08-25T10:26:52.093+03:30  INFO 53390 --- [UIdashboard] [scheduling-1] c.c.uidashboard.service.TaskService      : updating, task id: 36
2024-08-25T10:26:52.094+03:30 DEBUG 53390 --- [UIdashboard] [scheduling-1] c.ceadar.uidashboard.schedule.Scheduler  : task 36 , Task 36 is updated
2024-08-25T10:27:13.988+03:30  INFO 53390 --- [UIdashboard] [http-nio-8081-exec-1] o.a.c.c.C.[Tomcat].[localhost].[/]       : Initializing Spring DispatcherServlet 'dispatcherServlet'
2024-08-25T10:27:13.988+03:30  INFO 53390 --- [UIdashboard] [http-nio-8081-exec-1] o.s.web.servlet.DispatcherServlet        : Initializing Servlet 'dispatcherServlet'
2024-08-25T10:27:13.990+03:30  INFO 53390 --- [UIdashboard] [http-nio-8081-exec-1] o.s.web.servlet.DispatcherServlet        : Completed initialization in 2 ms
2024-08-25T10:27:14.016+03:30  INFO 53390 --- [UIdashboard] [http-nio-8081-exec-1] c.c.u.controller.TaskController          : get AllTasks method is called in controller, 36 tasks found
2024-08-25T10:27:22.074+03:30  INFO 53390 --- [UIdashboard] [scheduling-1] c.ceadar.uidashboard.schedule.Scheduler  : add new batch task to database in 2024-08-25T10:27:22.074889
2024-08-25T10:27:22.081+03:30  INFO 53390 --- [UIdashboard] [scheduling-1] c.c.uidashboard.schedule.SchedulerUtil   : generate new task
2024-08-25T10:27:22.083+03:30  INFO 53390 --- [UIdashboard] [scheduling-1] c.c.uidashboard.schedule.SchedulerUtil   : generated number for assign an status to a task 2
2024-08-25T10:27:22.084+03:30  INFO 53390 --- [UIdashboard] [scheduling-1] c.c.uidashboard.schedule.SchedulerUtil   : RandomLocalDateTime created for field CreateAt
2024-08-25T10:27:22.084+03:30  INFO 53390 --- [UIdashboard] [scheduling-1] c.c.uidashboard.schedule.SchedulerUtil   : generated number for assign an status to a task 2
2024-08-25T10:27:22.084+03:30  INFO 53390 --- [UIdashboard] [scheduling-1] c.c.uidashboard.schedule.SchedulerUtil   : RandomLocalDateTime created for field CreateAt
2024-08-25T10:27:22.084+03:30  INFO 53390 --- [UIdashboard] [scheduling-1] c.c.uidashboard.schedule.SchedulerUtil   : generated number for assign an status to a task 0
2024-08-25T10:27:22.084+03:30  INFO 53390 --- [UIdashboard] [scheduling-1] c.c.uidashboard.schedule.SchedulerUtil   : RandomLocalDateTime created for field CreateAt
2024-08-25T10:27:22.084+03:30  INFO 53390 --- [UIdashboard] [scheduling-1] c.c.uidashboard.schedule.SchedulerUtil   : generated number for assign an status to a task 4
2024-08-25T10:27:22.084+03:30  INFO 53390 --- [UIdashboard] [scheduling-1] c.c.uidashboard.schedule.SchedulerUtil   : RandomLocalDateTime created for field CreateAt
2024-08-25T10:27:22.086+03:30  INFO 53390 --- [UIdashboard] [scheduling-1] c.ceadar.uidashboard.schedule.Scheduler  : add new batch task finished in 2024-08-25T10:27:22.086574
2024-08-25T10:27:52.082+03:30  INFO 53390 --- [UIdashboard] [scheduling-1] c.ceadar.uidashboard.schedule.Scheduler  : tasks fetching from database for update count: 8
2024-08-25T10:27:52.083+03:30  INFO 53390 --- [UIdashboard] [scheduling-1] c.c.uidashboard.schedule.SchedulerUtil   : generated number for assign an status to a task 3
2024-08-25T10:27:52.084+03:30  INFO 53390 --- [UIdashboard] [scheduling-1] c.c.uidashboard.service.TaskService      : updating, task id: 24
2024-08-25T10:27:52.086+03:30 DEBUG 53390 --- [UIdashboard] [scheduling-1] c.ceadar.uidashboard.schedule.Scheduler  : task 24 , Task 24 is updated
2024-08-25T10:27:52.087+03:30  INFO 53390 --- [UIdashboard] [scheduling-1] c.c.uidashboard.schedule.SchedulerUtil   : generated number for assign an status to a task 4
2024-08-25T10:27:52.087+03:30  INFO 53390 --- [UIdashboard] [scheduling-1] c.c.uidashboard.service.TaskService      : updating, task id: 29
2024-08-25T10:27:52.088+03:30 DEBUG 53390 --- [UIdashboard] [scheduling-1] c.ceadar.uidashboard.schedule.Scheduler  : task 29 , Task 29 is updated
2024-08-25T10:27:52.088+03:30  INFO 53390 --- [UIdashboard] [scheduling-1] c.c.uidashboard.schedule.SchedulerUtil   : generated number for assign an status to a task 4
2024-08-25T10:27:52.088+03:30  INFO 53390 --- [UIdashboard] [scheduling-1] c.c.uidashboard.service.TaskService      : updating, task id: 32
2024-08-25T10:27:52.089+03:30 DEBUG 53390 --- [UIdashboard] [scheduling-1] c.ceadar.uidashboard.schedule.Scheduler  : task 32 , Task 32 is updated
2024-08-25T10:27:52.090+03:30  INFO 53390 --- [UIdashboard] [scheduling-1] c.c.uidashboard.schedule.SchedulerUtil   : generated number for assign an status to a task 2
2024-08-25T10:27:52.090+03:30  INFO 53390 --- [UIdashboard] [scheduling-1] c.c.uidashboard.service.TaskService      : updating, task id: 35
2024-08-25T10:27:52.090+03:30 DEBUG 53390 --- [UIdashboard] [scheduling-1] c.ceadar.uidashboard.schedule.Scheduler  : task 35 , Task 35 is updated
2024-08-25T10:27:52.090+03:30  INFO 53390 --- [UIdashboard] [scheduling-1] c.c.uidashboard.schedule.SchedulerUtil   : generated number for assign an status to a task 3
2024-08-25T10:27:52.090+03:30  INFO 53390 --- [UIdashboard] [scheduling-1] c.c.uidashboard.service.TaskService      : updating, task id: 37
2024-08-25T10:27:52.091+03:30 DEBUG 53390 --- [UIdashboard] [scheduling-1] c.ceadar.uidashboard.schedule.Scheduler  : task 37 , Task 37 is updated
2024-08-25T10:27:52.091+03:30  INFO 53390 --- [UIdashboard] [scheduling-1] c.c.uidashboard.schedule.SchedulerUtil   : generated number for assign an status to a task 0
2024-08-25T10:27:52.091+03:30  INFO 53390 --- [UIdashboard] [scheduling-1] c.c.uidashboard.service.TaskService      : updating, task id: 38
2024-08-25T10:27:52.092+03:30 DEBUG 53390 --- [UIdashboard] [scheduling-1] c.ceadar.uidashboard.schedule.Scheduler  : task 38 , Task 38 is updated
2024-08-25T10:27:52.092+03:30  INFO 53390 --- [UIdashboard] [scheduling-1] c.c.uidashboard.schedule.SchedulerUtil   : generated number for assign an status to a task 2
2024-08-25T10:27:52.092+03:30  INFO 53390 --- [UIdashboard] [scheduling-1] c.c.uidashboard.service.TaskService      : updating, task id: 39
2024-08-25T10:27:52.093+03:30 DEBUG 53390 --- [UIdashboard] [scheduling-1] c.ceadar.uidashboard.schedule.Scheduler  : task 39 , Task 39 is updated
2024-08-25T10:27:52.093+03:30  INFO 53390 --- [UIdashboard] [scheduling-1] c.c.uidashboard.schedule.SchedulerUtil   : generated number for assign an status to a task 1
2024-08-25T10:27:52.093+03:30  INFO 53390 --- [UIdashboard] [scheduling-1] c.c.uidashboard.service.TaskService      : updating, task id: 40
2024-08-25T10:27:52.094+03:30 DEBUG 53390 --- [UIdashboard] [scheduling-1] c.ceadar.uidashboard.schedule.Scheduler  : task 40 , Task 40 is updated
2024-08-25T10:28:12.075+03:30  INFO 53390 --- [UIdashboard] [scheduling-1] c.ceadar.uidashboard.schedule.Scheduler  : add new batch task to database in 2024-08-25T10:28:12.075106
2024-08-25T10:28:12.092+03:30  INFO 53390 --- [UIdashboard] [scheduling-1] c.c.uidashboard.schedule.SchedulerUtil   : generate new task
2024-08-25T10:28:12.095+03:30  INFO 53390 --- [UIdashboard] [scheduling-1] c.c.uidashboard.schedule.SchedulerUtil   : generated number for assign an status to a task 0
2024-08-25T10:28:12.095+03:30  INFO 53390 --- [UIdashboard] [scheduling-1] c.c.uidashboard.schedule.SchedulerUtil   : RandomLocalDateTime created for field CreateAt
2024-08-25T10:28:12.095+03:30  INFO 53390 --- [UIdashboard] [scheduling-1] c.c.uidashboard.schedule.SchedulerUtil   : generated number for assign an status to a task 1
2024-08-25T10:28:12.095+03:30  INFO 53390 --- [UIdashboard] [scheduling-1] c.c.uidashboard.schedule.SchedulerUtil   : RandomLocalDateTime created for field CreateAt
2024-08-25T10:28:12.095+03:30  INFO 53390 --- [UIdashboard] [scheduling-1] c.c.uidashboard.schedule.SchedulerUtil   : generated number for assign an status to a task 1
2024-08-25T10:28:12.095+03:30  INFO 53390 --- [UIdashboard] [scheduling-1] c.c.uidashboard.schedule.SchedulerUtil   : RandomLocalDateTime created for field CreateAt
2024-08-25T10:28:12.095+03:30  INFO 53390 --- [UIdashboard] [scheduling-1] c.c.uidashboard.schedule.SchedulerUtil   : generated number for assign an status to a task 2
2024-08-25T10:28:12.095+03:30  INFO 53390 --- [UIdashboard] [scheduling-1] c.c.uidashboard.schedule.SchedulerUtil   : RandomLocalDateTime created for field CreateAt
2024-08-25T10:28:12.099+03:30  INFO 53390 --- [UIdashboard] [scheduling-1] c.ceadar.uidashboard.schedule.Scheduler  : add new batch task finished in 2024-08-25T10:28:12.099490
2024-08-25T10:28:14.790+03:30  INFO 53390 --- [UIdashboard] [http-nio-8081-exec-3] c.c.u.controller.TaskController          : get AllTasks method is called in controller, 44 tasks found
2024-08-25T10:28:52.081+03:30  INFO 53390 --- [UIdashboard] [scheduling-1] c.ceadar.uidashboard.schedule.Scheduler  : tasks fetching from database for update count: 8
2024-08-25T10:28:52.083+03:30  INFO 53390 --- [UIdashboard] [scheduling-1] c.c.uidashboard.schedule.SchedulerUtil   : generated number for assign an status to a task 4
2024-08-25T10:28:52.083+03:30  INFO 53390 --- [UIdashboard] [scheduling-1] c.c.uidashboard.service.TaskService      : updating, task id: 35
2024-08-25T10:28:52.086+03:30 DEBUG 53390 --- [UIdashboard] [scheduling-1] c.ceadar.uidashboard.schedule.Scheduler  : task 35 , Task 35 is updated
2024-08-25T10:28:52.086+03:30  INFO 53390 --- [UIdashboard] [scheduling-1] c.c.uidashboard.schedule.SchedulerUtil   : generated number for assign an status to a task 0
2024-08-25T10:28:52.086+03:30  INFO 53390 --- [UIdashboard] [scheduling-1] c.c.uidashboard.service.TaskService      : updating, task id: 38
2024-08-25T10:28:52.088+03:30 DEBUG 53390 --- [UIdashboard] [scheduling-1] c.ceadar.uidashboard.schedule.Scheduler  : task 38 , Task 38 is updated
2024-08-25T10:28:52.088+03:30  INFO 53390 --- [UIdashboard] [scheduling-1] c.c.uidashboard.schedule.SchedulerUtil   : generated number for assign an status to a task 3
2024-08-25T10:28:52.088+03:30  INFO 53390 --- [UIdashboard] [scheduling-1] c.c.uidashboard.service.TaskService      : updating, task id: 39
2024-08-25T10:28:52.089+03:30 DEBUG 53390 --- [UIdashboard] [scheduling-1] c.ceadar.uidashboard.schedule.Scheduler  : task 39 , Task 39 is updated
2024-08-25T10:28:52.090+03:30  INFO 53390 --- [UIdashboard] [scheduling-1] c.c.uidashboard.schedule.SchedulerUtil   : generated number for assign an status to a task 0
2024-08-25T10:28:52.090+03:30  INFO 53390 --- [UIdashboard] [scheduling-1] c.c.uidashboard.service.TaskService      : updating, task id: 40
2024-08-25T10:28:52.091+03:30 DEBUG 53390 --- [UIdashboard] [scheduling-1] c.ceadar.uidashboard.schedule.Scheduler  : task 40 , Task 40 is updated
2024-08-25T10:28:52.091+03:30  INFO 53390 --- [UIdashboard] [scheduling-1] c.c.uidashboard.schedule.SchedulerUtil   : generated number for assign an status to a task 0
2024-08-25T10:28:52.091+03:30  INFO 53390 --- [UIdashboard] [scheduling-1] c.c.uidashboard.service.TaskService      : updating, task id: 41
2024-08-25T10:28:52.091+03:30 DEBUG 53390 --- [UIdashboard] [scheduling-1] c.ceadar.uidashboard.schedule.Scheduler  : task 41 , Task 41 is updated
2024-08-25T10:28:52.091+03:30  INFO 53390 --- [UIdashboard] [scheduling-1] c.c.uidashboard.schedule.SchedulerUtil   : generated number for assign an status to a task 4
2024-08-25T10:28:52.091+03:30  INFO 53390 --- [UIdashboard] [scheduling-1] c.c.uidashboard.service.TaskService      : updating, task id: 42
2024-08-25T10:28:52.093+03:30 DEBUG 53390 --- [UIdashboard] [scheduling-1] c.ceadar.uidashboard.schedule.Scheduler  : task 42 , Task 42 is updated
2024-08-25T10:28:52.093+03:30  INFO 53390 --- [UIdashboard] [scheduling-1] c.c.uidashboard.schedule.SchedulerUtil   : generated number for assign an status to a task 0
2024-08-25T10:28:52.093+03:30  INFO 53390 --- [UIdashboard] [scheduling-1] c.c.uidashboard.service.TaskService      : updating, task id: 43
2024-08-25T10:28:52.094+03:30 DEBUG 53390 --- [UIdashboard] [scheduling-1] c.ceadar.uidashboard.schedule.Scheduler  : task 43 , Task 43 is updated
2024-08-25T10:28:52.094+03:30  INFO 53390 --- [UIdashboard] [scheduling-1] c.c.uidashboard.schedule.SchedulerUtil   : generated number for assign an status to a task 4
2024-08-25T10:28:52.094+03:30  INFO 53390 --- [UIdashboard] [scheduling-1] c.c.uidashboard.service.TaskService      : updating, task id: 44
2024-08-25T10:28:52.095+03:30 DEBUG 53390 --- [UIdashboard] [scheduling-1] c.ceadar.uidashboard.schedule.Scheduler  : task 44 , Task 44 is updated
2024-08-25T10:29:02.074+03:30  INFO 53390 --- [UIdashboard] [scheduling-1] c.ceadar.uidashboard.schedule.Scheduler  : add new batch task to database in 2024-08-25T10:29:02.074851
2024-08-25T10:29:02.081+03:30  INFO 53390 --- [UIdashboard] [scheduling-1] c.c.uidashboard.schedule.SchedulerUtil   : generate new task
2024-08-25T10:29:02.082+03:30  INFO 53390 --- [UIdashboard] [scheduling-1] c.c.uidashboard.schedule.SchedulerUtil   : generated number for assign an status to a task 2
2024-08-25T10:29:02.082+03:30  INFO 53390 --- [UIdashboard] [scheduling-1] c.c.uidashboard.schedule.SchedulerUtil   : RandomLocalDateTime created for field CreateAt
2024-08-25T10:29:02.083+03:30  INFO 53390 --- [UIdashboard] [scheduling-1] c.c.uidashboard.schedule.SchedulerUtil   : generated number for assign an status to a task 4
2024-08-25T10:29:02.083+03:30  INFO 53390 --- [UIdashboard] [scheduling-1] c.c.uidashboard.schedule.SchedulerUtil   : RandomLocalDateTime created for field CreateAt
2024-08-25T10:29:02.083+03:30  INFO 53390 --- [UIdashboard] [scheduling-1] c.c.uidashboard.schedule.SchedulerUtil   : generated number for assign an status to a task 2
2024-08-25T10:29:02.083+03:30  INFO 53390 --- [UIdashboard] [scheduling-1] c.c.uidashboard.schedule.SchedulerUtil   : RandomLocalDateTime created for field CreateAt
2024-08-25T10:29:02.083+03:30  INFO 53390 --- [UIdashboard] [scheduling-1] c.c.uidashboard.schedule.SchedulerUtil   : generated number for assign an status to a task 0
2024-08-25T10:29:02.083+03:30  INFO 53390 --- [UIdashboard] [scheduling-1] c.c.uidashboard.schedule.SchedulerUtil   : RandomLocalDateTime created for field CreateAt
2024-08-25T10:29:02.085+03:30  INFO 53390 --- [UIdashboard] [scheduling-1] c.ceadar.uidashboard.schedule.Scheduler  : add new batch task finished in 2024-08-25T10:29:02.085478
2024-08-25T10:29:14.792+03:30  INFO 53390 --- [UIdashboard] [http-nio-8081-exec-5] c.c.u.controller.TaskController          : get AllTasks method is called in controller, 48 tasks found
2024-08-25T10:29:52.085+03:30  INFO 53390 --- [UIdashboard] [scheduling-1] c.ceadar.uidashboard.schedule.Scheduler  : tasks fetching from database for update count: 8
2024-08-25T10:29:52.086+03:30  INFO 53390 --- [UIdashboard] [scheduling-1] c.c.uidashboard.schedule.SchedulerUtil   : generated number for assign an status to a task 2
2024-08-25T10:29:52.086+03:30  INFO 53390 --- [UIdashboard] [scheduling-1] c.c.uidashboard.service.TaskService      : updating, task id: 38
2024-08-25T10:29:52.089+03:30 DEBUG 53390 --- [UIdashboard] [scheduling-1] c.ceadar.uidashboard.schedule.Scheduler  : task 38 , Task 38 is updated
2024-08-25T10:29:52.089+03:30  INFO 53390 --- [UIdashboard] [scheduling-1] c.c.uidashboard.schedule.SchedulerUtil   : generated number for assign an status to a task 0
2024-08-25T10:29:52.089+03:30  INFO 53390 --- [UIdashboard] [scheduling-1] c.c.uidashboard.service.TaskService      : updating, task id: 40
2024-08-25T10:29:52.090+03:30 DEBUG 53390 --- [UIdashboard] [scheduling-1] c.ceadar.uidashboard.schedule.Scheduler  : task 40 , Task 40 is updated
2024-08-25T10:29:52.090+03:30  INFO 53390 --- [UIdashboard] [scheduling-1] c.c.uidashboard.schedule.SchedulerUtil   : generated number for assign an status to a task 0
2024-08-25T10:29:52.090+03:30  INFO 53390 --- [UIdashboard] [scheduling-1] c.c.uidashboard.service.TaskService      : updating, task id: 41
2024-08-25T10:29:52.090+03:30 DEBUG 53390 --- [UIdashboard] [scheduling-1] c.ceadar.uidashboard.schedule.Scheduler  : task 41 , Task 41 is updated
2024-08-25T10:29:52.090+03:30  INFO 53390 --- [UIdashboard] [scheduling-1] c.c.uidashboard.schedule.SchedulerUtil   : generated number for assign an status to a task 3
2024-08-25T10:29:52.091+03:30  INFO 53390 --- [UIdashboard] [scheduling-1] c.c.uidashboard.service.TaskService      : updating, task id: 43
2024-08-25T10:29:52.091+03:30 DEBUG 53390 --- [UIdashboard] [scheduling-1] c.ceadar.uidashboard.schedule.Scheduler  : task 43 , Task 43 is updated
2024-08-25T10:29:52.092+03:30  INFO 53390 --- [UIdashboard] [scheduling-1] c.c.uidashboard.schedule.SchedulerUtil   : generated number for assign an status to a task 3
2024-08-25T10:29:52.092+03:30  INFO 53390 --- [UIdashboard] [scheduling-1] c.c.uidashboard.service.TaskService      : updating, task id: 45
2024-08-25T10:29:52.092+03:30 DEBUG 53390 --- [UIdashboard] [scheduling-1] c.ceadar.uidashboard.schedule.Scheduler  : task 45 , Task 45 is updated
2024-08-25T10:29:52.093+03:30  INFO 53390 --- [UIdashboard] [scheduling-1] c.c.uidashboard.schedule.SchedulerUtil   : generated number for assign an status to a task 3
2024-08-25T10:29:52.093+03:30  INFO 53390 --- [UIdashboard] [scheduling-1] c.c.uidashboard.service.TaskService      : updating, task id: 46
2024-08-25T10:29:52.094+03:30 DEBUG 53390 --- [UIdashboard] [scheduling-1] c.ceadar.uidashboard.schedule.Scheduler  : task 46 , Task 46 is updated
2024-08-25T10:29:52.094+03:30  INFO 53390 --- [UIdashboard] [scheduling-1] c.c.uidashboard.schedule.SchedulerUtil   : generated number for assign an status to a task 4
2024-08-25T10:29:52.094+03:30  INFO 53390 --- [UIdashboard] [scheduling-1] c.c.uidashboard.service.TaskService      : updating, task id: 47
2024-08-25T10:29:52.095+03:30 DEBUG 53390 --- [UIdashboard] [scheduling-1] c.ceadar.uidashboard.schedule.Scheduler  : task 47 , Task 47 is updated
2024-08-25T10:29:52.095+03:30  INFO 53390 --- [UIdashboard] [scheduling-1] c.c.uidashboard.schedule.SchedulerUtil   : generated number for assign an status to a task 4
2024-08-25T10:29:52.095+03:30  INFO 53390 --- [UIdashboard] [scheduling-1] c.c.uidashboard.service.TaskService      : updating, task id: 48
2024-08-25T10:29:52.096+03:30 DEBUG 53390 --- [UIdashboard] [scheduling-1] c.ceadar.uidashboard.schedule.Scheduler  : task 48 , Task 48 is updated
2024-08-25T10:29:52.096+03:30  INFO 53390 --- [UIdashboard] [scheduling-1] c.ceadar.uidashboard.schedule.Scheduler  : add new batch task to database in 2024-08-25T10:29:52.096126
2024-08-25T10:29:52.098+03:30  INFO 53390 --- [UIdashboard] [scheduling-1] c.c.uidashboard.schedule.SchedulerUtil   : generate new task
2024-08-25T10:29:52.099+03:30  INFO 53390 --- [UIdashboard] [scheduling-1] c.c.uidashboard.schedule.SchedulerUtil   : generated number for assign an status to a task 3
2024-08-25T10:29:52.099+03:30  INFO 53390 --- [UIdashboard] [scheduling-1] c.c.uidashboard.schedule.SchedulerUtil   : RandomLocalDateTime created for field CreateAt
2024-08-25T10:29:52.099+03:30  INFO 53390 --- [UIdashboard] [scheduling-1] c.c.uidashboard.schedule.SchedulerUtil   : generated number for assign an status to a task 0
2024-08-25T10:29:52.099+03:30  INFO 53390 --- [UIdashboard] [scheduling-1] c.c.uidashboard.schedule.SchedulerUtil   : RandomLocalDateTime created for field CreateAt
2024-08-25T10:29:52.099+03:30  INFO 53390 --- [UIdashboard] [scheduling-1] c.c.uidashboard.schedule.SchedulerUtil   : generated number for assign an status to a task 2
2024-08-25T10:29:52.099+03:30  INFO 53390 --- [UIdashboard] [scheduling-1] c.c.uidashboard.schedule.SchedulerUtil   : RandomLocalDateTime created for field CreateAt
2024-08-25T10:29:52.099+03:30  INFO 53390 --- [UIdashboard] [scheduling-1] c.c.uidashboard.schedule.SchedulerUtil   : generated number for assign an status to a task 1
2024-08-25T10:29:52.099+03:30  INFO 53390 --- [UIdashboard] [scheduling-1] c.c.uidashboard.schedule.SchedulerUtil   : RandomLocalDateTime created for field CreateAt
2024-08-25T10:29:52.106+03:30  INFO 53390 --- [UIdashboard] [scheduling-1] c.ceadar.uidashboard.schedule.Scheduler  : add new batch task finished in 2024-08-25T10:29:52.106632
2024-08-25T10:30:14.792+03:30  INFO 53390 --- [UIdashboard] [http-nio-8081-exec-7] c.c.u.controller.TaskController          : get AllTasks method is called in controller, 52 tasks found
2024-08-25T10:30:42.075+03:30  INFO 53390 --- [UIdashboard] [scheduling-1] c.ceadar.uidashboard.schedule.Scheduler  : add new batch task to database in 2024-08-25T10:30:42.075369
2024-08-25T10:30:42.082+03:30  INFO 53390 --- [UIdashboard] [scheduling-1] c.c.uidashboard.schedule.SchedulerUtil   : generate new task
2024-08-25T10:30:42.083+03:30  INFO 53390 --- [UIdashboard] [scheduling-1] c.c.uidashboard.schedule.SchedulerUtil   : generated number for assign an status to a task 1
2024-08-25T10:30:42.083+03:30  INFO 53390 --- [UIdashboard] [scheduling-1] c.c.uidashboard.schedule.SchedulerUtil   : RandomLocalDateTime created for field CreateAt
2024-08-25T10:30:42.084+03:30  INFO 53390 --- [UIdashboard] [scheduling-1] c.c.uidashboard.schedule.SchedulerUtil   : generated number for assign an status to a task 1
2024-08-25T10:30:42.084+03:30  INFO 53390 --- [UIdashboard] [scheduling-1] c.c.uidashboard.schedule.SchedulerUtil   : RandomLocalDateTime created for field CreateAt
2024-08-25T10:30:42.084+03:30  INFO 53390 --- [UIdashboard] [scheduling-1] c.c.uidashboard.schedule.SchedulerUtil   : generated number for assign an status to a task 2
2024-08-25T10:30:42.084+03:30  INFO 53390 --- [UIdashboard] [scheduling-1] c.c.uidashboard.schedule.SchedulerUtil   : RandomLocalDateTime created for field CreateAt
2024-08-25T10:30:42.084+03:30  INFO 53390 --- [UIdashboard] [scheduling-1] c.c.uidashboard.schedule.SchedulerUtil   : generated number for assign an status to a task 1
2024-08-25T10:30:42.084+03:30  INFO 53390 --- [UIdashboard] [scheduling-1] c.c.uidashboard.schedule.SchedulerUtil   : RandomLocalDateTime created for field CreateAt
2024-08-25T10:30:42.087+03:30  INFO 53390 --- [UIdashboard] [scheduling-1] c.ceadar.uidashboard.schedule.Scheduler  : add new batch task finished in 2024-08-25T10:30:42.087082
2024-08-25T10:30:52.093+03:30  INFO 53390 --- [UIdashboard] [scheduling-1] c.ceadar.uidashboard.schedule.Scheduler  : tasks fetching from database for update count: 11
2024-08-25T10:30:52.095+03:30  INFO 53390 --- [UIdashboard] [scheduling-1] c.c.uidashboard.schedule.SchedulerUtil   : generated number for assign an status to a task 0
2024-08-25T10:30:52.095+03:30  INFO 53390 --- [UIdashboard] [scheduling-1] c.c.uidashboard.service.TaskService      : updating, task id: 38
2024-08-25T10:30:52.099+03:30 DEBUG 53390 --- [UIdashboard] [scheduling-1] c.ceadar.uidashboard.schedule.Scheduler  : task 38 , Task 38 is updated
2024-08-25T10:30:52.099+03:30  INFO 53390 --- [UIdashboard] [scheduling-1] c.c.uidashboard.schedule.SchedulerUtil   : generated number for assign an status to a task 4
2024-08-25T10:30:52.099+03:30  INFO 53390 --- [UIdashboard] [scheduling-1] c.c.uidashboard.service.TaskService      : updating, task id: 40
2024-08-25T10:30:52.100+03:30 DEBUG 53390 --- [UIdashboard] [scheduling-1] c.ceadar.uidashboard.schedule.Scheduler  : task 40 , Task 40 is updated
2024-08-25T10:30:52.100+03:30  INFO 53390 --- [UIdashboard] [scheduling-1] c.c.uidashboard.schedule.SchedulerUtil   : generated number for assign an status to a task 2
2024-08-25T10:30:52.100+03:30  INFO 53390 --- [UIdashboard] [scheduling-1] c.c.uidashboard.service.TaskService      : updating, task id: 41
2024-08-25T10:30:52.101+03:30 DEBUG 53390 --- [UIdashboard] [scheduling-1] c.ceadar.uidashboard.schedule.Scheduler  : task 41 , Task 41 is updated
2024-08-25T10:30:52.101+03:30  INFO 53390 --- [UIdashboard] [scheduling-1] c.c.uidashboard.schedule.SchedulerUtil   : generated number for assign an status to a task 1
2024-08-25T10:30:52.101+03:30  INFO 53390 --- [UIdashboard] [scheduling-1] c.c.uidashboard.service.TaskService      : updating, task id: 49
2024-08-25T10:30:52.102+03:30 DEBUG 53390 --- [UIdashboard] [scheduling-1] c.ceadar.uidashboard.schedule.Scheduler  : task 49 , Task 49 is updated
2024-08-25T10:30:52.102+03:30  INFO 53390 --- [UIdashboard] [scheduling-1] c.c.uidashboard.schedule.SchedulerUtil   : generated number for assign an status to a task 2
2024-08-25T10:30:52.102+03:30  INFO 53390 --- [UIdashboard] [scheduling-1] c.c.uidashboard.service.TaskService      : updating, task id: 50
2024-08-25T10:30:52.103+03:30 DEBUG 53390 --- [UIdashboard] [scheduling-1] c.ceadar.uidashboard.schedule.Scheduler  : task 50 , Task 50 is updated
2024-08-25T10:30:52.103+03:30  INFO 53390 --- [UIdashboard] [scheduling-1] c.c.uidashboard.schedule.SchedulerUtil   : generated number for assign an status to a task 3
2024-08-25T10:30:52.103+03:30  INFO 53390 --- [UIdashboard] [scheduling-1] c.c.uidashboard.service.TaskService      : updating, task id: 51
2024-08-25T10:30:52.103+03:30 DEBUG 53390 --- [UIdashboard] [scheduling-1] c.ceadar.uidashboard.schedule.Scheduler  : task 51 , Task 51 is updated
2024-08-25T10:30:52.103+03:30  INFO 53390 --- [UIdashboard] [scheduling-1] c.c.uidashboard.schedule.SchedulerUtil   : generated number for assign an status to a task 0
2024-08-25T10:30:52.103+03:30  INFO 53390 --- [UIdashboard] [scheduling-1] c.c.uidashboard.service.TaskService      : updating, task id: 52
2024-08-25T10:30:52.104+03:30 DEBUG 53390 --- [UIdashboard] [scheduling-1] c.ceadar.uidashboard.schedule.Scheduler  : task 52 , Task 52 is updated
2024-08-25T10:30:52.104+03:30  INFO 53390 --- [UIdashboard] [scheduling-1] c.c.uidashboard.schedule.SchedulerUtil   : generated number for assign an status to a task 0
2024-08-25T10:30:52.104+03:30  INFO 53390 --- [UIdashboard] [scheduling-1] c.c.uidashboard.service.TaskService      : updating, task id: 53
2024-08-25T10:30:52.105+03:30 DEBUG 53390 --- [UIdashboard] [scheduling-1] c.ceadar.uidashboard.schedule.Scheduler  : task 53 , Task 53 is updated
2024-08-25T10:30:52.105+03:30  INFO 53390 --- [UIdashboard] [scheduling-1] c.c.uidashboard.schedule.SchedulerUtil   : generated number for assign an status to a task 0
2024-08-25T10:30:52.105+03:30  INFO 53390 --- [UIdashboard] [scheduling-1] c.c.uidashboard.service.TaskService      : updating, task id: 54
2024-08-25T10:30:52.106+03:30 DEBUG 53390 --- [UIdashboard] [scheduling-1] c.ceadar.uidashboard.schedule.Scheduler  : task 54 , Task 54 is updated
2024-08-25T10:30:52.106+03:30  INFO 53390 --- [UIdashboard] [scheduling-1] c.c.uidashboard.schedule.SchedulerUtil   : generated number for assign an status to a task 4
2024-08-25T10:30:52.106+03:30  INFO 53390 --- [UIdashboard] [scheduling-1] c.c.uidashboard.service.TaskService      : updating, task id: 55
2024-08-25T10:30:52.106+03:30 DEBUG 53390 --- [UIdashboard] [scheduling-1] c.ceadar.uidashboard.schedule.Scheduler  : task 55 , Task 55 is updated
2024-08-25T10:30:52.106+03:30  INFO 53390 --- [UIdashboard] [scheduling-1] c.c.uidashboard.schedule.SchedulerUtil   : generated number for assign an status to a task 1
2024-08-25T10:30:52.106+03:30  INFO 53390 --- [UIdashboard] [scheduling-1] c.c.uidashboard.service.TaskService      : updating, task id: 56
2024-08-25T10:30:52.107+03:30 DEBUG 53390 --- [UIdashboard] [scheduling-1] c.ceadar.uidashboard.schedule.Scheduler  : task 56 , Task 56 is updated
2024-08-25T10:31:14.797+03:30  INFO 53390 --- [UIdashboard] [http-nio-8081-exec-9] c.c.u.controller.TaskController          : get AllTasks method is called in controller, 56 tasks found
2024-08-25T10:31:32.078+03:30  INFO 53390 --- [UIdashboard] [scheduling-1] c.ceadar.uidashboard.schedule.Scheduler  : add new batch task to database in 2024-08-25T10:31:32.077895
2024-08-25T10:31:32.092+03:30  INFO 53390 --- [UIdashboard] [scheduling-1] c.c.uidashboard.schedule.SchedulerUtil   : generate new task
2024-08-25T10:31:32.094+03:30  INFO 53390 --- [UIdashboard] [scheduling-1] c.c.uidashboard.schedule.SchedulerUtil   : generated number for assign an status to a task 3
2024-08-25T10:31:32.094+03:30  INFO 53390 --- [UIdashboard] [scheduling-1] c.c.uidashboard.schedule.SchedulerUtil   : RandomLocalDateTime created for field CreateAt
2024-08-25T10:31:32.094+03:30  INFO 53390 --- [UIdashboard] [scheduling-1] c.c.uidashboard.schedule.SchedulerUtil   : generated number for assign an status to a task 0
2024-08-25T10:31:32.094+03:30  INFO 53390 --- [UIdashboard] [scheduling-1] c.c.uidashboard.schedule.SchedulerUtil   : RandomLocalDateTime created for field CreateAt
2024-08-25T10:31:32.094+03:30  INFO 53390 --- [UIdashboard] [scheduling-1] c.c.uidashboard.schedule.SchedulerUtil   : generated number for assign an status to a task 3
2024-08-25T10:31:32.094+03:30  INFO 53390 --- [UIdashboard] [scheduling-1] c.c.uidashboard.schedule.SchedulerUtil   : RandomLocalDateTime created for field CreateAt
2024-08-25T10:31:32.094+03:30  INFO 53390 --- [UIdashboard] [scheduling-1] c.c.uidashboard.schedule.SchedulerUtil   : generated number for assign an status to a task 3
2024-08-25T10:31:32.094+03:30  INFO 53390 --- [UIdashboard] [scheduling-1] c.c.uidashboard.schedule.SchedulerUtil   : RandomLocalDateTime created for field CreateAt
2024-08-25T10:31:32.097+03:30  INFO 53390 --- [UIdashboard] [scheduling-1] c.ceadar.uidashboard.schedule.Scheduler  : add new batch task finished in 2024-08-25T10:31:32.097619
2024-08-25T10:31:52.077+03:30  INFO 53390 --- [UIdashboard] [scheduling-1] c.ceadar.uidashboard.schedule.Scheduler  : tasks fetching from database for update count: 12
2024-08-25T10:31:52.078+03:30  INFO 53390 --- [UIdashboard] [scheduling-1] c.c.uidashboard.schedule.SchedulerUtil   : generated number for assign an status to a task 4
2024-08-25T10:31:52.078+03:30  INFO 53390 --- [UIdashboard] [scheduling-1] c.c.uidashboard.service.TaskService      : updating, task id: 38
2024-08-25T10:31:52.081+03:30 DEBUG 53390 --- [UIdashboard] [scheduling-1] c.ceadar.uidashboard.schedule.Scheduler  : task 38 , Task 38 is updated
2024-08-25T10:31:52.081+03:30  INFO 53390 --- [UIdashboard] [scheduling-1] c.c.uidashboard.schedule.SchedulerUtil   : generated number for assign an status to a task 2
2024-08-25T10:31:52.081+03:30  INFO 53390 --- [UIdashboard] [scheduling-1] c.c.uidashboard.service.TaskService      : updating, task id: 41
2024-08-25T10:31:52.082+03:30 DEBUG 53390 --- [UIdashboard] [scheduling-1] c.ceadar.uidashboard.schedule.Scheduler  : task 41 , Task 41 is updated
2024-08-25T10:31:52.082+03:30  INFO 53390 --- [UIdashboard] [scheduling-1] c.c.uidashboard.schedule.SchedulerUtil   : generated number for assign an status to a task 4
2024-08-25T10:31:52.083+03:30  INFO 53390 --- [UIdashboard] [scheduling-1] c.c.uidashboard.service.TaskService      : updating, task id: 49
2024-08-25T10:31:52.084+03:30 DEBUG 53390 --- [UIdashboard] [scheduling-1] c.ceadar.uidashboard.schedule.Scheduler  : task 49 , Task 49 is updated
2024-08-25T10:31:52.084+03:30  INFO 53390 --- [UIdashboard] [scheduling-1] c.c.uidashboard.schedule.SchedulerUtil   : generated number for assign an status to a task 4
2024-08-25T10:31:52.084+03:30  INFO 53390 --- [UIdashboard] [scheduling-1] c.c.uidashboard.service.TaskService      : updating, task id: 50
2024-08-25T10:31:52.085+03:30 DEBUG 53390 --- [UIdashboard] [scheduling-1] c.ceadar.uidashboard.schedule.Scheduler  : task 50 , Task 50 is updated
2024-08-25T10:31:52.085+03:30  INFO 53390 --- [UIdashboard] [scheduling-1] c.c.uidashboard.schedule.SchedulerUtil   : generated number for assign an status to a task 1
2024-08-25T10:31:52.085+03:30  INFO 53390 --- [UIdashboard] [scheduling-1] c.c.uidashboard.service.TaskService      : updating, task id: 52
2024-08-25T10:31:52.086+03:30 DEBUG 53390 --- [UIdashboard] [scheduling-1] c.ceadar.uidashboard.schedule.Scheduler  : task 52 , Task 52 is updated
2024-08-25T10:31:52.086+03:30  INFO 53390 --- [UIdashboard] [scheduling-1] c.c.uidashboard.schedule.SchedulerUtil   : generated number for assign an status to a task 3
2024-08-25T10:31:52.086+03:30  INFO 53390 --- [UIdashboard] [scheduling-1] c.c.uidashboard.service.TaskService      : updating, task id: 53
2024-08-25T10:31:52.087+03:30 DEBUG 53390 --- [UIdashboard] [scheduling-1] c.ceadar.uidashboard.schedule.Scheduler  : task 53 , Task 53 is updated
2024-08-25T10:31:52.087+03:30  INFO 53390 --- [UIdashboard] [scheduling-1] c.c.uidashboard.schedule.SchedulerUtil   : generated number for assign an status to a task 4
2024-08-25T10:31:52.087+03:30  INFO 53390 --- [UIdashboard] [scheduling-1] c.c.uidashboard.service.TaskService      : updating, task id: 54
2024-08-25T10:31:52.088+03:30 DEBUG 53390 --- [UIdashboard] [scheduling-1] c.ceadar.uidashboard.schedule.Scheduler  : task 54 , Task 54 is updated
2024-08-25T10:31:52.088+03:30  INFO 53390 --- [UIdashboard] [scheduling-1] c.c.uidashboard.schedule.SchedulerUtil   : generated number for assign an status to a task 3
2024-08-25T10:31:52.088+03:30  INFO 53390 --- [UIdashboard] [scheduling-1] c.c.uidashboard.service.TaskService      : updating, task id: 56
2024-08-25T10:31:52.089+03:30 DEBUG 53390 --- [UIdashboard] [scheduling-1] c.ceadar.uidashboard.schedule.Scheduler  : task 56 , Task 56 is updated
2024-08-25T10:31:52.089+03:30  INFO 53390 --- [UIdashboard] [scheduling-1] c.c.uidashboard.schedule.SchedulerUtil   : generated number for assign an status to a task 3
2024-08-25T10:31:52.089+03:30  INFO 53390 --- [UIdashboard] [scheduling-1] c.c.uidashboard.service.TaskService      : updating, task id: 57
2024-08-25T10:31:52.090+03:30 DEBUG 53390 --- [UIdashboard] [scheduling-1] c.ceadar.uidashboard.schedule.Scheduler  : task 57 , Task 57 is updated
2024-08-25T10:31:52.090+03:30  INFO 53390 --- [UIdashboard] [scheduling-1] c.c.uidashboard.schedule.SchedulerUtil   : generated number for assign an status to a task 0
2024-08-25T10:31:52.090+03:30  INFO 53390 --- [UIdashboard] [scheduling-1] c.c.uidashboard.service.TaskService      : updating, task id: 58
2024-08-25T10:31:52.090+03:30 DEBUG 53390 --- [UIdashboard] [scheduling-1] c.ceadar.uidashboard.schedule.Scheduler  : task 58 , Task 58 is updated
2024-08-25T10:31:52.090+03:30  INFO 53390 --- [UIdashboard] [scheduling-1] c.c.uidashboard.schedule.SchedulerUtil   : generated number for assign an status to a task 1
2024-08-25T10:31:52.090+03:30  INFO 53390 --- [UIdashboard] [scheduling-1] c.c.uidashboard.service.TaskService      : updating, task id: 59
2024-08-25T10:31:52.091+03:30 DEBUG 53390 --- [UIdashboard] [scheduling-1] c.ceadar.uidashboard.schedule.Scheduler  : task 59 , Task 59 is updated
2024-08-25T10:31:52.091+03:30  INFO 53390 --- [UIdashboard] [scheduling-1] c.c.uidashboard.schedule.SchedulerUtil   : generated number for assign an status to a task 0
2024-08-25T10:31:52.091+03:30  INFO 53390 --- [UIdashboard] [scheduling-1] c.c.uidashboard.service.TaskService      : updating, task id: 60
2024-08-25T10:31:52.092+03:30 DEBUG 53390 --- [UIdashboard] [scheduling-1] c.ceadar.uidashboard.schedule.Scheduler  : task 60 , Task 60 is updated
2024-08-25T10:32:21.783+03:30  INFO 53390 --- [UIdashboard] [http-nio-8081-exec-1] c.c.u.controller.TaskController          : get AllTasks method is called in controller, 60 tasks found
2024-08-25T10:32:22.075+03:30  INFO 53390 --- [UIdashboard] [scheduling-1] c.ceadar.uidashboard.schedule.Scheduler  : add new batch task to database in 2024-08-25T10:32:22.075646
2024-08-25T10:32:22.078+03:30  INFO 53390 --- [UIdashboard] [scheduling-1] c.c.uidashboard.schedule.SchedulerUtil   : generate new task
2024-08-25T10:32:22.079+03:30  INFO 53390 --- [UIdashboard] [scheduling-1] c.c.uidashboard.schedule.SchedulerUtil   : generated number for assign an status to a task 4
2024-08-25T10:32:22.079+03:30  INFO 53390 --- [UIdashboard] [scheduling-1] c.c.uidashboard.schedule.SchedulerUtil   : RandomLocalDateTime created for field CreateAt
2024-08-25T10:32:22.079+03:30  INFO 53390 --- [UIdashboard] [scheduling-1] c.c.uidashboard.schedule.SchedulerUtil   : generated number for assign an status to a task 0
2024-08-25T10:32:22.079+03:30  INFO 53390 --- [UIdashboard] [scheduling-1] c.c.uidashboard.schedule.SchedulerUtil   : RandomLocalDateTime created for field CreateAt
2024-08-25T10:32:22.079+03:30  INFO 53390 --- [UIdashboard] [scheduling-1] c.c.uidashboard.schedule.SchedulerUtil   : generated number for assign an status to a task 2
2024-08-25T10:32:22.079+03:30  INFO 53390 --- [UIdashboard] [scheduling-1] c.c.uidashboard.schedule.SchedulerUtil   : RandomLocalDateTime created for field CreateAt
2024-08-25T10:32:22.079+03:30  INFO 53390 --- [UIdashboard] [scheduling-1] c.c.uidashboard.schedule.SchedulerUtil   : generated number for assign an status to a task 0
2024-08-25T10:32:22.079+03:30  INFO 53390 --- [UIdashboard] [scheduling-1] c.c.uidashboard.schedule.SchedulerUtil   : RandomLocalDateTime created for field CreateAt
2024-08-25T10:32:22.081+03:30  INFO 53390 --- [UIdashboard] [scheduling-1] c.ceadar.uidashboard.schedule.Scheduler  : add new batch task finished in 2024-08-25T10:32:22.081407
2024-08-25T10:32:52.082+03:30  INFO 53390 --- [UIdashboard] [scheduling-1] c.ceadar.uidashboard.schedule.Scheduler  : tasks fetching from database for update count: 9
2024-08-25T10:32:52.083+03:30  INFO 53390 --- [UIdashboard] [scheduling-1] c.c.uidashboard.schedule.SchedulerUtil   : generated number for assign an status to a task 3
2024-08-25T10:32:52.083+03:30  INFO 53390 --- [UIdashboard] [scheduling-1] c.c.uidashboard.service.TaskService      : updating, task id: 41
2024-08-25T10:32:52.086+03:30 DEBUG 53390 --- [UIdashboard] [scheduling-1] c.ceadar.uidashboard.schedule.Scheduler  : task 41 , Task 41 is updated
2024-08-25T10:32:52.086+03:30  INFO 53390 --- [UIdashboard] [scheduling-1] c.c.uidashboard.schedule.SchedulerUtil   : generated number for assign an status to a task 4
2024-08-25T10:32:52.086+03:30  INFO 53390 --- [UIdashboard] [scheduling-1] c.c.uidashboard.service.TaskService      : updating, task id: 52
2024-08-25T10:32:52.088+03:30 DEBUG 53390 --- [UIdashboard] [scheduling-1] c.ceadar.uidashboard.schedule.Scheduler  : task 52 , Task 52 is updated
2024-08-25T10:32:52.088+03:30  INFO 53390 --- [UIdashboard] [scheduling-1] c.c.uidashboard.schedule.SchedulerUtil   : generated number for assign an status to a task 2
2024-08-25T10:32:52.088+03:30  INFO 53390 --- [UIdashboard] [scheduling-1] c.c.uidashboard.service.TaskService      : updating, task id: 58
2024-08-25T10:32:52.089+03:30 DEBUG 53390 --- [UIdashboard] [scheduling-1] c.ceadar.uidashboard.schedule.Scheduler  : task 58 , Task 58 is updated
2024-08-25T10:32:52.089+03:30  INFO 53390 --- [UIdashboard] [scheduling-1] c.c.uidashboard.schedule.SchedulerUtil   : generated number for assign an status to a task 4
2024-08-25T10:32:52.090+03:30  INFO 53390 --- [UIdashboard] [scheduling-1] c.c.uidashboard.service.TaskService      : updating, task id: 59
2024-08-25T10:32:52.091+03:30 DEBUG 53390 --- [UIdashboard] [scheduling-1] c.ceadar.uidashboard.schedule.Scheduler  : task 59 , Task 59 is updated
2024-08-25T10:32:52.091+03:30  INFO 53390 --- [UIdashboard] [scheduling-1] c.c.uidashboard.schedule.SchedulerUtil   : generated number for assign an status to a task 1
2024-08-25T10:32:52.091+03:30  INFO 53390 --- [UIdashboard] [scheduling-1] c.c.uidashboard.service.TaskService      : updating, task id: 60
2024-08-25T10:32:52.092+03:30 DEBUG 53390 --- [UIdashboard] [scheduling-1] c.ceadar.uidashboard.schedule.Scheduler  : task 60 , Task 60 is updated
2024-08-25T10:32:52.092+03:30  INFO 53390 --- [UIdashboard] [scheduling-1] c.c.uidashboard.schedule.SchedulerUtil   : generated number for assign an status to a task 3
2024-08-25T10:32:52.092+03:30  INFO 53390 --- [UIdashboard] [scheduling-1] c.c.uidashboard.service.TaskService      : updating, task id: 61
2024-08-25T10:32:52.093+03:30 DEBUG 53390 --- [UIdashboard] [scheduling-1] c.ceadar.uidashboard.schedule.Scheduler  : task 61 , Task 61 is updated
2024-08-25T10:32:52.093+03:30  INFO 53390 --- [UIdashboard] [scheduling-1] c.c.uidashboard.schedule.SchedulerUtil   : generated number for assign an status to a task 4
2024-08-25T10:32:52.093+03:30  INFO 53390 --- [UIdashboard] [scheduling-1] c.c.uidashboard.service.TaskService      : updating, task id: 62
2024-08-25T10:32:52.094+03:30 DEBUG 53390 --- [UIdashboard] [scheduling-1] c.ceadar.uidashboard.schedule.Scheduler  : task 62 , Task 62 is updated
2024-08-25T10:32:52.094+03:30  INFO 53390 --- [UIdashboard] [scheduling-1] c.c.uidashboard.schedule.SchedulerUtil   : generated number for assign an status to a task 1
2024-08-25T10:32:52.095+03:30  INFO 53390 --- [UIdashboard] [scheduling-1] c.c.uidashboard.service.TaskService      : updating, task id: 63
2024-08-25T10:32:52.095+03:30 DEBUG 53390 --- [UIdashboard] [scheduling-1] c.ceadar.uidashboard.schedule.Scheduler  : task 63 , Task 63 is updated
2024-08-25T10:32:52.095+03:30  INFO 53390 --- [UIdashboard] [scheduling-1] c.c.uidashboard.schedule.SchedulerUtil   : generated number for assign an status to a task 0
2024-08-25T10:32:52.095+03:30  INFO 53390 --- [UIdashboard] [scheduling-1] c.c.uidashboard.service.TaskService      : updating, task id: 64
2024-08-25T10:32:52.096+03:30 DEBUG 53390 --- [UIdashboard] [scheduling-1] c.ceadar.uidashboard.schedule.Scheduler  : task 64 , Task 64 is updated
2024-08-25T10:33:12.075+03:30  INFO 53390 --- [UIdashboard] [scheduling-1] c.ceadar.uidashboard.schedule.Scheduler  : add new batch task to database in 2024-08-25T10:33:12.075217
2024-08-25T10:33:12.083+03:30  INFO 53390 --- [UIdashboard] [scheduling-1] c.c.uidashboard.schedule.SchedulerUtil   : generate new task
2024-08-25T10:33:12.084+03:30  INFO 53390 --- [UIdashboard] [scheduling-1] c.c.uidashboard.schedule.SchedulerUtil   : generated number for assign an status to a task 3
2024-08-25T10:33:12.084+03:30  INFO 53390 --- [UIdashboard] [scheduling-1] c.c.uidashboard.schedule.SchedulerUtil   : RandomLocalDateTime created for field CreateAt
2024-08-25T10:33:12.084+03:30  INFO 53390 --- [UIdashboard] [scheduling-1] c.c.uidashboard.schedule.SchedulerUtil   : generated number for assign an status to a task 4
2024-08-25T10:33:12.084+03:30  INFO 53390 --- [UIdashboard] [scheduling-1] c.c.uidashboard.schedule.SchedulerUtil   : RandomLocalDateTime created for field CreateAt
2024-08-25T10:33:12.084+03:30  INFO 53390 --- [UIdashboard] [scheduling-1] c.c.uidashboard.schedule.SchedulerUtil   : generated number for assign an status to a task 1
2024-08-25T10:33:12.084+03:30  INFO 53390 --- [UIdashboard] [scheduling-1] c.c.uidashboard.schedule.SchedulerUtil   : RandomLocalDateTime created for field CreateAt
2024-08-25T10:33:12.084+03:30  INFO 53390 --- [UIdashboard] [scheduling-1] c.c.uidashboard.schedule.SchedulerUtil   : generated number for assign an status to a task 2
2024-08-25T10:33:12.084+03:30  INFO 53390 --- [UIdashboard] [scheduling-1] c.c.uidashboard.schedule.SchedulerUtil   : RandomLocalDateTime created for field CreateAt
2024-08-25T10:33:12.086+03:30  INFO 53390 --- [UIdashboard] [scheduling-1] c.ceadar.uidashboard.schedule.Scheduler  : add new batch task finished in 2024-08-25T10:33:12.086977
2024-08-25T10:33:21.796+03:30  INFO 53390 --- [UIdashboard] [http-nio-8081-exec-3] c.c.u.controller.TaskController          : get AllTasks method is called in controller, 68 tasks found
2024-08-25T10:33:52.077+03:30  INFO 53390 --- [UIdashboard] [scheduling-1] c.ceadar.uidashboard.schedule.Scheduler  : tasks fetching from database for update count: 8
2024-08-25T10:33:52.079+03:30  INFO 53390 --- [UIdashboard] [scheduling-1] c.c.uidashboard.schedule.SchedulerUtil   : generated number for assign an status to a task 3
2024-08-25T10:33:52.079+03:30  INFO 53390 --- [UIdashboard] [scheduling-1] c.c.uidashboard.service.TaskService      : updating, task id: 58
2024-08-25T10:33:52.081+03:30 DEBUG 53390 --- [UIdashboard] [scheduling-1] c.ceadar.uidashboard.schedule.Scheduler  : task 58 , Task 58 is updated
2024-08-25T10:33:52.082+03:30  INFO 53390 --- [UIdashboard] [scheduling-1] c.c.uidashboard.schedule.SchedulerUtil   : generated number for assign an status to a task 2
2024-08-25T10:33:52.082+03:30  INFO 53390 --- [UIdashboard] [scheduling-1] c.c.uidashboard.service.TaskService      : updating, task id: 60
2024-08-25T10:33:52.083+03:30 DEBUG 53390 --- [UIdashboard] [scheduling-1] c.ceadar.uidashboard.schedule.Scheduler  : task 60 , Task 60 is updated
2024-08-25T10:33:52.083+03:30  INFO 53390 --- [UIdashboard] [scheduling-1] c.c.uidashboard.schedule.SchedulerUtil   : generated number for assign an status to a task 4
2024-08-25T10:33:52.083+03:30  INFO 53390 --- [UIdashboard] [scheduling-1] c.c.uidashboard.service.TaskService      : updating, task id: 63
2024-08-25T10:33:52.083+03:30 DEBUG 53390 --- [UIdashboard] [scheduling-1] c.ceadar.uidashboard.schedule.Scheduler  : task 63 , Task 63 is updated
2024-08-25T10:33:52.083+03:30  INFO 53390 --- [UIdashboard] [scheduling-1] c.c.uidashboard.schedule.SchedulerUtil   : generated number for assign an status to a task 1
2024-08-25T10:33:52.083+03:30  INFO 53390 --- [UIdashboard] [scheduling-1] c.c.uidashboard.service.TaskService      : updating, task id: 64
2024-08-25T10:33:52.084+03:30 DEBUG 53390 --- [UIdashboard] [scheduling-1] c.ceadar.uidashboard.schedule.Scheduler  : task 64 , Task 64 is updated
2024-08-25T10:33:52.084+03:30  INFO 53390 --- [UIdashboard] [scheduling-1] c.c.uidashboard.schedule.SchedulerUtil   : generated number for assign an status to a task 1
2024-08-25T10:33:52.084+03:30  INFO 53390 --- [UIdashboard] [scheduling-1] c.c.uidashboard.service.TaskService      : updating, task id: 65
2024-08-25T10:33:52.085+03:30 DEBUG 53390 --- [UIdashboard] [scheduling-1] c.ceadar.uidashboard.schedule.Scheduler  : task 65 , Task 65 is updated
2024-08-25T10:33:52.085+03:30  INFO 53390 --- [UIdashboard] [scheduling-1] c.c.uidashboard.schedule.SchedulerUtil   : generated number for assign an status to a task 2
2024-08-25T10:33:52.085+03:30  INFO 53390 --- [UIdashboard] [scheduling-1] c.c.uidashboard.service.TaskService      : updating, task id: 66
2024-08-25T10:33:52.087+03:30 DEBUG 53390 --- [UIdashboard] [scheduling-1] c.ceadar.uidashboard.schedule.Scheduler  : task 66 , Task 66 is updated
2024-08-25T10:33:52.087+03:30  INFO 53390 --- [UIdashboard] [scheduling-1] c.c.uidashboard.schedule.SchedulerUtil   : generated number for assign an status to a task 0
2024-08-25T10:33:52.087+03:30  INFO 53390 --- [UIdashboard] [scheduling-1] c.c.uidashboard.service.TaskService      : updating, task id: 67
2024-08-25T10:33:52.088+03:30 DEBUG 53390 --- [UIdashboard] [scheduling-1] c.ceadar.uidashboard.schedule.Scheduler  : task 67 , Task 67 is updated
2024-08-25T10:33:52.088+03:30  INFO 53390 --- [UIdashboard] [scheduling-1] c.c.uidashboard.schedule.SchedulerUtil   : generated number for assign an status to a task 4
2024-08-25T10:33:52.088+03:30  INFO 53390 --- [UIdashboard] [scheduling-1] c.c.uidashboard.service.TaskService      : updating, task id: 68
2024-08-25T10:33:52.089+03:30 DEBUG 53390 --- [UIdashboard] [scheduling-1] c.ceadar.uidashboard.schedule.Scheduler  : task 68 , Task 68 is updated
2024-08-25T10:34:02.073+03:30  INFO 53390 --- [UIdashboard] [scheduling-1] c.ceadar.uidashboard.schedule.Scheduler  : add new batch task to database in 2024-08-25T10:34:02.073241
2024-08-25T10:34:02.078+03:30  INFO 53390 --- [UIdashboard] [scheduling-1] c.c.uidashboard.schedule.SchedulerUtil   : generate new task
2024-08-25T10:34:02.080+03:30  INFO 53390 --- [UIdashboard] [scheduling-1] c.c.uidashboard.schedule.SchedulerUtil   : generated number for assign an status to a task 0
2024-08-25T10:34:02.080+03:30  INFO 53390 --- [UIdashboard] [scheduling-1] c.c.uidashboard.schedule.SchedulerUtil   : RandomLocalDateTime created for field CreateAt
2024-08-25T10:34:02.080+03:30  INFO 53390 --- [UIdashboard] [scheduling-1] c.c.uidashboard.schedule.SchedulerUtil   : generated number for assign an status to a task 3
2024-08-25T10:34:02.080+03:30  INFO 53390 --- [UIdashboard] [scheduling-1] c.c.uidashboard.schedule.SchedulerUtil   : RandomLocalDateTime created for field CreateAt
2024-08-25T10:34:02.080+03:30  INFO 53390 --- [UIdashboard] [scheduling-1] c.c.uidashboard.schedule.SchedulerUtil   : generated number for assign an status to a task 0
2024-08-25T10:34:02.080+03:30  INFO 53390 --- [UIdashboard] [scheduling-1] c.c.uidashboard.schedule.SchedulerUtil   : RandomLocalDateTime created for field CreateAt
2024-08-25T10:34:02.080+03:30  INFO 53390 --- [UIdashboard] [scheduling-1] c.c.uidashboard.schedule.SchedulerUtil   : generated number for assign an status to a task 0
2024-08-25T10:34:02.080+03:30  INFO 53390 --- [UIdashboard] [scheduling-1] c.c.uidashboard.schedule.SchedulerUtil   : RandomLocalDateTime created for field CreateAt
2024-08-25T10:34:02.082+03:30  INFO 53390 --- [UIdashboard] [scheduling-1] c.ceadar.uidashboard.schedule.Scheduler  : add new batch task finished in 2024-08-25T10:34:02.082948
2024-08-25T10:34:21.784+03:30  INFO 53390 --- [UIdashboard] [http-nio-8081-exec-5] c.c.u.controller.TaskController          : get AllTasks method is called in controller, 72 tasks found
2024-08-25T10:34:52.074+03:30  INFO 53390 --- [UIdashboard] [scheduling-1] c.ceadar.uidashboard.schedule.Scheduler  : tasks fetching from database for update count: 9
2024-08-25T10:34:52.075+03:30  INFO 53390 --- [UIdashboard] [scheduling-1] c.c.uidashboard.schedule.SchedulerUtil   : generated number for assign an status to a task 1
2024-08-25T10:34:52.075+03:30  INFO 53390 --- [UIdashboard] [scheduling-1] c.c.uidashboard.service.TaskService      : updating, task id: 60
2024-08-25T10:34:52.077+03:30 DEBUG 53390 --- [UIdashboard] [scheduling-1] c.ceadar.uidashboard.schedule.Scheduler  : task 60 , Task 60 is updated
2024-08-25T10:34:52.077+03:30  INFO 53390 --- [UIdashboard] [scheduling-1] c.c.uidashboard.schedule.SchedulerUtil   : generated number for assign an status to a task 4
2024-08-25T10:34:52.077+03:30  INFO 53390 --- [UIdashboard] [scheduling-1] c.c.uidashboard.service.TaskService      : updating, task id: 64
2024-08-25T10:34:52.078+03:30 DEBUG 53390 --- [UIdashboard] [scheduling-1] c.ceadar.uidashboard.schedule.Scheduler  : task 64 , Task 64 is updated
2024-08-25T10:34:52.078+03:30  INFO 53390 --- [UIdashboard] [scheduling-1] c.c.uidashboard.schedule.SchedulerUtil   : generated number for assign an status to a task 4
2024-08-25T10:34:52.078+03:30  INFO 53390 --- [UIdashboard] [scheduling-1] c.c.uidashboard.service.TaskService      : updating, task id: 65
2024-08-25T10:34:52.079+03:30 DEBUG 53390 --- [UIdashboard] [scheduling-1] c.ceadar.uidashboard.schedule.Scheduler  : task 65 , Task 65 is updated
2024-08-25T10:34:52.079+03:30  INFO 53390 --- [UIdashboard] [scheduling-1] c.c.uidashboard.schedule.SchedulerUtil   : generated number for assign an status to a task 4
2024-08-25T10:34:52.079+03:30  INFO 53390 --- [UIdashboard] [scheduling-1] c.c.uidashboard.service.TaskService      : updating, task id: 66
2024-08-25T10:34:52.080+03:30 DEBUG 53390 --- [UIdashboard] [scheduling-1] c.ceadar.uidashboard.schedule.Scheduler  : task 66 , Task 66 is updated
2024-08-25T10:34:52.080+03:30  INFO 53390 --- [UIdashboard] [scheduling-1] c.c.uidashboard.schedule.SchedulerUtil   : generated number for assign an status to a task 3
2024-08-25T10:34:52.080+03:30  INFO 53390 --- [UIdashboard] [scheduling-1] c.c.uidashboard.service.TaskService      : updating, task id: 67
2024-08-25T10:34:52.081+03:30 DEBUG 53390 --- [UIdashboard] [scheduling-1] c.ceadar.uidashboard.schedule.Scheduler  : task 67 , Task 67 is updated
2024-08-25T10:34:52.081+03:30  INFO 53390 --- [UIdashboard] [scheduling-1] c.c.uidashboard.schedule.SchedulerUtil   : generated number for assign an status to a task 1
2024-08-25T10:34:52.081+03:30  INFO 53390 --- [UIdashboard] [scheduling-1] c.c.uidashboard.service.TaskService      : updating, task id: 69
2024-08-25T10:34:52.081+03:30 DEBUG 53390 --- [UIdashboard] [scheduling-1] c.ceadar.uidashboard.schedule.Scheduler  : task 69 , Task 69 is updated
2024-08-25T10:34:52.081+03:30  INFO 53390 --- [UIdashboard] [scheduling-1] c.c.uidashboard.schedule.SchedulerUtil   : generated number for assign an status to a task 4
2024-08-25T10:34:52.081+03:30  INFO 53390 --- [UIdashboard] [scheduling-1] c.c.uidashboard.service.TaskService      : updating, task id: 70
2024-08-25T10:34:52.081+03:30 DEBUG 53390 --- [UIdashboard] [scheduling-1] c.ceadar.uidashboard.schedule.Scheduler  : task 70 , Task 70 is updated
2024-08-25T10:34:52.082+03:30  INFO 53390 --- [UIdashboard] [scheduling-1] c.c.uidashboard.schedule.SchedulerUtil   : generated number for assign an status to a task 4
2024-08-25T10:34:52.082+03:30  INFO 53390 --- [UIdashboard] [scheduling-1] c.c.uidashboard.service.TaskService      : updating, task id: 71
2024-08-25T10:34:52.082+03:30 DEBUG 53390 --- [UIdashboard] [scheduling-1] c.ceadar.uidashboard.schedule.Scheduler  : task 71 , Task 71 is updated
2024-08-25T10:34:52.082+03:30  INFO 53390 --- [UIdashboard] [scheduling-1] c.c.uidashboard.schedule.SchedulerUtil   : generated number for assign an status to a task 3
2024-08-25T10:34:52.082+03:30  INFO 53390 --- [UIdashboard] [scheduling-1] c.c.uidashboard.service.TaskService      : updating, task id: 72
2024-08-25T10:34:52.082+03:30 DEBUG 53390 --- [UIdashboard] [scheduling-1] c.ceadar.uidashboard.schedule.Scheduler  : task 72 , Task 72 is updated
2024-08-25T10:34:52.082+03:30  INFO 53390 --- [UIdashboard] [scheduling-1] c.ceadar.uidashboard.schedule.Scheduler  : add new batch task to database in 2024-08-25T10:34:52.082786
2024-08-25T10:34:52.083+03:30  INFO 53390 --- [UIdashboard] [scheduling-1] c.c.uidashboard.schedule.SchedulerUtil   : generate new task
2024-08-25T10:34:52.083+03:30  INFO 53390 --- [UIdashboard] [scheduling-1] c.c.uidashboard.schedule.SchedulerUtil   : generated number for assign an status to a task 1
2024-08-25T10:34:52.084+03:30  INFO 53390 --- [UIdashboard] [scheduling-1] c.c.uidashboard.schedule.SchedulerUtil   : RandomLocalDateTime created for field CreateAt
2024-08-25T10:34:52.084+03:30  INFO 53390 --- [UIdashboard] [scheduling-1] c.c.uidashboard.schedule.SchedulerUtil   : generated number for assign an status to a task 2
2024-08-25T10:34:52.084+03:30  INFO 53390 --- [UIdashboard] [scheduling-1] c.c.uidashboard.schedule.SchedulerUtil   : RandomLocalDateTime created for field CreateAt
2024-08-25T10:34:52.084+03:30  INFO 53390 --- [UIdashboard] [scheduling-1] c.c.uidashboard.schedule.SchedulerUtil   : generated number for assign an status to a task 2
2024-08-25T10:34:52.084+03:30  INFO 53390 --- [UIdashboard] [scheduling-1] c.c.uidashboard.schedule.SchedulerUtil   : RandomLocalDateTime created for field CreateAt
2024-08-25T10:34:52.084+03:30  INFO 53390 --- [UIdashboard] [scheduling-1] c.c.uidashboard.schedule.SchedulerUtil   : generated number for assign an status to a task 1
2024-08-25T10:34:52.084+03:30  INFO 53390 --- [UIdashboard] [scheduling-1] c.c.uidashboard.schedule.SchedulerUtil   : RandomLocalDateTime created for field CreateAt
2024-08-25T10:34:52.084+03:30  INFO 53390 --- [UIdashboard] [scheduling-1] c.ceadar.uidashboard.schedule.Scheduler  : add new batch task finished in 2024-08-25T10:34:52.084656
2024-08-25T10:35:21.786+03:30  INFO 53390 --- [UIdashboard] [http-nio-8081-exec-7] c.c.u.controller.TaskController          : get AllTasks method is called in controller, 76 tasks found
2024-08-25T10:35:42.075+03:30  INFO 53390 --- [UIdashboard] [scheduling-1] c.ceadar.uidashboard.schedule.Scheduler  : add new batch task to database in 2024-08-25T10:35:42.075096
2024-08-25T10:35:42.082+03:30  INFO 53390 --- [UIdashboard] [scheduling-1] c.c.uidashboard.schedule.SchedulerUtil   : generate new task
2024-08-25T10:35:42.083+03:30  INFO 53390 --- [UIdashboard] [scheduling-1] c.c.uidashboard.schedule.SchedulerUtil   : generated number for assign an status to a task 2
2024-08-25T10:35:42.083+03:30  INFO 53390 --- [UIdashboard] [scheduling-1] c.c.uidashboard.schedule.SchedulerUtil   : RandomLocalDateTime created for field CreateAt
2024-08-25T10:35:42.083+03:30  INFO 53390 --- [UIdashboard] [scheduling-1] c.c.uidashboard.schedule.SchedulerUtil   : generated number for assign an status to a task 0
2024-08-25T10:35:42.083+03:30  INFO 53390 --- [UIdashboard] [scheduling-1] c.c.uidashboard.schedule.SchedulerUtil   : RandomLocalDateTime created for field CreateAt
2024-08-25T10:35:42.083+03:30  INFO 53390 --- [UIdashboard] [scheduling-1] c.c.uidashboard.schedule.SchedulerUtil   : generated number for assign an status to a task 1
2024-08-25T10:35:42.083+03:30  INFO 53390 --- [UIdashboard] [scheduling-1] c.c.uidashboard.schedule.SchedulerUtil   : RandomLocalDateTime created for field CreateAt
2024-08-25T10:35:42.083+03:30  INFO 53390 --- [UIdashboard] [scheduling-1] c.c.uidashboard.schedule.SchedulerUtil   : generated number for assign an status to a task 2
2024-08-25T10:35:42.083+03:30  INFO 53390 --- [UIdashboard] [scheduling-1] c.c.uidashboard.schedule.SchedulerUtil   : RandomLocalDateTime created for field CreateAt
2024-08-25T10:35:42.085+03:30  INFO 53390 --- [UIdashboard] [scheduling-1] c.ceadar.uidashboard.schedule.Scheduler  : add new batch task finished in 2024-08-25T10:35:42.085410
2024-08-25T10:35:52.079+03:30  INFO 53390 --- [UIdashboard] [scheduling-1] c.ceadar.uidashboard.schedule.Scheduler  : tasks fetching from database for update count: 10
2024-08-25T10:35:52.079+03:30  INFO 53390 --- [UIdashboard] [scheduling-1] c.c.uidashboard.schedule.SchedulerUtil   : generated number for assign an status to a task 3
2024-08-25T10:35:52.079+03:30  INFO 53390 --- [UIdashboard] [scheduling-1] c.c.uidashboard.service.TaskService      : updating, task id: 60
2024-08-25T10:35:52.082+03:30 DEBUG 53390 --- [UIdashboard] [scheduling-1] c.ceadar.uidashboard.schedule.Scheduler  : task 60 , Task 60 is updated
2024-08-25T10:35:52.082+03:30  INFO 53390 --- [UIdashboard] [scheduling-1] c.c.uidashboard.schedule.SchedulerUtil   : generated number for assign an status to a task 2
2024-08-25T10:35:52.082+03:30  INFO 53390 --- [UIdashboard] [scheduling-1] c.c.uidashboard.service.TaskService      : updating, task id: 69
2024-08-25T10:35:52.084+03:30 DEBUG 53390 --- [UIdashboard] [scheduling-1] c.ceadar.uidashboard.schedule.Scheduler  : task 69 , Task 69 is updated
2024-08-25T10:35:52.084+03:30  INFO 53390 --- [UIdashboard] [scheduling-1] c.c.uidashboard.schedule.SchedulerUtil   : generated number for assign an status to a task 1
2024-08-25T10:35:52.084+03:30  INFO 53390 --- [UIdashboard] [scheduling-1] c.c.uidashboard.service.TaskService      : updating, task id: 73
2024-08-25T10:35:52.084+03:30 DEBUG 53390 --- [UIdashboard] [scheduling-1] c.ceadar.uidashboard.schedule.Scheduler  : task 73 , Task 73 is updated
2024-08-25T10:35:52.084+03:30  INFO 53390 --- [UIdashboard] [scheduling-1] c.c.uidashboard.schedule.SchedulerUtil   : generated number for assign an status to a task 3
2024-08-25T10:35:52.084+03:30  INFO 53390 --- [UIdashboard] [scheduling-1] c.c.uidashboard.service.TaskService      : updating, task id: 74
2024-08-25T10:35:52.085+03:30 DEBUG 53390 --- [UIdashboard] [scheduling-1] c.ceadar.uidashboard.schedule.Scheduler  : task 74 , Task 74 is updated
2024-08-25T10:35:52.085+03:30  INFO 53390 --- [UIdashboard] [scheduling-1] c.c.uidashboard.schedule.SchedulerUtil   : generated number for assign an status to a task 3
2024-08-25T10:35:52.086+03:30  INFO 53390 --- [UIdashboard] [scheduling-1] c.c.uidashboard.service.TaskService      : updating, task id: 75
2024-08-25T10:35:52.086+03:30 DEBUG 53390 --- [UIdashboard] [scheduling-1] c.ceadar.uidashboard.schedule.Scheduler  : task 75 , Task 75 is updated
2024-08-25T10:35:52.086+03:30  INFO 53390 --- [UIdashboard] [scheduling-1] c.c.uidashboard.schedule.SchedulerUtil   : generated number for assign an status to a task 1
2024-08-25T10:35:52.086+03:30  INFO 53390 --- [UIdashboard] [scheduling-1] c.c.uidashboard.service.TaskService      : updating, task id: 76
2024-08-25T10:35:52.087+03:30 DEBUG 53390 --- [UIdashboard] [scheduling-1] c.ceadar.uidashboard.schedule.Scheduler  : task 76 , Task 76 is updated
2024-08-25T10:35:52.087+03:30  INFO 53390 --- [UIdashboard] [scheduling-1] c.c.uidashboard.schedule.SchedulerUtil   : generated number for assign an status to a task 1
2024-08-25T10:35:52.087+03:30  INFO 53390 --- [UIdashboard] [scheduling-1] c.c.uidashboard.service.TaskService      : updating, task id: 77
2024-08-25T10:35:52.087+03:30 DEBUG 53390 --- [UIdashboard] [scheduling-1] c.ceadar.uidashboard.schedule.Scheduler  : task 77 , Task 77 is updated
2024-08-25T10:35:52.087+03:30  INFO 53390 --- [UIdashboard] [scheduling-1] c.c.uidashboard.schedule.SchedulerUtil   : generated number for assign an status to a task 3
2024-08-25T10:35:52.087+03:30  INFO 53390 --- [UIdashboard] [scheduling-1] c.c.uidashboard.service.TaskService      : updating, task id: 78
2024-08-25T10:35:52.088+03:30 DEBUG 53390 --- [UIdashboard] [scheduling-1] c.ceadar.uidashboard.schedule.Scheduler  : task 78 , Task 78 is updated
2024-08-25T10:35:52.088+03:30  INFO 53390 --- [UIdashboard] [scheduling-1] c.c.uidashboard.schedule.SchedulerUtil   : generated number for assign an status to a task 4
2024-08-25T10:35:52.088+03:30  INFO 53390 --- [UIdashboard] [scheduling-1] c.c.uidashboard.service.TaskService      : updating, task id: 79
2024-08-25T10:35:52.089+03:30 DEBUG 53390 --- [UIdashboard] [scheduling-1] c.ceadar.uidashboard.schedule.Scheduler  : task 79 , Task 79 is updated
2024-08-25T10:35:52.089+03:30  INFO 53390 --- [UIdashboard] [scheduling-1] c.c.uidashboard.schedule.SchedulerUtil   : generated number for assign an status to a task 3
2024-08-25T10:35:52.089+03:30  INFO 53390 --- [UIdashboard] [scheduling-1] c.c.uidashboard.service.TaskService      : updating, task id: 80
2024-08-25T10:35:52.089+03:30 DEBUG 53390 --- [UIdashboard] [scheduling-1] c.ceadar.uidashboard.schedule.Scheduler  : task 80 , Task 80 is updated
2024-08-25T10:36:21.791+03:30  INFO 53390 --- [UIdashboard] [http-nio-8081-exec-9] c.c.u.controller.TaskController          : get AllTasks method is called in controller, 80 tasks found
2024-08-25T10:36:32.090+03:30  INFO 53390 --- [UIdashboard] [scheduling-1] c.ceadar.uidashboard.schedule.Scheduler  : add new batch task to database in 2024-08-25T10:36:32.090562
2024-08-25T10:36:32.096+03:30  INFO 53390 --- [UIdashboard] [scheduling-1] c.c.uidashboard.schedule.SchedulerUtil   : generate new task
2024-08-25T10:36:32.097+03:30  INFO 53390 --- [UIdashboard] [scheduling-1] c.c.uidashboard.schedule.SchedulerUtil   : generated number for assign an status to a task 4
2024-08-25T10:36:32.097+03:30  INFO 53390 --- [UIdashboard] [scheduling-1] c.c.uidashboard.schedule.SchedulerUtil   : RandomLocalDateTime created for field CreateAt
2024-08-25T10:36:32.097+03:30  INFO 53390 --- [UIdashboard] [scheduling-1] c.c.uidashboard.schedule.SchedulerUtil   : generated number for assign an status to a task 0
2024-08-25T10:36:32.097+03:30  INFO 53390 --- [UIdashboard] [scheduling-1] c.c.uidashboard.schedule.SchedulerUtil   : RandomLocalDateTime created for field CreateAt
2024-08-25T10:36:32.097+03:30  INFO 53390 --- [UIdashboard] [scheduling-1] c.c.uidashboard.schedule.SchedulerUtil   : generated number for assign an status to a task 2
2024-08-25T10:36:32.097+03:30  INFO 53390 --- [UIdashboard] [scheduling-1] c.c.uidashboard.schedule.SchedulerUtil   : RandomLocalDateTime created for field CreateAt
2024-08-25T10:36:32.097+03:30  INFO 53390 --- [UIdashboard] [scheduling-1] c.c.uidashboard.schedule.SchedulerUtil   : generated number for assign an status to a task 1
2024-08-25T10:36:32.097+03:30  INFO 53390 --- [UIdashboard] [scheduling-1] c.c.uidashboard.schedule.SchedulerUtil   : RandomLocalDateTime created for field CreateAt
2024-08-25T10:36:32.100+03:30  INFO 53390 --- [UIdashboard] [scheduling-1] c.ceadar.uidashboard.schedule.Scheduler  : add new batch task finished in 2024-08-25T10:36:32.099989
2024-08-25T10:36:52.122+03:30  INFO 53390 --- [UIdashboard] [scheduling-1] c.ceadar.uidashboard.schedule.Scheduler  : tasks fetching from database for update count: 8
2024-08-25T10:36:52.124+03:30  INFO 53390 --- [UIdashboard] [scheduling-1] c.c.uidashboard.schedule.SchedulerUtil   : generated number for assign an status to a task 0
2024-08-25T10:36:52.124+03:30  INFO 53390 --- [UIdashboard] [scheduling-1] c.c.uidashboard.service.TaskService      : updating, task id: 69
2024-08-25T10:36:52.127+03:30 DEBUG 53390 --- [UIdashboard] [scheduling-1] c.ceadar.uidashboard.schedule.Scheduler  : task 69 , Task 69 is updated
2024-08-25T10:36:52.127+03:30  INFO 53390 --- [UIdashboard] [scheduling-1] c.c.uidashboard.schedule.SchedulerUtil   : generated number for assign an status to a task 2
2024-08-25T10:36:52.127+03:30  INFO 53390 --- [UIdashboard] [scheduling-1] c.c.uidashboard.service.TaskService      : updating, task id: 73
2024-08-25T10:36:52.128+03:30 DEBUG 53390 --- [UIdashboard] [scheduling-1] c.ceadar.uidashboard.schedule.Scheduler  : task 73 , Task 73 is updated
2024-08-25T10:36:52.128+03:30  INFO 53390 --- [UIdashboard] [scheduling-1] c.c.uidashboard.schedule.SchedulerUtil   : generated number for assign an status to a task 4
2024-08-25T10:36:52.128+03:30  INFO 53390 --- [UIdashboard] [scheduling-1] c.c.uidashboard.service.TaskService      : updating, task id: 76
2024-08-25T10:36:52.129+03:30 DEBUG 53390 --- [UIdashboard] [scheduling-1] c.ceadar.uidashboard.schedule.Scheduler  : task 76 , Task 76 is updated
2024-08-25T10:36:52.129+03:30  INFO 53390 --- [UIdashboard] [scheduling-1] c.c.uidashboard.schedule.SchedulerUtil   : generated number for assign an status to a task 4
2024-08-25T10:36:52.129+03:30  INFO 53390 --- [UIdashboard] [scheduling-1] c.c.uidashboard.service.TaskService      : updating, task id: 77
2024-08-25T10:36:52.130+03:30 DEBUG 53390 --- [UIdashboard] [scheduling-1] c.ceadar.uidashboard.schedule.Scheduler  : task 77 , Task 77 is updated
2024-08-25T10:36:52.130+03:30  INFO 53390 --- [UIdashboard] [scheduling-1] c.c.uidashboard.schedule.SchedulerUtil   : generated number for assign an status to a task 0
2024-08-25T10:36:52.130+03:30  INFO 53390 --- [UIdashboard] [scheduling-1] c.c.uidashboard.service.TaskService      : updating, task id: 81
2024-08-25T10:36:52.131+03:30 DEBUG 53390 --- [UIdashboard] [scheduling-1] c.ceadar.uidashboard.schedule.Scheduler  : task 81 , Task 81 is updated
2024-08-25T10:36:52.131+03:30  INFO 53390 --- [UIdashboard] [scheduling-1] c.c.uidashboard.schedule.SchedulerUtil   : generated number for assign an status to a task 1
2024-08-25T10:36:52.131+03:30  INFO 53390 --- [UIdashboard] [scheduling-1] c.c.uidashboard.service.TaskService      : updating, task id: 82
2024-08-25T10:36:52.131+03:30 DEBUG 53390 --- [UIdashboard] [scheduling-1] c.ceadar.uidashboard.schedule.Scheduler  : task 82 , Task 82 is updated
2024-08-25T10:36:52.131+03:30  INFO 53390 --- [UIdashboard] [scheduling-1] c.c.uidashboard.schedule.SchedulerUtil   : generated number for assign an status to a task 0
2024-08-25T10:36:52.131+03:30  INFO 53390 --- [UIdashboard] [scheduling-1] c.c.uidashboard.service.TaskService      : updating, task id: 83
2024-08-25T10:36:52.132+03:30 DEBUG 53390 --- [UIdashboard] [scheduling-1] c.ceadar.uidashboard.schedule.Scheduler  : task 83 , Task 83 is updated
2024-08-25T10:36:52.132+03:30  INFO 53390 --- [UIdashboard] [scheduling-1] c.c.uidashboard.schedule.SchedulerUtil   : generated number for assign an status to a task 4
2024-08-25T10:36:52.132+03:30  INFO 53390 --- [UIdashboard] [scheduling-1] c.c.uidashboard.service.TaskService      : updating, task id: 84
2024-08-25T10:36:52.133+03:30 DEBUG 53390 --- [UIdashboard] [scheduling-1] c.ceadar.uidashboard.schedule.Scheduler  : task 84 , Task 84 is updated
2024-08-25T10:37:21.836+03:30  INFO 53390 --- [UIdashboard] [http-nio-8081-exec-1] c.c.u.controller.TaskController          : get AllTasks method is called in controller, 84 tasks found
2024-08-25T10:37:22.119+03:30  INFO 53390 --- [UIdashboard] [scheduling-1] c.ceadar.uidashboard.schedule.Scheduler  : add new batch task to database in 2024-08-25T10:37:22.119202
2024-08-25T10:37:22.122+03:30  INFO 53390 --- [UIdashboard] [scheduling-1] c.c.uidashboard.schedule.SchedulerUtil   : generate new task
2024-08-25T10:37:22.122+03:30  INFO 53390 --- [UIdashboard] [scheduling-1] c.c.uidashboard.schedule.SchedulerUtil   : generated number for assign an status to a task 2
2024-08-25T10:37:22.123+03:30  INFO 53390 --- [UIdashboard] [scheduling-1] c.c.uidashboard.schedule.SchedulerUtil   : RandomLocalDateTime created for field CreateAt
2024-08-25T10:37:22.123+03:30  INFO 53390 --- [UIdashboard] [scheduling-1] c.c.uidashboard.schedule.SchedulerUtil   : generated number for assign an status to a task 4
2024-08-25T10:37:22.123+03:30  INFO 53390 --- [UIdashboard] [scheduling-1] c.c.uidashboard.schedule.SchedulerUtil   : RandomLocalDateTime created for field CreateAt
2024-08-25T10:37:22.123+03:30  INFO 53390 --- [UIdashboard] [scheduling-1] c.c.uidashboard.schedule.SchedulerUtil   : generated number for assign an status to a task 4
2024-08-25T10:37:22.123+03:30  INFO 53390 --- [UIdashboard] [scheduling-1] c.c.uidashboard.schedule.SchedulerUtil   : RandomLocalDateTime created for field CreateAt
2024-08-25T10:37:22.123+03:30  INFO 53390 --- [UIdashboard] [scheduling-1] c.c.uidashboard.schedule.SchedulerUtil   : generated number for assign an status to a task 1
2024-08-25T10:37:22.123+03:30  INFO 53390 --- [UIdashboard] [scheduling-1] c.c.uidashboard.schedule.SchedulerUtil   : RandomLocalDateTime created for field CreateAt
2024-08-25T10:37:22.124+03:30  INFO 53390 --- [UIdashboard] [scheduling-1] c.ceadar.uidashboard.schedule.Scheduler  : add new batch task finished in 2024-08-25T10:37:22.124523
2024-08-25T10:37:52.123+03:30  INFO 53390 --- [UIdashboard] [scheduling-1] c.ceadar.uidashboard.schedule.Scheduler  : tasks fetching from database for update count: 9
2024-08-25T10:37:52.125+03:30  INFO 53390 --- [UIdashboard] [scheduling-1] c.c.uidashboard.schedule.SchedulerUtil   : generated number for assign an status to a task 4
2024-08-25T10:37:52.125+03:30  INFO 53390 --- [UIdashboard] [scheduling-1] c.c.uidashboard.service.TaskService      : updating, task id: 69
2024-08-25T10:37:52.127+03:30 DEBUG 53390 --- [UIdashboard] [scheduling-1] c.ceadar.uidashboard.schedule.Scheduler  : task 69 , Task 69 is updated
2024-08-25T10:37:52.127+03:30  INFO 53390 --- [UIdashboard] [scheduling-1] c.c.uidashboard.schedule.SchedulerUtil   : generated number for assign an status to a task 4
2024-08-25T10:37:52.127+03:30  INFO 53390 --- [UIdashboard] [scheduling-1] c.c.uidashboard.service.TaskService      : updating, task id: 73
2024-08-25T10:37:52.128+03:30 DEBUG 53390 --- [UIdashboard] [scheduling-1] c.ceadar.uidashboard.schedule.Scheduler  : task 73 , Task 73 is updated
2024-08-25T10:37:52.128+03:30  INFO 53390 --- [UIdashboard] [scheduling-1] c.c.uidashboard.schedule.SchedulerUtil   : generated number for assign an status to a task 1
2024-08-25T10:37:52.128+03:30  INFO 53390 --- [UIdashboard] [scheduling-1] c.c.uidashboard.service.TaskService      : updating, task id: 81
2024-08-25T10:37:52.129+03:30 DEBUG 53390 --- [UIdashboard] [scheduling-1] c.ceadar.uidashboard.schedule.Scheduler  : task 81 , Task 81 is updated
2024-08-25T10:37:52.129+03:30  INFO 53390 --- [UIdashboard] [scheduling-1] c.c.uidashboard.schedule.SchedulerUtil   : generated number for assign an status to a task 3
2024-08-25T10:37:52.129+03:30  INFO 53390 --- [UIdashboard] [scheduling-1] c.c.uidashboard.service.TaskService      : updating, task id: 82
2024-08-25T10:37:52.130+03:30 DEBUG 53390 --- [UIdashboard] [scheduling-1] c.ceadar.uidashboard.schedule.Scheduler  : task 82 , Task 82 is updated
2024-08-25T10:37:52.130+03:30  INFO 53390 --- [UIdashboard] [scheduling-1] c.c.uidashboard.schedule.SchedulerUtil   : generated number for assign an status to a task 3
2024-08-25T10:37:52.130+03:30  INFO 53390 --- [UIdashboard] [scheduling-1] c.c.uidashboard.service.TaskService      : updating, task id: 83
2024-08-25T10:37:52.130+03:30 DEBUG 53390 --- [UIdashboard] [scheduling-1] c.ceadar.uidashboard.schedule.Scheduler  : task 83 , Task 83 is updated
2024-08-25T10:37:52.131+03:30  INFO 53390 --- [UIdashboard] [scheduling-1] c.c.uidashboard.schedule.SchedulerUtil   : generated number for assign an status to a task 2
2024-08-25T10:37:52.131+03:30  INFO 53390 --- [UIdashboard] [scheduling-1] c.c.uidashboard.service.TaskService      : updating, task id: 85
2024-08-25T10:37:52.131+03:30 DEBUG 53390 --- [UIdashboard] [scheduling-1] c.ceadar.uidashboard.schedule.Scheduler  : task 85 , Task 85 is updated
2024-08-25T10:37:52.131+03:30  INFO 53390 --- [UIdashboard] [scheduling-1] c.c.uidashboard.schedule.SchedulerUtil   : generated number for assign an status to a task 3
2024-08-25T10:37:52.131+03:30  INFO 53390 --- [UIdashboard] [scheduling-1] c.c.uidashboard.service.TaskService      : updating, task id: 86
2024-08-25T10:37:52.132+03:30 DEBUG 53390 --- [UIdashboard] [scheduling-1] c.ceadar.uidashboard.schedule.Scheduler  : task 86 , Task 86 is updated
2024-08-25T10:37:52.132+03:30  INFO 53390 --- [UIdashboard] [scheduling-1] c.c.uidashboard.schedule.SchedulerUtil   : generated number for assign an status to a task 4
2024-08-25T10:37:52.132+03:30  INFO 53390 --- [UIdashboard] [scheduling-1] c.c.uidashboard.service.TaskService      : updating, task id: 87
2024-08-25T10:37:52.133+03:30 DEBUG 53390 --- [UIdashboard] [scheduling-1] c.ceadar.uidashboard.schedule.Scheduler  : task 87 , Task 87 is updated
2024-08-25T10:37:52.133+03:30  INFO 53390 --- [UIdashboard] [scheduling-1] c.c.uidashboard.schedule.SchedulerUtil   : generated number for assign an status to a task 2
2024-08-25T10:37:52.133+03:30  INFO 53390 --- [UIdashboard] [scheduling-1] c.c.uidashboard.service.TaskService      : updating, task id: 88
2024-08-25T10:37:52.134+03:30 DEBUG 53390 --- [UIdashboard] [scheduling-1] c.ceadar.uidashboard.schedule.Scheduler  : task 88 , Task 88 is updated
2024-08-25T10:38:12.121+03:30  INFO 53390 --- [UIdashboard] [scheduling-1] c.ceadar.uidashboard.schedule.Scheduler  : add new batch task to database in 2024-08-25T10:38:12.121285
2024-08-25T10:38:12.124+03:30  INFO 53390 --- [UIdashboard] [scheduling-1] c.c.uidashboard.schedule.SchedulerUtil   : generate new task
2024-08-25T10:38:12.125+03:30  INFO 53390 --- [UIdashboard] [scheduling-1] c.c.uidashboard.schedule.SchedulerUtil   : generated number for assign an status to a task 3
2024-08-25T10:38:12.125+03:30  INFO 53390 --- [UIdashboard] [scheduling-1] c.c.uidashboard.schedule.SchedulerUtil   : RandomLocalDateTime created for field CreateAt
2024-08-25T10:38:12.125+03:30  INFO 53390 --- [UIdashboard] [scheduling-1] c.c.uidashboard.schedule.SchedulerUtil   : generated number for assign an status to a task 1
2024-08-25T10:38:12.125+03:30  INFO 53390 --- [UIdashboard] [scheduling-1] c.c.uidashboard.schedule.SchedulerUtil   : RandomLocalDateTime created for field CreateAt
2024-08-25T10:38:12.125+03:30  INFO 53390 --- [UIdashboard] [scheduling-1] c.c.uidashboard.schedule.SchedulerUtil   : generated number for assign an status to a task 2
2024-08-25T10:38:12.125+03:30  INFO 53390 --- [UIdashboard] [scheduling-1] c.c.uidashboard.schedule.SchedulerUtil   : RandomLocalDateTime created for field CreateAt
2024-08-25T10:38:12.125+03:30  INFO 53390 --- [UIdashboard] [scheduling-1] c.c.uidashboard.schedule.SchedulerUtil   : generated number for assign an status to a task 3
2024-08-25T10:38:12.125+03:30  INFO 53390 --- [UIdashboard] [scheduling-1] c.c.uidashboard.schedule.SchedulerUtil   : RandomLocalDateTime created for field CreateAt
2024-08-25T10:38:12.126+03:30  INFO 53390 --- [UIdashboard] [scheduling-1] c.ceadar.uidashboard.schedule.Scheduler  : add new batch task finished in 2024-08-25T10:38:12.126868
2024-08-25T10:38:21.835+03:30  INFO 53390 --- [UIdashboard] [http-nio-8081-exec-3] c.c.u.controller.TaskController          : get AllTasks method is called in controller, 92 tasks found
2024-08-25T10:38:52.126+03:30  INFO 53390 --- [UIdashboard] [scheduling-1] c.ceadar.uidashboard.schedule.Scheduler  : tasks fetching from database for update count: 7
2024-08-25T10:38:52.127+03:30  INFO 53390 --- [UIdashboard] [scheduling-1] c.c.uidashboard.schedule.SchedulerUtil   : generated number for assign an status to a task 4
2024-08-25T10:38:52.127+03:30  INFO 53390 --- [UIdashboard] [scheduling-1] c.c.uidashboard.service.TaskService      : updating, task id: 81
2024-08-25T10:38:52.130+03:30 DEBUG 53390 --- [UIdashboard] [scheduling-1] c.ceadar.uidashboard.schedule.Scheduler  : task 81 , Task 81 is updated
2024-08-25T10:38:52.130+03:30  INFO 53390 --- [UIdashboard] [scheduling-1] c.c.uidashboard.schedule.SchedulerUtil   : generated number for assign an status to a task 2
2024-08-25T10:38:52.130+03:30  INFO 53390 --- [UIdashboard] [scheduling-1] c.c.uidashboard.service.TaskService      : updating, task id: 85
2024-08-25T10:38:52.131+03:30 DEBUG 53390 --- [UIdashboard] [scheduling-1] c.ceadar.uidashboard.schedule.Scheduler  : task 85 , Task 85 is updated
2024-08-25T10:38:52.131+03:30  INFO 53390 --- [UIdashboard] [scheduling-1] c.c.uidashboard.schedule.SchedulerUtil   : generated number for assign an status to a task 0
2024-08-25T10:38:52.131+03:30  INFO 53390 --- [UIdashboard] [scheduling-1] c.c.uidashboard.service.TaskService      : updating, task id: 88
2024-08-25T10:38:52.132+03:30 DEBUG 53390 --- [UIdashboard] [scheduling-1] c.ceadar.uidashboard.schedule.Scheduler  : task 88 , Task 88 is updated
2024-08-25T10:38:52.161+03:30  INFO 53390 --- [UIdashboard] [scheduling-1] c.c.uidashboard.schedule.SchedulerUtil   : generated number for assign an status to a task 4
2024-08-25T10:38:52.161+03:30  INFO 53390 --- [UIdashboard] [scheduling-1] c.c.uidashboard.service.TaskService      : updating, task id: 89
2024-08-25T10:38:52.161+03:30 DEBUG 53390 --- [UIdashboard] [scheduling-1] c.ceadar.uidashboard.schedule.Scheduler  : task 89 , Task 89 is updated
2024-08-25T10:38:52.161+03:30  INFO 53390 --- [UIdashboard] [scheduling-1] c.c.uidashboard.schedule.SchedulerUtil   : generated number for assign an status to a task 3
2024-08-25T10:38:52.161+03:30  INFO 53390 --- [UIdashboard] [scheduling-1] c.c.uidashboard.service.TaskService      : updating, task id: 90
2024-08-25T10:38:52.162+03:30 DEBUG 53390 --- [UIdashboard] [scheduling-1] c.ceadar.uidashboard.schedule.Scheduler  : task 90 , Task 90 is updated
2024-08-25T10:38:52.162+03:30  INFO 53390 --- [UIdashboard] [scheduling-1] c.c.uidashboard.schedule.SchedulerUtil   : generated number for assign an status to a task 3
2024-08-25T10:38:52.162+03:30  INFO 53390 --- [UIdashboard] [scheduling-1] c.c.uidashboard.service.TaskService      : updating, task id: 91
2024-08-25T10:38:52.162+03:30 DEBUG 53390 --- [UIdashboard] [scheduling-1] c.ceadar.uidashboard.schedule.Scheduler  : task 91 , Task 91 is updated
2024-08-25T10:38:52.162+03:30  INFO 53390 --- [UIdashboard] [scheduling-1] c.c.uidashboard.schedule.SchedulerUtil   : generated number for assign an status to a task 4
2024-08-25T10:38:52.162+03:30  INFO 53390 --- [UIdashboard] [scheduling-1] c.c.uidashboard.service.TaskService      : updating, task id: 92
2024-08-25T10:38:52.162+03:30 DEBUG 53390 --- [UIdashboard] [scheduling-1] c.ceadar.uidashboard.schedule.Scheduler  : task 92 , Task 92 is updated
2024-08-25T10:39:02.122+03:30  INFO 53390 --- [UIdashboard] [scheduling-1] c.ceadar.uidashboard.schedule.Scheduler  : add new batch task to database in 2024-08-25T10:39:02.122305
2024-08-25T10:39:02.128+03:30  INFO 53390 --- [UIdashboard] [scheduling-1] c.c.uidashboard.schedule.SchedulerUtil   : generate new task
2024-08-25T10:39:02.129+03:30  INFO 53390 --- [UIdashboard] [scheduling-1] c.c.uidashboard.schedule.SchedulerUtil   : generated number for assign an status to a task 2
2024-08-25T10:39:02.129+03:30  INFO 53390 --- [UIdashboard] [scheduling-1] c.c.uidashboard.schedule.SchedulerUtil   : RandomLocalDateTime created for field CreateAt
2024-08-25T10:39:02.129+03:30  INFO 53390 --- [UIdashboard] [scheduling-1] c.c.uidashboard.schedule.SchedulerUtil   : generated number for assign an status to a task 0
2024-08-25T10:39:02.130+03:30  INFO 53390 --- [UIdashboard] [scheduling-1] c.c.uidashboard.schedule.SchedulerUtil   : RandomLocalDateTime created for field CreateAt
2024-08-25T10:39:02.130+03:30  INFO 53390 --- [UIdashboard] [scheduling-1] c.c.uidashboard.schedule.SchedulerUtil   : generated number for assign an status to a task 4
2024-08-25T10:39:02.130+03:30  INFO 53390 --- [UIdashboard] [scheduling-1] c.c.uidashboard.schedule.SchedulerUtil   : RandomLocalDateTime created for field CreateAt
2024-08-25T10:39:02.130+03:30  INFO 53390 --- [UIdashboard] [scheduling-1] c.c.uidashboard.schedule.SchedulerUtil   : generated number for assign an status to a task 2
2024-08-25T10:39:02.130+03:30  INFO 53390 --- [UIdashboard] [scheduling-1] c.c.uidashboard.schedule.SchedulerUtil   : RandomLocalDateTime created for field CreateAt
2024-08-25T10:39:02.132+03:30  INFO 53390 --- [UIdashboard] [scheduling-1] c.ceadar.uidashboard.schedule.Scheduler  : add new batch task finished in 2024-08-25T10:39:02.132386
2024-08-25T10:39:21.836+03:30  INFO 53390 --- [UIdashboard] [http-nio-8081-exec-5] c.c.u.controller.TaskController          : get AllTasks method is called in controller, 96 tasks found
2024-08-25T10:39:52.127+03:30  INFO 53390 --- [UIdashboard] [scheduling-1] c.ceadar.uidashboard.schedule.Scheduler  : tasks fetching from database for update count: 6
2024-08-25T10:39:52.129+03:30  INFO 53390 --- [UIdashboard] [scheduling-1] c.c.uidashboard.schedule.SchedulerUtil   : generated number for assign an status to a task 4
2024-08-25T10:39:52.129+03:30  INFO 53390 --- [UIdashboard] [scheduling-1] c.c.uidashboard.service.TaskService      : updating, task id: 85
2024-08-25T10:39:52.131+03:30 DEBUG 53390 --- [UIdashboard] [scheduling-1] c.ceadar.uidashboard.schedule.Scheduler  : task 85 , Task 85 is updated
2024-08-25T10:39:52.131+03:30  INFO 53390 --- [UIdashboard] [scheduling-1] c.c.uidashboard.schedule.SchedulerUtil   : generated number for assign an status to a task 1
2024-08-25T10:39:52.131+03:30  INFO 53390 --- [UIdashboard] [scheduling-1] c.c.uidashboard.service.TaskService      : updating, task id: 88
2024-08-25T10:39:52.132+03:30 DEBUG 53390 --- [UIdashboard] [scheduling-1] c.ceadar.uidashboard.schedule.Scheduler  : task 88 , Task 88 is updated
2024-08-25T10:39:52.132+03:30  INFO 53390 --- [UIdashboard] [scheduling-1] c.c.uidashboard.schedule.SchedulerUtil   : generated number for assign an status to a task 3
2024-08-25T10:39:52.132+03:30  INFO 53390 --- [UIdashboard] [scheduling-1] c.c.uidashboard.service.TaskService      : updating, task id: 93
2024-08-25T10:39:52.133+03:30 DEBUG 53390 --- [UIdashboard] [scheduling-1] c.ceadar.uidashboard.schedule.Scheduler  : task 93 , Task 93 is updated
2024-08-25T10:39:52.133+03:30  INFO 53390 --- [UIdashboard] [scheduling-1] c.c.uidashboard.schedule.SchedulerUtil   : generated number for assign an status to a task 0
2024-08-25T10:39:52.133+03:30  INFO 53390 --- [UIdashboard] [scheduling-1] c.c.uidashboard.service.TaskService      : updating, task id: 94
2024-08-25T10:39:52.133+03:30 DEBUG 53390 --- [UIdashboard] [scheduling-1] c.ceadar.uidashboard.schedule.Scheduler  : task 94 , Task 94 is updated
2024-08-25T10:39:52.133+03:30  INFO 53390 --- [UIdashboard] [scheduling-1] c.c.uidashboard.schedule.SchedulerUtil   : generated number for assign an status to a task 3
2024-08-25T10:39:52.133+03:30  INFO 53390 --- [UIdashboard] [scheduling-1] c.c.uidashboard.service.TaskService      : updating, task id: 95
2024-08-25T10:39:52.134+03:30 DEBUG 53390 --- [UIdashboard] [scheduling-1] c.ceadar.uidashboard.schedule.Scheduler  : task 95 , Task 95 is updated
2024-08-25T10:39:52.134+03:30  INFO 53390 --- [UIdashboard] [scheduling-1] c.c.uidashboard.schedule.SchedulerUtil   : generated number for assign an status to a task 2
2024-08-25T10:39:52.134+03:30  INFO 53390 --- [UIdashboard] [scheduling-1] c.c.uidashboard.service.TaskService      : updating, task id: 96
2024-08-25T10:39:52.134+03:30 DEBUG 53390 --- [UIdashboard] [scheduling-1] c.ceadar.uidashboard.schedule.Scheduler  : task 96 , Task 96 is updated
2024-08-25T10:39:52.134+03:30  INFO 53390 --- [UIdashboard] [scheduling-1] c.ceadar.uidashboard.schedule.Scheduler  : add new batch task to database in 2024-08-25T10:39:52.134633
2024-08-25T10:39:52.136+03:30  INFO 53390 --- [UIdashboard] [scheduling-1] c.c.uidashboard.schedule.SchedulerUtil   : generate new task
2024-08-25T10:39:52.137+03:30  INFO 53390 --- [UIdashboard] [scheduling-1] c.c.uidashboard.schedule.SchedulerUtil   : generated number for assign an status to a task 1
2024-08-25T10:39:52.137+03:30  INFO 53390 --- [UIdashboard] [scheduling-1] c.c.uidashboard.schedule.SchedulerUtil   : RandomLocalDateTime created for field CreateAt
2024-08-25T10:39:52.137+03:30  INFO 53390 --- [UIdashboard] [scheduling-1] c.c.uidashboard.schedule.SchedulerUtil   : generated number for assign an status to a task 2
2024-08-25T10:39:52.137+03:30  INFO 53390 --- [UIdashboard] [scheduling-1] c.c.uidashboard.schedule.SchedulerUtil   : RandomLocalDateTime created for field CreateAt
2024-08-25T10:39:52.137+03:30  INFO 53390 --- [UIdashboard] [scheduling-1] c.c.uidashboard.schedule.SchedulerUtil   : generated number for assign an status to a task 3
2024-08-25T10:39:52.137+03:30  INFO 53390 --- [UIdashboard] [scheduling-1] c.c.uidashboard.schedule.SchedulerUtil   : RandomLocalDateTime created for field CreateAt
2024-08-25T10:39:52.137+03:30  INFO 53390 --- [UIdashboard] [scheduling-1] c.c.uidashboard.schedule.SchedulerUtil   : generated number for assign an status to a task 0
2024-08-25T10:39:52.137+03:30  INFO 53390 --- [UIdashboard] [scheduling-1] c.c.uidashboard.schedule.SchedulerUtil   : RandomLocalDateTime created for field CreateAt
2024-08-25T10:39:52.138+03:30  INFO 53390 --- [UIdashboard] [scheduling-1] c.ceadar.uidashboard.schedule.Scheduler  : add new batch task finished in 2024-08-25T10:39:52.138356
2024-08-25T10:40:21.837+03:30  INFO 53390 --- [UIdashboard] [http-nio-8081-exec-7] c.c.u.controller.TaskController          : get AllTasks method is called in controller, 100 tasks found
2024-08-25T10:40:42.122+03:30  INFO 53390 --- [UIdashboard] [scheduling-1] c.ceadar.uidashboard.schedule.Scheduler  : add new batch task to database in 2024-08-25T10:40:42.122932
2024-08-25T10:40:42.129+03:30  INFO 53390 --- [UIdashboard] [scheduling-1] c.c.uidashboard.schedule.SchedulerUtil   : generate new task
2024-08-25T10:40:42.131+03:30  INFO 53390 --- [UIdashboard] [scheduling-1] c.c.uidashboard.schedule.SchedulerUtil   : generated number for assign an status to a task 0
2024-08-25T10:40:42.131+03:30  INFO 53390 --- [UIdashboard] [scheduling-1] c.c.uidashboard.schedule.SchedulerUtil   : RandomLocalDateTime created for field CreateAt
2024-08-25T10:40:42.131+03:30  INFO 53390 --- [UIdashboard] [scheduling-1] c.c.uidashboard.schedule.SchedulerUtil   : generated number for assign an status to a task 1
2024-08-25T10:40:42.131+03:30  INFO 53390 --- [UIdashboard] [scheduling-1] c.c.uidashboard.schedule.SchedulerUtil   : RandomLocalDateTime created for field CreateAt
2024-08-25T10:40:42.131+03:30  INFO 53390 --- [UIdashboard] [scheduling-1] c.c.uidashboard.schedule.SchedulerUtil   : generated number for assign an status to a task 0
2024-08-25T10:40:42.131+03:30  INFO 53390 --- [UIdashboard] [scheduling-1] c.c.uidashboard.schedule.SchedulerUtil   : RandomLocalDateTime created for field CreateAt
2024-08-25T10:40:42.131+03:30  INFO 53390 --- [UIdashboard] [scheduling-1] c.c.uidashboard.schedule.SchedulerUtil   : generated number for assign an status to a task 0
2024-08-25T10:40:42.131+03:30  INFO 53390 --- [UIdashboard] [scheduling-1] c.c.uidashboard.schedule.SchedulerUtil   : RandomLocalDateTime created for field CreateAt
2024-08-25T10:40:42.133+03:30  INFO 53390 --- [UIdashboard] [scheduling-1] c.ceadar.uidashboard.schedule.Scheduler  : add new batch task finished in 2024-08-25T10:40:42.133611
2024-08-25T10:40:52.126+03:30  INFO 53390 --- [UIdashboard] [scheduling-1] c.ceadar.uidashboard.schedule.Scheduler  : tasks fetching from database for update count: 11
2024-08-25T10:40:52.127+03:30  INFO 53390 --- [UIdashboard] [scheduling-1] c.c.uidashboard.schedule.SchedulerUtil   : generated number for assign an status to a task 0
2024-08-25T10:40:52.127+03:30  INFO 53390 --- [UIdashboard] [scheduling-1] c.c.uidashboard.service.TaskService      : updating, task id: 88
2024-08-25T10:40:52.130+03:30 DEBUG 53390 --- [UIdashboard] [scheduling-1] c.ceadar.uidashboard.schedule.Scheduler  : task 88 , Task 88 is updated
2024-08-25T10:40:52.130+03:30  INFO 53390 --- [UIdashboard] [scheduling-1] c.c.uidashboard.schedule.SchedulerUtil   : generated number for assign an status to a task 1
2024-08-25T10:40:52.130+03:30  INFO 53390 --- [UIdashboard] [scheduling-1] c.c.uidashboard.service.TaskService      : updating, task id: 94
2024-08-25T10:40:52.131+03:30 DEBUG 53390 --- [UIdashboard] [scheduling-1] c.ceadar.uidashboard.schedule.Scheduler  : task 94 , Task 94 is updated
2024-08-25T10:40:52.131+03:30  INFO 53390 --- [UIdashboard] [scheduling-1] c.c.uidashboard.schedule.SchedulerUtil   : generated number for assign an status to a task 0
2024-08-25T10:40:52.131+03:30  INFO 53390 --- [UIdashboard] [scheduling-1] c.c.uidashboard.service.TaskService      : updating, task id: 96
2024-08-25T10:40:52.132+03:30 DEBUG 53390 --- [UIdashboard] [scheduling-1] c.ceadar.uidashboard.schedule.Scheduler  : task 96 , Task 96 is updated
2024-08-25T10:40:52.132+03:30  INFO 53390 --- [UIdashboard] [scheduling-1] c.c.uidashboard.schedule.SchedulerUtil   : generated number for assign an status to a task 0
2024-08-25T10:40:52.132+03:30  INFO 53390 --- [UIdashboard] [scheduling-1] c.c.uidashboard.service.TaskService      : updating, task id: 97
2024-08-25T10:40:52.133+03:30 DEBUG 53390 --- [UIdashboard] [scheduling-1] c.ceadar.uidashboard.schedule.Scheduler  : task 97 , Task 97 is updated
2024-08-25T10:40:52.133+03:30  INFO 53390 --- [UIdashboard] [scheduling-1] c.c.uidashboard.schedule.SchedulerUtil   : generated number for assign an status to a task 4
2024-08-25T10:40:52.133+03:30  INFO 53390 --- [UIdashboard] [scheduling-1] c.c.uidashboard.service.TaskService      : updating, task id: 98
2024-08-25T10:40:52.133+03:30 DEBUG 53390 --- [UIdashboard] [scheduling-1] c.ceadar.uidashboard.schedule.Scheduler  : task 98 , Task 98 is updated
2024-08-25T10:40:52.133+03:30  INFO 53390 --- [UIdashboard] [scheduling-1] c.c.uidashboard.schedule.SchedulerUtil   : generated number for assign an status to a task 3
2024-08-25T10:40:52.133+03:30  INFO 53390 --- [UIdashboard] [scheduling-1] c.c.uidashboard.service.TaskService      : updating, task id: 99
2024-08-25T10:40:52.134+03:30 DEBUG 53390 --- [UIdashboard] [scheduling-1] c.ceadar.uidashboard.schedule.Scheduler  : task 99 , Task 99 is updated
2024-08-25T10:40:52.134+03:30  INFO 53390 --- [UIdashboard] [scheduling-1] c.c.uidashboard.schedule.SchedulerUtil   : generated number for assign an status to a task 2
2024-08-25T10:40:52.134+03:30  INFO 53390 --- [UIdashboard] [scheduling-1] c.c.uidashboard.service.TaskService      : updating, task id: 100
2024-08-25T10:40:52.134+03:30 DEBUG 53390 --- [UIdashboard] [scheduling-1] c.ceadar.uidashboard.schedule.Scheduler  : task 100 , Task 100 is updated
2024-08-25T10:40:52.134+03:30  INFO 53390 --- [UIdashboard] [scheduling-1] c.c.uidashboard.schedule.SchedulerUtil   : generated number for assign an status to a task 1
2024-08-25T10:40:52.134+03:30  INFO 53390 --- [UIdashboard] [scheduling-1] c.c.uidashboard.service.TaskService      : updating, task id: 101
2024-08-25T10:40:52.135+03:30 DEBUG 53390 --- [UIdashboard] [scheduling-1] c.ceadar.uidashboard.schedule.Scheduler  : task 101 , Task 101 is updated
2024-08-25T10:40:52.135+03:30  INFO 53390 --- [UIdashboard] [scheduling-1] c.c.uidashboard.schedule.SchedulerUtil   : generated number for assign an status to a task 0
2024-08-25T10:40:52.135+03:30  INFO 53390 --- [UIdashboard] [scheduling-1] c.c.uidashboard.service.TaskService      : updating, task id: 102
2024-08-25T10:40:52.135+03:30 DEBUG 53390 --- [UIdashboard] [scheduling-1] c.ceadar.uidashboard.schedule.Scheduler  : task 102 , Task 102 is updated
2024-08-25T10:40:52.135+03:30  INFO 53390 --- [UIdashboard] [scheduling-1] c.c.uidashboard.schedule.SchedulerUtil   : generated number for assign an status to a task 4
2024-08-25T10:40:52.135+03:30  INFO 53390 --- [UIdashboard] [scheduling-1] c.c.uidashboard.service.TaskService      : updating, task id: 103
2024-08-25T10:40:52.136+03:30 DEBUG 53390 --- [UIdashboard] [scheduling-1] c.ceadar.uidashboard.schedule.Scheduler  : task 103 , Task 103 is updated
2024-08-25T10:40:52.136+03:30  INFO 53390 --- [UIdashboard] [scheduling-1] c.c.uidashboard.schedule.SchedulerUtil   : generated number for assign an status to a task 3
2024-08-25T10:40:52.136+03:30  INFO 53390 --- [UIdashboard] [scheduling-1] c.c.uidashboard.service.TaskService      : updating, task id: 104
2024-08-25T10:40:52.136+03:30 DEBUG 53390 --- [UIdashboard] [scheduling-1] c.ceadar.uidashboard.schedule.Scheduler  : task 104 , Task 104 is updated
2024-08-25T10:41:21.857+03:30  INFO 53390 --- [UIdashboard] [http-nio-8081-exec-9] c.c.u.controller.TaskController          : get AllTasks method is called in controller, 104 tasks found
2024-08-25T10:41:32.124+03:30  INFO 53390 --- [UIdashboard] [scheduling-1] c.ceadar.uidashboard.schedule.Scheduler  : add new batch task to database in 2024-08-25T10:41:32.124736
2024-08-25T10:41:32.131+03:30  INFO 53390 --- [UIdashboard] [scheduling-1] c.c.uidashboard.schedule.SchedulerUtil   : generate new task
2024-08-25T10:41:32.131+03:30  INFO 53390 --- [UIdashboard] [scheduling-1] c.c.uidashboard.schedule.SchedulerUtil   : generated number for assign an status to a task 3
2024-08-25T10:41:32.131+03:30  INFO 53390 --- [UIdashboard] [scheduling-1] c.c.uidashboard.schedule.SchedulerUtil   : RandomLocalDateTime created for field CreateAt
2024-08-25T10:41:32.132+03:30  INFO 53390 --- [UIdashboard] [scheduling-1] c.c.uidashboard.schedule.SchedulerUtil   : generated number for assign an status to a task 3
2024-08-25T10:41:32.132+03:30  INFO 53390 --- [UIdashboard] [scheduling-1] c.c.uidashboard.schedule.SchedulerUtil   : RandomLocalDateTime created for field CreateAt
2024-08-25T10:41:32.132+03:30  INFO 53390 --- [UIdashboard] [scheduling-1] c.c.uidashboard.schedule.SchedulerUtil   : generated number for assign an status to a task 4
2024-08-25T10:41:32.132+03:30  INFO 53390 --- [UIdashboard] [scheduling-1] c.c.uidashboard.schedule.SchedulerUtil   : RandomLocalDateTime created for field CreateAt
2024-08-25T10:41:32.132+03:30  INFO 53390 --- [UIdashboard] [scheduling-1] c.c.uidashboard.schedule.SchedulerUtil   : generated number for assign an status to a task 2
2024-08-25T10:41:32.132+03:30  INFO 53390 --- [UIdashboard] [scheduling-1] c.c.uidashboard.schedule.SchedulerUtil   : RandomLocalDateTime created for field CreateAt
2024-08-25T10:41:32.133+03:30  INFO 53390 --- [UIdashboard] [scheduling-1] c.ceadar.uidashboard.schedule.Scheduler  : add new batch task finished in 2024-08-25T10:41:32.133674
2024-08-25T10:41:52.130+03:30  INFO 53390 --- [UIdashboard] [scheduling-1] c.ceadar.uidashboard.schedule.Scheduler  : tasks fetching from database for update count: 11
2024-08-25T10:41:52.131+03:30  INFO 53390 --- [UIdashboard] [scheduling-1] c.c.uidashboard.schedule.SchedulerUtil   : generated number for assign an status to a task 4
2024-08-25T10:41:52.131+03:30  INFO 53390 --- [UIdashboard] [scheduling-1] c.c.uidashboard.service.TaskService      : updating, task id: 88
2024-08-25T10:41:52.133+03:30 DEBUG 53390 --- [UIdashboard] [scheduling-1] c.ceadar.uidashboard.schedule.Scheduler  : task 88 , Task 88 is updated
2024-08-25T10:41:52.133+03:30  INFO 53390 --- [UIdashboard] [scheduling-1] c.c.uidashboard.schedule.SchedulerUtil   : generated number for assign an status to a task 2
2024-08-25T10:41:52.134+03:30  INFO 53390 --- [UIdashboard] [scheduling-1] c.c.uidashboard.service.TaskService      : updating, task id: 94
2024-08-25T10:41:52.134+03:30 DEBUG 53390 --- [UIdashboard] [scheduling-1] c.ceadar.uidashboard.schedule.Scheduler  : task 94 , Task 94 is updated
2024-08-25T10:41:52.134+03:30  INFO 53390 --- [UIdashboard] [scheduling-1] c.c.uidashboard.schedule.SchedulerUtil   : generated number for assign an status to a task 4
2024-08-25T10:41:52.134+03:30  INFO 53390 --- [UIdashboard] [scheduling-1] c.c.uidashboard.service.TaskService      : updating, task id: 96
2024-08-25T10:41:52.135+03:30 DEBUG 53390 --- [UIdashboard] [scheduling-1] c.ceadar.uidashboard.schedule.Scheduler  : task 96 , Task 96 is updated
2024-08-25T10:41:52.135+03:30  INFO 53390 --- [UIdashboard] [scheduling-1] c.c.uidashboard.schedule.SchedulerUtil   : generated number for assign an status to a task 4
2024-08-25T10:41:52.135+03:30  INFO 53390 --- [UIdashboard] [scheduling-1] c.c.uidashboard.service.TaskService      : updating, task id: 97
2024-08-25T10:41:52.135+03:30 DEBUG 53390 --- [UIdashboard] [scheduling-1] c.ceadar.uidashboard.schedule.Scheduler  : task 97 , Task 97 is updated
2024-08-25T10:41:52.135+03:30  INFO 53390 --- [UIdashboard] [scheduling-1] c.c.uidashboard.schedule.SchedulerUtil   : generated number for assign an status to a task 0
2024-08-25T10:41:52.135+03:30  INFO 53390 --- [UIdashboard] [scheduling-1] c.c.uidashboard.service.TaskService      : updating, task id: 100
2024-08-25T10:41:52.136+03:30 DEBUG 53390 --- [UIdashboard] [scheduling-1] c.ceadar.uidashboard.schedule.Scheduler  : task 100 , Task 100 is updated
2024-08-25T10:41:52.136+03:30  INFO 53390 --- [UIdashboard] [scheduling-1] c.c.uidashboard.schedule.SchedulerUtil   : generated number for assign an status to a task 0
2024-08-25T10:41:52.136+03:30  INFO 53390 --- [UIdashboard] [scheduling-1] c.c.uidashboard.service.TaskService      : updating, task id: 101
2024-08-25T10:41:52.137+03:30 DEBUG 53390 --- [UIdashboard] [scheduling-1] c.ceadar.uidashboard.schedule.Scheduler  : task 101 , Task 101 is updated
2024-08-25T10:41:52.137+03:30  INFO 53390 --- [UIdashboard] [scheduling-1] c.c.uidashboard.schedule.SchedulerUtil   : generated number for assign an status to a task 1
2024-08-25T10:41:52.137+03:30  INFO 53390 --- [UIdashboard] [scheduling-1] c.c.uidashboard.service.TaskService      : updating, task id: 102
2024-08-25T10:41:52.137+03:30 DEBUG 53390 --- [UIdashboard] [scheduling-1] c.ceadar.uidashboard.schedule.Scheduler  : task 102 , Task 102 is updated
2024-08-25T10:41:52.137+03:30  INFO 53390 --- [UIdashboard] [scheduling-1] c.c.uidashboard.schedule.SchedulerUtil   : generated number for assign an status to a task 2
2024-08-25T10:41:52.137+03:30  INFO 53390 --- [UIdashboard] [scheduling-1] c.c.uidashboard.service.TaskService      : updating, task id: 105
2024-08-25T10:41:52.138+03:30 DEBUG 53390 --- [UIdashboard] [scheduling-1] c.ceadar.uidashboard.schedule.Scheduler  : task 105 , Task 105 is updated
2024-08-25T10:41:52.138+03:30  INFO 53390 --- [UIdashboard] [scheduling-1] c.c.uidashboard.schedule.SchedulerUtil   : generated number for assign an status to a task 1
2024-08-25T10:41:52.138+03:30  INFO 53390 --- [UIdashboard] [scheduling-1] c.c.uidashboard.service.TaskService      : updating, task id: 106
2024-08-25T10:41:52.138+03:30 DEBUG 53390 --- [UIdashboard] [scheduling-1] c.ceadar.uidashboard.schedule.Scheduler  : task 106 , Task 106 is updated
2024-08-25T10:41:52.138+03:30  INFO 53390 --- [UIdashboard] [scheduling-1] c.c.uidashboard.schedule.SchedulerUtil   : generated number for assign an status to a task 1
2024-08-25T10:41:52.138+03:30  INFO 53390 --- [UIdashboard] [scheduling-1] c.c.uidashboard.service.TaskService      : updating, task id: 107
2024-08-25T10:41:52.139+03:30 DEBUG 53390 --- [UIdashboard] [scheduling-1] c.ceadar.uidashboard.schedule.Scheduler  : task 107 , Task 107 is updated
2024-08-25T10:41:52.139+03:30  INFO 53390 --- [UIdashboard] [scheduling-1] c.c.uidashboard.schedule.SchedulerUtil   : generated number for assign an status to a task 1
2024-08-25T10:41:52.139+03:30  INFO 53390 --- [UIdashboard] [scheduling-1] c.c.uidashboard.service.TaskService      : updating, task id: 108
2024-08-25T10:41:52.139+03:30 DEBUG 53390 --- [UIdashboard] [scheduling-1] c.ceadar.uidashboard.schedule.Scheduler  : task 108 , Task 108 is updated
2024-08-25T10:42:21.838+03:30  INFO 53390 --- [UIdashboard] [http-nio-8081-exec-1] c.c.u.controller.TaskController          : get AllTasks method is called in controller, 108 tasks found
2024-08-25T10:42:22.123+03:30  INFO 53390 --- [UIdashboard] [scheduling-1] c.ceadar.uidashboard.schedule.Scheduler  : add new batch task to database in 2024-08-25T10:42:22.123047
2024-08-25T10:42:22.128+03:30  INFO 53390 --- [UIdashboard] [scheduling-1] c.c.uidashboard.schedule.SchedulerUtil   : generate new task
2024-08-25T10:42:22.129+03:30  INFO 53390 --- [UIdashboard] [scheduling-1] c.c.uidashboard.schedule.SchedulerUtil   : generated number for assign an status to a task 4
2024-08-25T10:42:22.129+03:30  INFO 53390 --- [UIdashboard] [scheduling-1] c.c.uidashboard.schedule.SchedulerUtil   : RandomLocalDateTime created for field CreateAt
2024-08-25T10:42:22.129+03:30  INFO 53390 --- [UIdashboard] [scheduling-1] c.c.uidashboard.schedule.SchedulerUtil   : generated number for assign an status to a task 0
2024-08-25T10:42:22.129+03:30  INFO 53390 --- [UIdashboard] [scheduling-1] c.c.uidashboard.schedule.SchedulerUtil   : RandomLocalDateTime created for field CreateAt
2024-08-25T10:42:22.129+03:30  INFO 53390 --- [UIdashboard] [scheduling-1] c.c.uidashboard.schedule.SchedulerUtil   : generated number for assign an status to a task 2
2024-08-25T10:42:22.129+03:30  INFO 53390 --- [UIdashboard] [scheduling-1] c.c.uidashboard.schedule.SchedulerUtil   : RandomLocalDateTime created for field CreateAt
2024-08-25T10:42:22.130+03:30  INFO 53390 --- [UIdashboard] [scheduling-1] c.c.uidashboard.schedule.SchedulerUtil   : generated number for assign an status to a task 2
2024-08-25T10:42:22.130+03:30  INFO 53390 --- [UIdashboard] [scheduling-1] c.c.uidashboard.schedule.SchedulerUtil   : RandomLocalDateTime created for field CreateAt
2024-08-25T10:42:22.131+03:30  INFO 53390 --- [UIdashboard] [scheduling-1] c.ceadar.uidashboard.schedule.Scheduler  : add new batch task finished in 2024-08-25T10:42:22.131920
2024-08-25T10:42:52.139+03:30  INFO 53390 --- [UIdashboard] [scheduling-1] c.ceadar.uidashboard.schedule.Scheduler  : tasks fetching from database for update count: 12
2024-08-25T10:42:52.142+03:30  INFO 53390 --- [UIdashboard] [scheduling-1] c.c.uidashboard.schedule.SchedulerUtil   : generated number for assign an status to a task 3
2024-08-25T10:42:52.142+03:30  INFO 53390 --- [UIdashboard] [scheduling-1] c.c.uidashboard.service.TaskService      : updating, task id: 94
2024-08-25T10:42:52.145+03:30 DEBUG 53390 --- [UIdashboard] [scheduling-1] c.ceadar.uidashboard.schedule.Scheduler  : task 94 , Task 94 is updated
2024-08-25T10:42:52.145+03:30  INFO 53390 --- [UIdashboard] [scheduling-1] c.c.uidashboard.schedule.SchedulerUtil   : generated number for assign an status to a task 4
2024-08-25T10:42:52.145+03:30  INFO 53390 --- [UIdashboard] [scheduling-1] c.c.uidashboard.service.TaskService      : updating, task id: 100
2024-08-25T10:42:52.146+03:30 DEBUG 53390 --- [UIdashboard] [scheduling-1] c.ceadar.uidashboard.schedule.Scheduler  : task 100 , Task 100 is updated
2024-08-25T10:42:52.146+03:30  INFO 53390 --- [UIdashboard] [scheduling-1] c.c.uidashboard.schedule.SchedulerUtil   : generated number for assign an status to a task 1
2024-08-25T10:42:52.146+03:30  INFO 53390 --- [UIdashboard] [scheduling-1] c.c.uidashboard.service.TaskService      : updating, task id: 101
2024-08-25T10:42:52.146+03:30 DEBUG 53390 --- [UIdashboard] [scheduling-1] c.ceadar.uidashboard.schedule.Scheduler  : task 101 , Task 101 is updated
2024-08-25T10:42:52.146+03:30  INFO 53390 --- [UIdashboard] [scheduling-1] c.c.uidashboard.schedule.SchedulerUtil   : generated number for assign an status to a task 4
2024-08-25T10:42:52.146+03:30  INFO 53390 --- [UIdashboard] [scheduling-1] c.c.uidashboard.service.TaskService      : updating, task id: 102
2024-08-25T10:42:52.147+03:30 DEBUG 53390 --- [UIdashboard] [scheduling-1] c.ceadar.uidashboard.schedule.Scheduler  : task 102 , Task 102 is updated
2024-08-25T10:42:52.147+03:30  INFO 53390 --- [UIdashboard] [scheduling-1] c.c.uidashboard.schedule.SchedulerUtil   : generated number for assign an status to a task 3
2024-08-25T10:42:52.147+03:30  INFO 53390 --- [UIdashboard] [scheduling-1] c.c.uidashboard.service.TaskService      : updating, task id: 105
2024-08-25T10:42:52.147+03:30 DEBUG 53390 --- [UIdashboard] [scheduling-1] c.ceadar.uidashboard.schedule.Scheduler  : task 105 , Task 105 is updated
2024-08-25T10:42:52.147+03:30  INFO 53390 --- [UIdashboard] [scheduling-1] c.c.uidashboard.schedule.SchedulerUtil   : generated number for assign an status to a task 2
2024-08-25T10:42:52.148+03:30  INFO 53390 --- [UIdashboard] [scheduling-1] c.c.uidashboard.service.TaskService      : updating, task id: 106
2024-08-25T10:42:52.148+03:30 DEBUG 53390 --- [UIdashboard] [scheduling-1] c.ceadar.uidashboard.schedule.Scheduler  : task 106 , Task 106 is updated
2024-08-25T10:42:52.148+03:30  INFO 53390 --- [UIdashboard] [scheduling-1] c.c.uidashboard.schedule.SchedulerUtil   : generated number for assign an status to a task 3
2024-08-25T10:42:52.148+03:30  INFO 53390 --- [UIdashboard] [scheduling-1] c.c.uidashboard.service.TaskService      : updating, task id: 107
2024-08-25T10:42:52.148+03:30 DEBUG 53390 --- [UIdashboard] [scheduling-1] c.ceadar.uidashboard.schedule.Scheduler  : task 107 , Task 107 is updated
2024-08-25T10:42:52.148+03:30  INFO 53390 --- [UIdashboard] [scheduling-1] c.c.uidashboard.schedule.SchedulerUtil   : generated number for assign an status to a task 0
2024-08-25T10:42:52.148+03:30  INFO 53390 --- [UIdashboard] [scheduling-1] c.c.uidashboard.service.TaskService      : updating, task id: 108
2024-08-25T10:42:52.149+03:30 DEBUG 53390 --- [UIdashboard] [scheduling-1] c.ceadar.uidashboard.schedule.Scheduler  : task 108 , Task 108 is updated
2024-08-25T10:42:52.149+03:30  INFO 53390 --- [UIdashboard] [scheduling-1] c.c.uidashboard.schedule.SchedulerUtil   : generated number for assign an status to a task 4
2024-08-25T10:42:52.149+03:30  INFO 53390 --- [UIdashboard] [scheduling-1] c.c.uidashboard.service.TaskService      : updating, task id: 109
2024-08-25T10:42:52.149+03:30 DEBUG 53390 --- [UIdashboard] [scheduling-1] c.ceadar.uidashboard.schedule.Scheduler  : task 109 , Task 109 is updated
2024-08-25T10:42:52.149+03:30  INFO 53390 --- [UIdashboard] [scheduling-1] c.c.uidashboard.schedule.SchedulerUtil   : generated number for assign an status to a task 0
2024-08-25T10:42:52.149+03:30  INFO 53390 --- [UIdashboard] [scheduling-1] c.c.uidashboard.service.TaskService      : updating, task id: 110
2024-08-25T10:42:52.149+03:30 DEBUG 53390 --- [UIdashboard] [scheduling-1] c.ceadar.uidashboard.schedule.Scheduler  : task 110 , Task 110 is updated
2024-08-25T10:42:52.149+03:30  INFO 53390 --- [UIdashboard] [scheduling-1] c.c.uidashboard.schedule.SchedulerUtil   : generated number for assign an status to a task 3
2024-08-25T10:42:52.149+03:30  INFO 53390 --- [UIdashboard] [scheduling-1] c.c.uidashboard.service.TaskService      : updating, task id: 111
2024-08-25T10:42:52.150+03:30 DEBUG 53390 --- [UIdashboard] [scheduling-1] c.ceadar.uidashboard.schedule.Scheduler  : task 111 , Task 111 is updated
2024-08-25T10:42:52.150+03:30  INFO 53390 --- [UIdashboard] [scheduling-1] c.c.uidashboard.schedule.SchedulerUtil   : generated number for assign an status to a task 4
2024-08-25T10:42:52.150+03:30  INFO 53390 --- [UIdashboard] [scheduling-1] c.c.uidashboard.service.TaskService      : updating, task id: 112
2024-08-25T10:42:52.150+03:30 DEBUG 53390 --- [UIdashboard] [scheduling-1] c.ceadar.uidashboard.schedule.Scheduler  : task 112 , Task 112 is updated
2024-08-25T10:43:12.123+03:30  INFO 53390 --- [UIdashboard] [scheduling-1] c.ceadar.uidashboard.schedule.Scheduler  : add new batch task to database in 2024-08-25T10:43:12.123148
2024-08-25T10:43:12.127+03:30  INFO 53390 --- [UIdashboard] [scheduling-1] c.c.uidashboard.schedule.SchedulerUtil   : generate new task
2024-08-25T10:43:12.128+03:30  INFO 53390 --- [UIdashboard] [scheduling-1] c.c.uidashboard.schedule.SchedulerUtil   : generated number for assign an status to a task 4
2024-08-25T10:43:12.128+03:30  INFO 53390 --- [UIdashboard] [scheduling-1] c.c.uidashboard.schedule.SchedulerUtil   : RandomLocalDateTime created for field CreateAt
2024-08-25T10:43:12.128+03:30  INFO 53390 --- [UIdashboard] [scheduling-1] c.c.uidashboard.schedule.SchedulerUtil   : generated number for assign an status to a task 3
2024-08-25T10:43:12.128+03:30  INFO 53390 --- [UIdashboard] [scheduling-1] c.c.uidashboard.schedule.SchedulerUtil   : RandomLocalDateTime created for field CreateAt
2024-08-25T10:43:12.128+03:30  INFO 53390 --- [UIdashboard] [scheduling-1] c.c.uidashboard.schedule.SchedulerUtil   : generated number for assign an status to a task 2
2024-08-25T10:43:12.128+03:30  INFO 53390 --- [UIdashboard] [scheduling-1] c.c.uidashboard.schedule.SchedulerUtil   : RandomLocalDateTime created for field CreateAt
2024-08-25T10:43:12.128+03:30  INFO 53390 --- [UIdashboard] [scheduling-1] c.c.uidashboard.schedule.SchedulerUtil   : generated number for assign an status to a task 0
2024-08-25T10:43:12.128+03:30  INFO 53390 --- [UIdashboard] [scheduling-1] c.c.uidashboard.schedule.SchedulerUtil   : RandomLocalDateTime created for field CreateAt
2024-08-25T10:43:12.130+03:30  INFO 53390 --- [UIdashboard] [scheduling-1] c.ceadar.uidashboard.schedule.Scheduler  : add new batch task finished in 2024-08-25T10:43:12.130729
2024-08-25T10:43:21.869+03:30  INFO 53390 --- [UIdashboard] [http-nio-8081-exec-3] c.c.u.controller.TaskController          : get AllTasks method is called in controller, 116 tasks found
2024-08-25T10:43:39.773+03:30  INFO 53390 --- [UIdashboard] [SpringApplicationShutdownHook] j.LocalContainerEntityManagerFactoryBean : Closing JPA EntityManagerFactory for persistence unit 'default'
2024-08-25T10:43:39.777+03:30  INFO 53390 --- [UIdashboard] [SpringApplicationShutdownHook] com.zaxxer.hikari.HikariDataSource       : HikariPool-1 - Shutdown initiated...
2024-08-25T10:43:39.779+03:30  INFO 53390 --- [UIdashboard] [SpringApplicationShutdownHook] com.zaxxer.hikari.HikariDataSource       : HikariPool-1 - Shutdown completed.
2024-08-25T11:07:50.661+03:30  INFO 54142 --- [UIdashboard] [main] c.c.uidashboard.UIdashboardApplication   : Starting UIdashboardApplication using Java 21.0.3 with PID 54142 (/Users/Admin/Documents/JavaProjects/UIdashboard/target/classes started by Admin in /Users/Admin/Documents/JavaProjects/UIdashboard)
2024-08-25T11:07:50.662+03:30 DEBUG 54142 --- [UIdashboard] [main] c.c.uidashboard.UIdashboardApplication   : Running with Spring Boot v3.3.2, Spring v6.1.11
2024-08-25T11:07:50.662+03:30  INFO 54142 --- [UIdashboard] [main] c.c.uidashboard.UIdashboardApplication   : The following 1 profile is active: "docker"
2024-08-25T11:07:50.936+03:30  INFO 54142 --- [UIdashboard] [main] .s.d.r.c.RepositoryConfigurationDelegate : Bootstrapping Spring Data JPA repositories in DEFAULT mode.
2024-08-25T11:07:50.960+03:30  INFO 54142 --- [UIdashboard] [main] .s.d.r.c.RepositoryConfigurationDelegate : Finished Spring Data repository scanning in 20 ms. Found 1 JPA repository interface.
2024-08-25T11:07:51.181+03:30  INFO 54142 --- [UIdashboard] [main] o.s.b.w.embedded.tomcat.TomcatWebServer  : Tomcat initialized with port 8081 (http)
2024-08-25T11:07:51.187+03:30  INFO 54142 --- [UIdashboard] [main] o.apache.catalina.core.StandardService   : Starting service [Tomcat]
2024-08-25T11:07:51.187+03:30  INFO 54142 --- [UIdashboard] [main] o.apache.catalina.core.StandardEngine    : Starting Servlet engine: [Apache Tomcat/10.1.26]
2024-08-25T11:07:51.206+03:30  INFO 54142 --- [UIdashboard] [main] o.a.c.c.C.[Tomcat].[localhost].[/]       : Initializing Spring embedded WebApplicationContext
2024-08-25T11:07:51.206+03:30  INFO 54142 --- [UIdashboard] [main] w.s.c.ServletWebServerApplicationContext : Root WebApplicationContext: initialization completed in 523 ms
2024-08-25T11:07:51.220+03:30  INFO 54142 --- [UIdashboard] [main] com.zaxxer.hikari.HikariDataSource       : HikariPool-1 - Starting...
2024-08-25T11:07:51.314+03:30  INFO 54142 --- [UIdashboard] [main] com.zaxxer.hikari.pool.HikariPool        : HikariPool-1 - Added connection conn0: url=jdbc:h2:mem:testdb user=SA
2024-08-25T11:07:51.315+03:30  INFO 54142 --- [UIdashboard] [main] com.zaxxer.hikari.HikariDataSource       : HikariPool-1 - Start completed.
2024-08-25T11:07:51.321+03:30  INFO 54142 --- [UIdashboard] [main] o.s.b.a.h2.H2ConsoleAutoConfiguration    : H2 console available at '/h2-console'. Database available at 'jdbc:h2:mem:testdb'
2024-08-25T11:07:51.389+03:30  INFO 54142 --- [UIdashboard] [main] o.hibernate.jpa.internal.util.LogHelper  : HHH000204: Processing PersistenceUnitInfo [name: default]
2024-08-25T11:07:51.430+03:30  INFO 54142 --- [UIdashboard] [main] org.hibernate.Version                    : HHH000412: Hibernate ORM core version 6.5.2.Final
2024-08-25T11:07:51.449+03:30  INFO 54142 --- [UIdashboard] [main] o.h.c.internal.RegionFactoryInitiator    : HHH000026: Second-level cache disabled
2024-08-25T11:07:51.600+03:30  INFO 54142 --- [UIdashboard] [main] o.s.o.j.p.SpringPersistenceUnitInfo      : No LoadTimeWeaver setup: ignoring JPA class transformer
2024-08-25T11:07:51.629+03:30  WARN 54142 --- [UIdashboard] [main] org.hibernate.orm.deprecation            : HHH90000025: H2Dialect does not need to be specified explicitly using 'hibernate.dialect' (remove the property setting and it will be selected by default)
2024-08-25T11:07:52.035+03:30  INFO 54142 --- [UIdashboard] [main] o.h.e.t.j.p.i.JtaPlatformInitiator       : HHH000489: No JTA platform available (set 'hibernate.transaction.jta.platform' to enable JTA platform integration)
2024-08-25T11:07:52.053+03:30  INFO 54142 --- [UIdashboard] [main] j.LocalContainerEntityManagerFactoryBean : Initialized JPA EntityManagerFactory for persistence unit 'default'
2024-08-25T11:07:52.224+03:30  WARN 54142 --- [UIdashboard] [main] JpaBaseConfiguration$JpaWebConfiguration : spring.jpa.open-in-view is enabled by default. Therefore, database queries may be performed during view rendering. Explicitly configure spring.jpa.open-in-view to disable this warning
2024-08-25T11:07:52.397+03:30  INFO 54142 --- [UIdashboard] [main] o.s.b.w.embedded.tomcat.TomcatWebServer  : Tomcat started on port 8081 (http) with context path '/'
2024-08-25T11:07:52.403+03:30  INFO 54142 --- [UIdashboard] [main] c.c.uidashboard.UIdashboardApplication   : Started UIdashboardApplication in 1.909 seconds (process running for 2.18)
2024-08-25T11:07:52.405+03:30  INFO 54142 --- [UIdashboard] [main] c.c.u.schedule.StartupListener           : creating tasks...
2024-08-25T11:07:52.405+03:30  INFO 54142 --- [UIdashboard] [main] c.c.uidashboard.schedule.SchedulerUtil   : Generating new tasks
2024-08-25T11:07:52.405+03:30  INFO 54142 --- [UIdashboard] [scheduling-1] c.ceadar.uidashboard.schedule.Scheduler  : add new batch task to database at 2024-08-25T11:07:52.405573
2024-08-25T11:07:52.472+03:30  INFO 54142 --- [UIdashboard] [scheduling-1] c.ceadar.uidashboard.schedule.Scheduler  : add new batch task finished at 2024-08-25T11:07:52.472540
2024-08-25T11:07:52.498+03:30  INFO 54142 --- [UIdashboard] [scheduling-1] c.ceadar.uidashboard.schedule.Scheduler  : tasks fetching from database for update, count: 0
2024-08-25T11:07:52.538+03:30  INFO 54142 --- [UIdashboard] [main] c.c.uidashboard.schedule.SchedulerUtil   : Generated number for assigning a status to a task: 2
2024-08-25T11:07:52.538+03:30  INFO 54142 --- [UIdashboard] [main] c.c.uidashboard.schedule.SchedulerUtil   : Random LocalDateTime created for field CreateAt
2024-08-25T11:07:52.538+03:30  INFO 54142 --- [UIdashboard] [main] c.c.uidashboard.schedule.SchedulerUtil   : Generated number for assigning a status to a task: 2
2024-08-25T11:07:52.538+03:30  INFO 54142 --- [UIdashboard] [main] c.c.uidashboard.schedule.SchedulerUtil   : Random LocalDateTime created for field CreateAt
2024-08-25T11:07:52.538+03:30  INFO 54142 --- [UIdashboard] [main] c.c.uidashboard.schedule.SchedulerUtil   : Generated number for assigning a status to a task: 2
2024-08-25T11:07:52.538+03:30  INFO 54142 --- [UIdashboard] [main] c.c.uidashboard.schedule.SchedulerUtil   : Random LocalDateTime created for field CreateAt
2024-08-25T11:07:52.538+03:30  INFO 54142 --- [UIdashboard] [main] c.c.uidashboard.schedule.SchedulerUtil   : Generated number for assigning a status to a task: 0
2024-08-25T11:07:52.538+03:30  INFO 54142 --- [UIdashboard] [main] c.c.uidashboard.schedule.SchedulerUtil   : Random LocalDateTime created for field CreateAt
2024-08-25T11:07:52.555+03:30  INFO 54142 --- [UIdashboard] [main] c.c.u.schedule.StartupListener           : Application is ready. initial new Tasks...
2024-08-25T11:07:52.557+03:30  INFO 54142 --- [UIdashboard] [main] c.c.u.schedule.StartupListener           : new task: Task 1
2024-08-25T11:07:52.557+03:30  INFO 54142 --- [UIdashboard] [main] c.c.u.schedule.StartupListener           : new task: Task 2
2024-08-25T11:07:52.557+03:30  INFO 54142 --- [UIdashboard] [main] c.c.u.schedule.StartupListener           : new task: Task 3
2024-08-25T11:07:52.557+03:30  INFO 54142 --- [UIdashboard] [main] c.c.u.schedule.StartupListener           : new task: Task 4
2024-08-25T11:08:31.089+03:30  INFO 54142 --- [UIdashboard] [http-nio-8081-exec-1] o.a.c.c.C.[Tomcat].[localhost].[/]       : Initializing Spring DispatcherServlet 'dispatcherServlet'
2024-08-25T11:08:31.090+03:30  INFO 54142 --- [UIdashboard] [http-nio-8081-exec-1] o.s.web.servlet.DispatcherServlet        : Initializing Servlet 'dispatcherServlet'
2024-08-25T11:08:31.092+03:30  INFO 54142 --- [UIdashboard] [http-nio-8081-exec-1] o.s.web.servlet.DispatcherServlet        : Completed initialization in 2 ms
2024-08-25T11:08:31.129+03:30  INFO 54142 --- [UIdashboard] [http-nio-8081-exec-1] c.c.u.controller.TaskController          : get AllTasks method is called in controller, 4 tasks found
2024-08-25T11:08:51.407+03:30  INFO 54142 --- [UIdashboard] [scheduling-1] c.ceadar.uidashboard.schedule.Scheduler  : add new batch task to database at 2024-08-25T11:08:51.407810
2024-08-25T11:08:51.414+03:30  INFO 54142 --- [UIdashboard] [scheduling-1] c.c.uidashboard.schedule.SchedulerUtil   : Generating new tasks
2024-08-25T11:08:51.418+03:30  INFO 54142 --- [UIdashboard] [scheduling-1] c.c.uidashboard.schedule.SchedulerUtil   : Generated number for assigning a status to a task: 3
2024-08-25T11:08:51.418+03:30  INFO 54142 --- [UIdashboard] [scheduling-1] c.c.uidashboard.schedule.SchedulerUtil   : Random LocalDateTime created for field CreateAt
2024-08-25T11:08:51.418+03:30  INFO 54142 --- [UIdashboard] [scheduling-1] c.c.uidashboard.schedule.SchedulerUtil   : Generated number for assigning a status to a task: 4
2024-08-25T11:08:51.418+03:30  INFO 54142 --- [UIdashboard] [scheduling-1] c.c.uidashboard.schedule.SchedulerUtil   : Random LocalDateTime created for field CreateAt
2024-08-25T11:08:51.418+03:30  INFO 54142 --- [UIdashboard] [scheduling-1] c.c.uidashboard.schedule.SchedulerUtil   : Generated number for assigning a status to a task: 1
2024-08-25T11:08:51.418+03:30  INFO 54142 --- [UIdashboard] [scheduling-1] c.c.uidashboard.schedule.SchedulerUtil   : Random LocalDateTime created for field CreateAt
2024-08-25T11:08:51.418+03:30  INFO 54142 --- [UIdashboard] [scheduling-1] c.c.uidashboard.schedule.SchedulerUtil   : Generated number for assigning a status to a task: 4
2024-08-25T11:08:51.418+03:30  INFO 54142 --- [UIdashboard] [scheduling-1] c.c.uidashboard.schedule.SchedulerUtil   : Random LocalDateTime created for field CreateAt
2024-08-25T11:08:51.421+03:30  INFO 54142 --- [UIdashboard] [scheduling-1] c.ceadar.uidashboard.schedule.Scheduler  : add new batch task finished at 2024-08-25T11:08:51.421695
2024-08-25T11:08:52.408+03:30  INFO 54142 --- [UIdashboard] [scheduling-1] c.ceadar.uidashboard.schedule.Scheduler  : tasks fetching from database for update, count: 8
2024-08-25T11:08:52.408+03:30  INFO 54142 --- [UIdashboard] [scheduling-1] c.c.uidashboard.schedule.SchedulerUtil   : Generated number for assigning a status to a task: 2
2024-08-25T11:08:52.409+03:30  INFO 54142 --- [UIdashboard] [scheduling-1] c.c.uidashboard.service.TaskService      : updating, task id: 1
2024-08-25T11:08:52.421+03:30 DEBUG 54142 --- [UIdashboard] [scheduling-1] c.ceadar.uidashboard.schedule.Scheduler  : task 1 , Task 1 is updated
2024-08-25T11:08:52.421+03:30  INFO 54142 --- [UIdashboard] [scheduling-1] c.c.uidashboard.schedule.SchedulerUtil   : Generated number for assigning a status to a task: 3
2024-08-25T11:08:52.421+03:30  INFO 54142 --- [UIdashboard] [scheduling-1] c.c.uidashboard.service.TaskService      : updating, task id: 2
2024-08-25T11:08:52.427+03:30 DEBUG 54142 --- [UIdashboard] [scheduling-1] c.ceadar.uidashboard.schedule.Scheduler  : task 2 , Task 2 is updated
2024-08-25T11:08:52.428+03:30  INFO 54142 --- [UIdashboard] [scheduling-1] c.c.uidashboard.schedule.SchedulerUtil   : Generated number for assigning a status to a task: 3
2024-08-25T11:08:52.428+03:30  INFO 54142 --- [UIdashboard] [scheduling-1] c.c.uidashboard.service.TaskService      : updating, task id: 3
2024-08-25T11:08:52.429+03:30 DEBUG 54142 --- [UIdashboard] [scheduling-1] c.ceadar.uidashboard.schedule.Scheduler  : task 3 , Task 3 is updated
2024-08-25T11:08:52.430+03:30  INFO 54142 --- [UIdashboard] [scheduling-1] c.c.uidashboard.schedule.SchedulerUtil   : Generated number for assigning a status to a task: 0
2024-08-25T11:08:52.430+03:30  INFO 54142 --- [UIdashboard] [scheduling-1] c.c.uidashboard.service.TaskService      : updating, task id: 4
2024-08-25T11:08:52.431+03:30 DEBUG 54142 --- [UIdashboard] [scheduling-1] c.ceadar.uidashboard.schedule.Scheduler  : task 4 , Task 4 is updated
2024-08-25T11:08:52.431+03:30  INFO 54142 --- [UIdashboard] [scheduling-1] c.c.uidashboard.schedule.SchedulerUtil   : Generated number for assigning a status to a task: 0
2024-08-25T11:08:52.431+03:30  INFO 54142 --- [UIdashboard] [scheduling-1] c.c.uidashboard.service.TaskService      : updating, task id: 5
2024-08-25T11:08:52.432+03:30 DEBUG 54142 --- [UIdashboard] [scheduling-1] c.ceadar.uidashboard.schedule.Scheduler  : task 5 , Task 5 is updated
2024-08-25T11:08:52.432+03:30  INFO 54142 --- [UIdashboard] [scheduling-1] c.c.uidashboard.schedule.SchedulerUtil   : Generated number for assigning a status to a task: 3
2024-08-25T11:08:52.432+03:30  INFO 54142 --- [UIdashboard] [scheduling-1] c.c.uidashboard.service.TaskService      : updating, task id: 6
2024-08-25T11:08:52.433+03:30 DEBUG 54142 --- [UIdashboard] [scheduling-1] c.ceadar.uidashboard.schedule.Scheduler  : task 6 , Task 6 is updated
2024-08-25T11:08:52.433+03:30  INFO 54142 --- [UIdashboard] [scheduling-1] c.c.uidashboard.schedule.SchedulerUtil   : Generated number for assigning a status to a task: 2
2024-08-25T11:08:52.433+03:30  INFO 54142 --- [UIdashboard] [scheduling-1] c.c.uidashboard.service.TaskService      : updating, task id: 7
2024-08-25T11:08:52.435+03:30 DEBUG 54142 --- [UIdashboard] [scheduling-1] c.ceadar.uidashboard.schedule.Scheduler  : task 7 , Task 7 is updated
2024-08-25T11:08:52.435+03:30  INFO 54142 --- [UIdashboard] [scheduling-1] c.c.uidashboard.schedule.SchedulerUtil   : Generated number for assigning a status to a task: 1
2024-08-25T11:08:52.435+03:30  INFO 54142 --- [UIdashboard] [scheduling-1] c.c.uidashboard.service.TaskService      : updating, task id: 8
2024-08-25T11:08:52.436+03:30 DEBUG 54142 --- [UIdashboard] [scheduling-1] c.ceadar.uidashboard.schedule.Scheduler  : task 8 , Task 8 is updated
2024-08-25T11:09:32.046+03:30  INFO 54142 --- [UIdashboard] [http-nio-8081-exec-3] c.c.u.controller.TaskController          : get AllTasks method is called in controller, 8 tasks found
2024-08-25T11:09:50.406+03:30  INFO 54142 --- [UIdashboard] [scheduling-1] c.ceadar.uidashboard.schedule.Scheduler  : add new batch task to database at 2024-08-25T11:09:50.406800
2024-08-25T11:09:50.415+03:30  INFO 54142 --- [UIdashboard] [scheduling-1] c.c.uidashboard.schedule.SchedulerUtil   : Generating new tasks
2024-08-25T11:09:50.417+03:30  INFO 54142 --- [UIdashboard] [scheduling-1] c.c.uidashboard.schedule.SchedulerUtil   : Generated number for assigning a status to a task: 4
2024-08-25T11:09:50.417+03:30  INFO 54142 --- [UIdashboard] [scheduling-1] c.c.uidashboard.schedule.SchedulerUtil   : Random LocalDateTime created for field CreateAt
2024-08-25T11:09:50.417+03:30  INFO 54142 --- [UIdashboard] [scheduling-1] c.c.uidashboard.schedule.SchedulerUtil   : Generated number for assigning a status to a task: 2
2024-08-25T11:09:50.417+03:30  INFO 54142 --- [UIdashboard] [scheduling-1] c.c.uidashboard.schedule.SchedulerUtil   : Random LocalDateTime created for field CreateAt
2024-08-25T11:09:50.417+03:30  INFO 54142 --- [UIdashboard] [scheduling-1] c.c.uidashboard.schedule.SchedulerUtil   : Generated number for assigning a status to a task: 1
2024-08-25T11:09:50.417+03:30  INFO 54142 --- [UIdashboard] [scheduling-1] c.c.uidashboard.schedule.SchedulerUtil   : Random LocalDateTime created for field CreateAt
2024-08-25T11:09:50.417+03:30  INFO 54142 --- [UIdashboard] [scheduling-1] c.c.uidashboard.schedule.SchedulerUtil   : Generated number for assigning a status to a task: 4
2024-08-25T11:09:50.417+03:30  INFO 54142 --- [UIdashboard] [scheduling-1] c.c.uidashboard.schedule.SchedulerUtil   : Random LocalDateTime created for field CreateAt
2024-08-25T11:09:50.421+03:30  INFO 54142 --- [UIdashboard] [scheduling-1] c.ceadar.uidashboard.schedule.Scheduler  : add new batch task finished at 2024-08-25T11:09:50.421346
2024-08-25T11:09:52.412+03:30  INFO 54142 --- [UIdashboard] [scheduling-1] c.ceadar.uidashboard.schedule.Scheduler  : tasks fetching from database for update, count: 9
2024-08-25T11:09:52.413+03:30  INFO 54142 --- [UIdashboard] [scheduling-1] c.c.uidashboard.schedule.SchedulerUtil   : Generated number for assigning a status to a task: 2
2024-08-25T11:09:52.413+03:30  INFO 54142 --- [UIdashboard] [scheduling-1] c.c.uidashboard.service.TaskService      : updating, task id: 1
2024-08-25T11:09:52.415+03:30 DEBUG 54142 --- [UIdashboard] [scheduling-1] c.ceadar.uidashboard.schedule.Scheduler  : task 1 , Task 1 is updated
2024-08-25T11:09:52.415+03:30  INFO 54142 --- [UIdashboard] [scheduling-1] c.c.uidashboard.schedule.SchedulerUtil   : Generated number for assigning a status to a task: 0
2024-08-25T11:09:52.415+03:30  INFO 54142 --- [UIdashboard] [scheduling-1] c.c.uidashboard.service.TaskService      : updating, task id: 4
2024-08-25T11:09:52.417+03:30 DEBUG 54142 --- [UIdashboard] [scheduling-1] c.ceadar.uidashboard.schedule.Scheduler  : task 4 , Task 4 is updated
2024-08-25T11:09:52.417+03:30  INFO 54142 --- [UIdashboard] [scheduling-1] c.c.uidashboard.schedule.SchedulerUtil   : Generated number for assigning a status to a task: 0
2024-08-25T11:09:52.417+03:30  INFO 54142 --- [UIdashboard] [scheduling-1] c.c.uidashboard.service.TaskService      : updating, task id: 5
2024-08-25T11:09:52.418+03:30 DEBUG 54142 --- [UIdashboard] [scheduling-1] c.ceadar.uidashboard.schedule.Scheduler  : task 5 , Task 5 is updated
2024-08-25T11:09:52.418+03:30  INFO 54142 --- [UIdashboard] [scheduling-1] c.c.uidashboard.schedule.SchedulerUtil   : Generated number for assigning a status to a task: 0
2024-08-25T11:09:52.418+03:30  INFO 54142 --- [UIdashboard] [scheduling-1] c.c.uidashboard.service.TaskService      : updating, task id: 7
2024-08-25T11:09:52.420+03:30 DEBUG 54142 --- [UIdashboard] [scheduling-1] c.ceadar.uidashboard.schedule.Scheduler  : task 7 , Task 7 is updated
2024-08-25T11:09:52.420+03:30  INFO 54142 --- [UIdashboard] [scheduling-1] c.c.uidashboard.schedule.SchedulerUtil   : Generated number for assigning a status to a task: 1
2024-08-25T11:09:52.420+03:30  INFO 54142 --- [UIdashboard] [scheduling-1] c.c.uidashboard.service.TaskService      : updating, task id: 8
2024-08-25T11:09:52.421+03:30 DEBUG 54142 --- [UIdashboard] [scheduling-1] c.ceadar.uidashboard.schedule.Scheduler  : task 8 , Task 8 is updated
2024-08-25T11:09:52.421+03:30  INFO 54142 --- [UIdashboard] [scheduling-1] c.c.uidashboard.schedule.SchedulerUtil   : Generated number for assigning a status to a task: 3
2024-08-25T11:09:52.421+03:30  INFO 54142 --- [UIdashboard] [scheduling-1] c.c.uidashboard.service.TaskService      : updating, task id: 9
2024-08-25T11:09:52.423+03:30 DEBUG 54142 --- [UIdashboard] [scheduling-1] c.ceadar.uidashboard.schedule.Scheduler  : task 9 , Task 9 is updated
2024-08-25T11:09:52.423+03:30  INFO 54142 --- [UIdashboard] [scheduling-1] c.c.uidashboard.schedule.SchedulerUtil   : Generated number for assigning a status to a task: 2
2024-08-25T11:09:52.423+03:30  INFO 54142 --- [UIdashboard] [scheduling-1] c.c.uidashboard.service.TaskService      : updating, task id: 10
2024-08-25T11:09:52.424+03:30 DEBUG 54142 --- [UIdashboard] [scheduling-1] c.ceadar.uidashboard.schedule.Scheduler  : task 10 , Task 10 is updated
2024-08-25T11:09:52.424+03:30  INFO 54142 --- [UIdashboard] [scheduling-1] c.c.uidashboard.schedule.SchedulerUtil   : Generated number for assigning a status to a task: 1
2024-08-25T11:09:52.424+03:30  INFO 54142 --- [UIdashboard] [scheduling-1] c.c.uidashboard.service.TaskService      : updating, task id: 11
2024-08-25T11:09:52.425+03:30 DEBUG 54142 --- [UIdashboard] [scheduling-1] c.ceadar.uidashboard.schedule.Scheduler  : task 11 , Task 11 is updated
2024-08-25T11:09:52.425+03:30  INFO 54142 --- [UIdashboard] [scheduling-1] c.c.uidashboard.schedule.SchedulerUtil   : Generated number for assigning a status to a task: 2
2024-08-25T11:09:52.425+03:30  INFO 54142 --- [UIdashboard] [scheduling-1] c.c.uidashboard.service.TaskService      : updating, task id: 12
2024-08-25T11:09:52.425+03:30 DEBUG 54142 --- [UIdashboard] [scheduling-1] c.ceadar.uidashboard.schedule.Scheduler  : task 12 , Task 12 is updated
2024-08-25T11:10:33.052+03:30  INFO 54142 --- [UIdashboard] [http-nio-8081-exec-5] c.c.u.controller.TaskController          : get AllTasks method is called in controller, 12 tasks found
2024-08-25T11:10:49.404+03:30  INFO 54142 --- [UIdashboard] [scheduling-1] c.ceadar.uidashboard.schedule.Scheduler  : add new batch task to database at 2024-08-25T11:10:49.403968
2024-08-25T11:10:49.411+03:30  INFO 54142 --- [UIdashboard] [scheduling-1] c.c.uidashboard.schedule.SchedulerUtil   : Generating new tasks
2024-08-25T11:10:49.413+03:30  INFO 54142 --- [UIdashboard] [scheduling-1] c.c.uidashboard.schedule.SchedulerUtil   : Generated number for assigning a status to a task: 3
2024-08-25T11:10:49.413+03:30  INFO 54142 --- [UIdashboard] [scheduling-1] c.c.uidashboard.schedule.SchedulerUtil   : Random LocalDateTime created for field CreateAt
2024-08-25T11:10:49.414+03:30  INFO 54142 --- [UIdashboard] [scheduling-1] c.c.uidashboard.schedule.SchedulerUtil   : Generated number for assigning a status to a task: 2
2024-08-25T11:10:49.414+03:30  INFO 54142 --- [UIdashboard] [scheduling-1] c.c.uidashboard.schedule.SchedulerUtil   : Random LocalDateTime created for field CreateAt
2024-08-25T11:10:49.414+03:30  INFO 54142 --- [UIdashboard] [scheduling-1] c.c.uidashboard.schedule.SchedulerUtil   : Generated number for assigning a status to a task: 4
2024-08-25T11:10:49.414+03:30  INFO 54142 --- [UIdashboard] [scheduling-1] c.c.uidashboard.schedule.SchedulerUtil   : Random LocalDateTime created for field CreateAt
2024-08-25T11:10:49.414+03:30  INFO 54142 --- [UIdashboard] [scheduling-1] c.c.uidashboard.schedule.SchedulerUtil   : Generated number for assigning a status to a task: 0
2024-08-25T11:10:49.414+03:30  INFO 54142 --- [UIdashboard] [scheduling-1] c.c.uidashboard.schedule.SchedulerUtil   : Random LocalDateTime created for field CreateAt
2024-08-25T11:10:49.418+03:30  INFO 54142 --- [UIdashboard] [scheduling-1] c.ceadar.uidashboard.schedule.Scheduler  : add new batch task finished at 2024-08-25T11:10:49.418966
2024-08-25T11:10:52.412+03:30  INFO 54142 --- [UIdashboard] [scheduling-1] c.ceadar.uidashboard.schedule.Scheduler  : tasks fetching from database for update, count: 12
2024-08-25T11:10:52.413+03:30  INFO 54142 --- [UIdashboard] [scheduling-1] c.c.uidashboard.schedule.SchedulerUtil   : Generated number for assigning a status to a task: 3
2024-08-25T11:10:52.413+03:30  INFO 54142 --- [UIdashboard] [scheduling-1] c.c.uidashboard.service.TaskService      : updating, task id: 1
2024-08-25T11:10:52.416+03:30 DEBUG 54142 --- [UIdashboard] [scheduling-1] c.ceadar.uidashboard.schedule.Scheduler  : task 1 , Task 1 is updated
2024-08-25T11:10:52.417+03:30  INFO 54142 --- [UIdashboard] [scheduling-1] c.c.uidashboard.schedule.SchedulerUtil   : Generated number for assigning a status to a task: 1
2024-08-25T11:10:52.417+03:30  INFO 54142 --- [UIdashboard] [scheduling-1] c.c.uidashboard.service.TaskService      : updating, task id: 4
2024-08-25T11:10:52.418+03:30 DEBUG 54142 --- [UIdashboard] [scheduling-1] c.ceadar.uidashboard.schedule.Scheduler  : task 4 , Task 4 is updated
2024-08-25T11:10:52.418+03:30  INFO 54142 --- [UIdashboard] [scheduling-1] c.c.uidashboard.schedule.SchedulerUtil   : Generated number for assigning a status to a task: 4
2024-08-25T11:10:52.418+03:30  INFO 54142 --- [UIdashboard] [scheduling-1] c.c.uidashboard.service.TaskService      : updating, task id: 5
2024-08-25T11:10:52.420+03:30 DEBUG 54142 --- [UIdashboard] [scheduling-1] c.ceadar.uidashboard.schedule.Scheduler  : task 5 , Task 5 is updated
2024-08-25T11:10:52.420+03:30  INFO 54142 --- [UIdashboard] [scheduling-1] c.c.uidashboard.schedule.SchedulerUtil   : Generated number for assigning a status to a task: 0
2024-08-25T11:10:52.420+03:30  INFO 54142 --- [UIdashboard] [scheduling-1] c.c.uidashboard.service.TaskService      : updating, task id: 7
2024-08-25T11:10:52.421+03:30 DEBUG 54142 --- [UIdashboard] [scheduling-1] c.ceadar.uidashboard.schedule.Scheduler  : task 7 , Task 7 is updated
2024-08-25T11:10:52.421+03:30  INFO 54142 --- [UIdashboard] [scheduling-1] c.c.uidashboard.schedule.SchedulerUtil   : Generated number for assigning a status to a task: 1
2024-08-25T11:10:52.421+03:30  INFO 54142 --- [UIdashboard] [scheduling-1] c.c.uidashboard.service.TaskService      : updating, task id: 8
2024-08-25T11:10:52.422+03:30 DEBUG 54142 --- [UIdashboard] [scheduling-1] c.ceadar.uidashboard.schedule.Scheduler  : task 8 , Task 8 is updated
2024-08-25T11:10:52.422+03:30  INFO 54142 --- [UIdashboard] [scheduling-1] c.c.uidashboard.schedule.SchedulerUtil   : Generated number for assigning a status to a task: 4
2024-08-25T11:10:52.422+03:30  INFO 54142 --- [UIdashboard] [scheduling-1] c.c.uidashboard.service.TaskService      : updating, task id: 10
2024-08-25T11:10:52.423+03:30 DEBUG 54142 --- [UIdashboard] [scheduling-1] c.ceadar.uidashboard.schedule.Scheduler  : task 10 , Task 10 is updated
2024-08-25T11:10:52.423+03:30  INFO 54142 --- [UIdashboard] [scheduling-1] c.c.uidashboard.schedule.SchedulerUtil   : Generated number for assigning a status to a task: 0
2024-08-25T11:10:52.423+03:30  INFO 54142 --- [UIdashboard] [scheduling-1] c.c.uidashboard.service.TaskService      : updating, task id: 11
2024-08-25T11:10:52.425+03:30 DEBUG 54142 --- [UIdashboard] [scheduling-1] c.ceadar.uidashboard.schedule.Scheduler  : task 11 , Task 11 is updated
2024-08-25T11:10:52.425+03:30  INFO 54142 --- [UIdashboard] [scheduling-1] c.c.uidashboard.schedule.SchedulerUtil   : Generated number for assigning a status to a task: 2
2024-08-25T11:10:52.426+03:30  INFO 54142 --- [UIdashboard] [scheduling-1] c.c.uidashboard.service.TaskService      : updating, task id: 12
2024-08-25T11:10:52.426+03:30 DEBUG 54142 --- [UIdashboard] [scheduling-1] c.ceadar.uidashboard.schedule.Scheduler  : task 12 , Task 12 is updated
2024-08-25T11:10:52.426+03:30  INFO 54142 --- [UIdashboard] [scheduling-1] c.c.uidashboard.schedule.SchedulerUtil   : Generated number for assigning a status to a task: 3
2024-08-25T11:10:52.426+03:30  INFO 54142 --- [UIdashboard] [scheduling-1] c.c.uidashboard.service.TaskService      : updating, task id: 13
2024-08-25T11:10:52.427+03:30 DEBUG 54142 --- [UIdashboard] [scheduling-1] c.ceadar.uidashboard.schedule.Scheduler  : task 13 , Task 13 is updated
2024-08-25T11:10:52.428+03:30  INFO 54142 --- [UIdashboard] [scheduling-1] c.c.uidashboard.schedule.SchedulerUtil   : Generated number for assigning a status to a task: 2
2024-08-25T11:10:52.428+03:30  INFO 54142 --- [UIdashboard] [scheduling-1] c.c.uidashboard.service.TaskService      : updating, task id: 14
2024-08-25T11:10:52.429+03:30 DEBUG 54142 --- [UIdashboard] [scheduling-1] c.ceadar.uidashboard.schedule.Scheduler  : task 14 , Task 14 is updated
2024-08-25T11:10:52.429+03:30  INFO 54142 --- [UIdashboard] [scheduling-1] c.c.uidashboard.schedule.SchedulerUtil   : Generated number for assigning a status to a task: 4
2024-08-25T11:10:52.429+03:30  INFO 54142 --- [UIdashboard] [scheduling-1] c.c.uidashboard.service.TaskService      : updating, task id: 15
2024-08-25T11:10:52.430+03:30 DEBUG 54142 --- [UIdashboard] [scheduling-1] c.ceadar.uidashboard.schedule.Scheduler  : task 15 , Task 15 is updated
2024-08-25T11:10:52.430+03:30  INFO 54142 --- [UIdashboard] [scheduling-1] c.c.uidashboard.schedule.SchedulerUtil   : Generated number for assigning a status to a task: 0
2024-08-25T11:10:52.430+03:30  INFO 54142 --- [UIdashboard] [scheduling-1] c.c.uidashboard.service.TaskService      : updating, task id: 16
2024-08-25T11:10:52.431+03:30 DEBUG 54142 --- [UIdashboard] [scheduling-1] c.ceadar.uidashboard.schedule.Scheduler  : task 16 , Task 16 is updated
2024-08-25T11:11:34.064+03:30  INFO 54142 --- [UIdashboard] [http-nio-8081-exec-7] c.c.u.controller.TaskController          : get AllTasks method is called in controller, 16 tasks found
2024-08-25T11:11:48.403+03:30  INFO 54142 --- [UIdashboard] [scheduling-1] c.ceadar.uidashboard.schedule.Scheduler  : add new batch task to database at 2024-08-25T11:11:48.403066
2024-08-25T11:11:48.408+03:30  INFO 54142 --- [UIdashboard] [scheduling-1] c.c.uidashboard.schedule.SchedulerUtil   : Generating new tasks
2024-08-25T11:11:48.410+03:30  INFO 54142 --- [UIdashboard] [scheduling-1] c.c.uidashboard.schedule.SchedulerUtil   : Generated number for assigning a status to a task: 3
2024-08-25T11:11:48.410+03:30  INFO 54142 --- [UIdashboard] [scheduling-1] c.c.uidashboard.schedule.SchedulerUtil   : Random LocalDateTime created for field CreateAt
2024-08-25T11:11:48.410+03:30  INFO 54142 --- [UIdashboard] [scheduling-1] c.c.uidashboard.schedule.SchedulerUtil   : Generated number for assigning a status to a task: 3
2024-08-25T11:11:48.410+03:30  INFO 54142 --- [UIdashboard] [scheduling-1] c.c.uidashboard.schedule.SchedulerUtil   : Random LocalDateTime created for field CreateAt
2024-08-25T11:11:48.410+03:30  INFO 54142 --- [UIdashboard] [scheduling-1] c.c.uidashboard.schedule.SchedulerUtil   : Generated number for assigning a status to a task: 3
2024-08-25T11:11:48.410+03:30  INFO 54142 --- [UIdashboard] [scheduling-1] c.c.uidashboard.schedule.SchedulerUtil   : Random LocalDateTime created for field CreateAt
2024-08-25T11:11:48.410+03:30  INFO 54142 --- [UIdashboard] [scheduling-1] c.c.uidashboard.schedule.SchedulerUtil   : Generated number for assigning a status to a task: 3
2024-08-25T11:11:48.410+03:30  INFO 54142 --- [UIdashboard] [scheduling-1] c.c.uidashboard.schedule.SchedulerUtil   : Random LocalDateTime created for field CreateAt
2024-08-25T11:11:48.413+03:30  INFO 54142 --- [UIdashboard] [scheduling-1] c.ceadar.uidashboard.schedule.Scheduler  : add new batch task finished at 2024-08-25T11:11:48.413741
2024-08-25T11:11:52.413+03:30  INFO 54142 --- [UIdashboard] [scheduling-1] c.ceadar.uidashboard.schedule.Scheduler  : tasks fetching from database for update, count: 11
2024-08-25T11:11:52.414+03:30  INFO 54142 --- [UIdashboard] [scheduling-1] c.c.uidashboard.schedule.SchedulerUtil   : Generated number for assigning a status to a task: 4
2024-08-25T11:11:52.414+03:30  INFO 54142 --- [UIdashboard] [scheduling-1] c.c.uidashboard.service.TaskService      : updating, task id: 4
2024-08-25T11:11:52.417+03:30 DEBUG 54142 --- [UIdashboard] [scheduling-1] c.ceadar.uidashboard.schedule.Scheduler  : task 4 , Task 4 is updated
2024-08-25T11:11:52.417+03:30  INFO 54142 --- [UIdashboard] [scheduling-1] c.c.uidashboard.schedule.SchedulerUtil   : Generated number for assigning a status to a task: 4
2024-08-25T11:11:52.417+03:30  INFO 54142 --- [UIdashboard] [scheduling-1] c.c.uidashboard.service.TaskService      : updating, task id: 7
2024-08-25T11:11:52.418+03:30 DEBUG 54142 --- [UIdashboard] [scheduling-1] c.ceadar.uidashboard.schedule.Scheduler  : task 7 , Task 7 is updated
2024-08-25T11:11:52.418+03:30  INFO 54142 --- [UIdashboard] [scheduling-1] c.c.uidashboard.schedule.SchedulerUtil   : Generated number for assigning a status to a task: 2
2024-08-25T11:11:52.418+03:30  INFO 54142 --- [UIdashboard] [scheduling-1] c.c.uidashboard.service.TaskService      : updating, task id: 8
2024-08-25T11:11:52.420+03:30 DEBUG 54142 --- [UIdashboard] [scheduling-1] c.ceadar.uidashboard.schedule.Scheduler  : task 8 , Task 8 is updated
2024-08-25T11:11:52.420+03:30  INFO 54142 --- [UIdashboard] [scheduling-1] c.c.uidashboard.schedule.SchedulerUtil   : Generated number for assigning a status to a task: 3
2024-08-25T11:11:52.420+03:30  INFO 54142 --- [UIdashboard] [scheduling-1] c.c.uidashboard.service.TaskService      : updating, task id: 11
2024-08-25T11:11:52.422+03:30 DEBUG 54142 --- [UIdashboard] [scheduling-1] c.ceadar.uidashboard.schedule.Scheduler  : task 11 , Task 11 is updated
2024-08-25T11:11:52.422+03:30  INFO 54142 --- [UIdashboard] [scheduling-1] c.c.uidashboard.schedule.SchedulerUtil   : Generated number for assigning a status to a task: 4
2024-08-25T11:11:52.422+03:30  INFO 54142 --- [UIdashboard] [scheduling-1] c.c.uidashboard.service.TaskService      : updating, task id: 12
2024-08-25T11:11:52.424+03:30 DEBUG 54142 --- [UIdashboard] [scheduling-1] c.ceadar.uidashboard.schedule.Scheduler  : task 12 , Task 12 is updated
2024-08-25T11:11:52.424+03:30  INFO 54142 --- [UIdashboard] [scheduling-1] c.c.uidashboard.schedule.SchedulerUtil   : Generated number for assigning a status to a task: 4
2024-08-25T11:11:52.424+03:30  INFO 54142 --- [UIdashboard] [scheduling-1] c.c.uidashboard.service.TaskService      : updating, task id: 14
2024-08-25T11:11:52.425+03:30 DEBUG 54142 --- [UIdashboard] [scheduling-1] c.ceadar.uidashboard.schedule.Scheduler  : task 14 , Task 14 is updated
2024-08-25T11:11:52.425+03:30  INFO 54142 --- [UIdashboard] [scheduling-1] c.c.uidashboard.schedule.SchedulerUtil   : Generated number for assigning a status to a task: 0
2024-08-25T11:11:52.425+03:30  INFO 54142 --- [UIdashboard] [scheduling-1] c.c.uidashboard.service.TaskService      : updating, task id: 16
2024-08-25T11:11:52.426+03:30 DEBUG 54142 --- [UIdashboard] [scheduling-1] c.ceadar.uidashboard.schedule.Scheduler  : task 16 , Task 16 is updated
2024-08-25T11:11:52.426+03:30  INFO 54142 --- [UIdashboard] [scheduling-1] c.c.uidashboard.schedule.SchedulerUtil   : Generated number for assigning a status to a task: 2
2024-08-25T11:11:52.426+03:30  INFO 54142 --- [UIdashboard] [scheduling-1] c.c.uidashboard.service.TaskService      : updating, task id: 17
2024-08-25T11:11:52.427+03:30 DEBUG 54142 --- [UIdashboard] [scheduling-1] c.ceadar.uidashboard.schedule.Scheduler  : task 17 , Task 17 is updated
2024-08-25T11:11:52.427+03:30  INFO 54142 --- [UIdashboard] [scheduling-1] c.c.uidashboard.schedule.SchedulerUtil   : Generated number for assigning a status to a task: 0
2024-08-25T11:11:52.427+03:30  INFO 54142 --- [UIdashboard] [scheduling-1] c.c.uidashboard.service.TaskService      : updating, task id: 18
2024-08-25T11:11:52.428+03:30 DEBUG 54142 --- [UIdashboard] [scheduling-1] c.ceadar.uidashboard.schedule.Scheduler  : task 18 , Task 18 is updated
2024-08-25T11:11:52.428+03:30  INFO 54142 --- [UIdashboard] [scheduling-1] c.c.uidashboard.schedule.SchedulerUtil   : Generated number for assigning a status to a task: 0
2024-08-25T11:11:52.428+03:30  INFO 54142 --- [UIdashboard] [scheduling-1] c.c.uidashboard.service.TaskService      : updating, task id: 19
2024-08-25T11:11:52.429+03:30 DEBUG 54142 --- [UIdashboard] [scheduling-1] c.ceadar.uidashboard.schedule.Scheduler  : task 19 , Task 19 is updated
2024-08-25T11:11:52.448+03:30  INFO 54142 --- [UIdashboard] [scheduling-1] c.c.uidashboard.schedule.SchedulerUtil   : Generated number for assigning a status to a task: 4
2024-08-25T11:11:52.449+03:30  INFO 54142 --- [UIdashboard] [scheduling-1] c.c.uidashboard.service.TaskService      : updating, task id: 20
2024-08-25T11:11:52.450+03:30 DEBUG 54142 --- [UIdashboard] [scheduling-1] c.ceadar.uidashboard.schedule.Scheduler  : task 20 , Task 20 is updated
2024-08-25T11:12:35.020+03:30  INFO 54142 --- [UIdashboard] [http-nio-8081-exec-9] c.c.u.controller.TaskController          : get AllTasks method is called in controller, 20 tasks found
2024-08-25T11:12:47.403+03:30  INFO 54142 --- [UIdashboard] [scheduling-1] c.ceadar.uidashboard.schedule.Scheduler  : add new batch task to database at 2024-08-25T11:12:47.403461
2024-08-25T11:12:47.414+03:30  INFO 54142 --- [UIdashboard] [scheduling-1] c.c.uidashboard.schedule.SchedulerUtil   : Generating new tasks
2024-08-25T11:12:47.415+03:30  INFO 54142 --- [UIdashboard] [scheduling-1] c.c.uidashboard.schedule.SchedulerUtil   : Generated number for assigning a status to a task: 2
2024-08-25T11:12:47.415+03:30  INFO 54142 --- [UIdashboard] [scheduling-1] c.c.uidashboard.schedule.SchedulerUtil   : Random LocalDateTime created for field CreateAt
2024-08-25T11:12:47.415+03:30  INFO 54142 --- [UIdashboard] [scheduling-1] c.c.uidashboard.schedule.SchedulerUtil   : Generated number for assigning a status to a task: 4
2024-08-25T11:12:47.416+03:30  INFO 54142 --- [UIdashboard] [scheduling-1] c.c.uidashboard.schedule.SchedulerUtil   : Random LocalDateTime created for field CreateAt
2024-08-25T11:12:47.416+03:30  INFO 54142 --- [UIdashboard] [scheduling-1] c.c.uidashboard.schedule.SchedulerUtil   : Generated number for assigning a status to a task: 4
2024-08-25T11:12:47.416+03:30  INFO 54142 --- [UIdashboard] [scheduling-1] c.c.uidashboard.schedule.SchedulerUtil   : Random LocalDateTime created for field CreateAt
2024-08-25T11:12:47.416+03:30  INFO 54142 --- [UIdashboard] [scheduling-1] c.c.uidashboard.schedule.SchedulerUtil   : Generated number for assigning a status to a task: 1
2024-08-25T11:12:47.416+03:30  INFO 54142 --- [UIdashboard] [scheduling-1] c.c.uidashboard.schedule.SchedulerUtil   : Random LocalDateTime created for field CreateAt
2024-08-25T11:12:47.418+03:30  INFO 54142 --- [UIdashboard] [scheduling-1] c.ceadar.uidashboard.schedule.Scheduler  : add new batch task finished at 2024-08-25T11:12:47.418370
2024-08-25T11:12:52.412+03:30  INFO 54142 --- [UIdashboard] [scheduling-1] c.ceadar.uidashboard.schedule.Scheduler  : tasks fetching from database for update, count: 9
2024-08-25T11:12:52.413+03:30  INFO 54142 --- [UIdashboard] [scheduling-1] c.c.uidashboard.schedule.SchedulerUtil   : Generated number for assigning a status to a task: 0
2024-08-25T11:12:52.413+03:30  INFO 54142 --- [UIdashboard] [scheduling-1] c.c.uidashboard.service.TaskService      : updating, task id: 8
2024-08-25T11:12:52.417+03:30 DEBUG 54142 --- [UIdashboard] [scheduling-1] c.ceadar.uidashboard.schedule.Scheduler  : task 8 , Task 8 is updated
2024-08-25T11:12:52.417+03:30  INFO 54142 --- [UIdashboard] [scheduling-1] c.c.uidashboard.schedule.SchedulerUtil   : Generated number for assigning a status to a task: 1
2024-08-25T11:12:52.417+03:30  INFO 54142 --- [UIdashboard] [scheduling-1] c.c.uidashboard.service.TaskService      : updating, task id: 16
2024-08-25T11:12:52.419+03:30 DEBUG 54142 --- [UIdashboard] [scheduling-1] c.ceadar.uidashboard.schedule.Scheduler  : task 16 , Task 16 is updated
2024-08-25T11:12:52.419+03:30  INFO 54142 --- [UIdashboard] [scheduling-1] c.c.uidashboard.schedule.SchedulerUtil   : Generated number for assigning a status to a task: 3
2024-08-25T11:12:52.419+03:30  INFO 54142 --- [UIdashboard] [scheduling-1] c.c.uidashboard.service.TaskService      : updating, task id: 17
2024-08-25T11:12:52.420+03:30 DEBUG 54142 --- [UIdashboard] [scheduling-1] c.ceadar.uidashboard.schedule.Scheduler  : task 17 , Task 17 is updated
2024-08-25T11:12:52.420+03:30  INFO 54142 --- [UIdashboard] [scheduling-1] c.c.uidashboard.schedule.SchedulerUtil   : Generated number for assigning a status to a task: 1
2024-08-25T11:12:52.420+03:30  INFO 54142 --- [UIdashboard] [scheduling-1] c.c.uidashboard.service.TaskService      : updating, task id: 18
2024-08-25T11:12:52.422+03:30 DEBUG 54142 --- [UIdashboard] [scheduling-1] c.ceadar.uidashboard.schedule.Scheduler  : task 18 , Task 18 is updated
2024-08-25T11:12:52.422+03:30  INFO 54142 --- [UIdashboard] [scheduling-1] c.c.uidashboard.schedule.SchedulerUtil   : Generated number for assigning a status to a task: 4
2024-08-25T11:12:52.422+03:30  INFO 54142 --- [UIdashboard] [scheduling-1] c.c.uidashboard.service.TaskService      : updating, task id: 19
2024-08-25T11:12:52.423+03:30 DEBUG 54142 --- [UIdashboard] [scheduling-1] c.ceadar.uidashboard.schedule.Scheduler  : task 19 , Task 19 is updated
2024-08-25T11:12:52.423+03:30  INFO 54142 --- [UIdashboard] [scheduling-1] c.c.uidashboard.schedule.SchedulerUtil   : Generated number for assigning a status to a task: 0
2024-08-25T11:12:52.423+03:30  INFO 54142 --- [UIdashboard] [scheduling-1] c.c.uidashboard.service.TaskService      : updating, task id: 21
2024-08-25T11:12:52.424+03:30 DEBUG 54142 --- [UIdashboard] [scheduling-1] c.ceadar.uidashboard.schedule.Scheduler  : task 21 , Task 21 is updated
2024-08-25T11:12:52.424+03:30  INFO 54142 --- [UIdashboard] [scheduling-1] c.c.uidashboard.schedule.SchedulerUtil   : Generated number for assigning a status to a task: 0
2024-08-25T11:12:52.424+03:30  INFO 54142 --- [UIdashboard] [scheduling-1] c.c.uidashboard.service.TaskService      : updating, task id: 22
2024-08-25T11:12:52.425+03:30 DEBUG 54142 --- [UIdashboard] [scheduling-1] c.ceadar.uidashboard.schedule.Scheduler  : task 22 , Task 22 is updated
2024-08-25T11:12:52.425+03:30  INFO 54142 --- [UIdashboard] [scheduling-1] c.c.uidashboard.schedule.SchedulerUtil   : Generated number for assigning a status to a task: 2
2024-08-25T11:12:52.425+03:30  INFO 54142 --- [UIdashboard] [scheduling-1] c.c.uidashboard.service.TaskService      : updating, task id: 23
2024-08-25T11:12:52.426+03:30 DEBUG 54142 --- [UIdashboard] [scheduling-1] c.ceadar.uidashboard.schedule.Scheduler  : task 23 , Task 23 is updated
2024-08-25T11:12:52.426+03:30  INFO 54142 --- [UIdashboard] [scheduling-1] c.c.uidashboard.schedule.SchedulerUtil   : Generated number for assigning a status to a task: 4
2024-08-25T11:12:52.426+03:30  INFO 54142 --- [UIdashboard] [scheduling-1] c.c.uidashboard.service.TaskService      : updating, task id: 24
2024-08-25T11:12:52.427+03:30 DEBUG 54142 --- [UIdashboard] [scheduling-1] c.ceadar.uidashboard.schedule.Scheduler  : task 24 , Task 24 is updated
2024-08-25T11:13:36.032+03:30  INFO 54142 --- [UIdashboard] [http-nio-8081-exec-1] c.c.u.controller.TaskController          : get AllTasks method is called in controller, 24 tasks found
2024-08-25T11:13:46.406+03:30  INFO 54142 --- [UIdashboard] [scheduling-1] c.ceadar.uidashboard.schedule.Scheduler  : add new batch task to database at 2024-08-25T11:13:46.406308
2024-08-25T11:13:46.413+03:30  INFO 54142 --- [UIdashboard] [scheduling-1] c.c.uidashboard.schedule.SchedulerUtil   : Generating new tasks
2024-08-25T11:13:46.415+03:30  INFO 54142 --- [UIdashboard] [scheduling-1] c.c.uidashboard.schedule.SchedulerUtil   : Generated number for assigning a status to a task: 3
2024-08-25T11:13:46.415+03:30  INFO 54142 --- [UIdashboard] [scheduling-1] c.c.uidashboard.schedule.SchedulerUtil   : Random LocalDateTime created for field CreateAt
2024-08-25T11:13:46.415+03:30  INFO 54142 --- [UIdashboard] [scheduling-1] c.c.uidashboard.schedule.SchedulerUtil   : Generated number for assigning a status to a task: 2
2024-08-25T11:13:46.415+03:30  INFO 54142 --- [UIdashboard] [scheduling-1] c.c.uidashboard.schedule.SchedulerUtil   : Random LocalDateTime created for field CreateAt
2024-08-25T11:13:46.415+03:30  INFO 54142 --- [UIdashboard] [scheduling-1] c.c.uidashboard.schedule.SchedulerUtil   : Generated number for assigning a status to a task: 2
2024-08-25T11:13:46.415+03:30  INFO 54142 --- [UIdashboard] [scheduling-1] c.c.uidashboard.schedule.SchedulerUtil   : Random LocalDateTime created for field CreateAt
2024-08-25T11:13:46.415+03:30  INFO 54142 --- [UIdashboard] [scheduling-1] c.c.uidashboard.schedule.SchedulerUtil   : Generated number for assigning a status to a task: 3
2024-08-25T11:13:46.415+03:30  INFO 54142 --- [UIdashboard] [scheduling-1] c.c.uidashboard.schedule.SchedulerUtil   : Random LocalDateTime created for field CreateAt
2024-08-25T11:13:46.419+03:30  INFO 54142 --- [UIdashboard] [scheduling-1] c.ceadar.uidashboard.schedule.Scheduler  : add new batch task finished at 2024-08-25T11:13:46.419026
2024-08-25T11:13:52.414+03:30  INFO 54142 --- [UIdashboard] [scheduling-1] c.ceadar.uidashboard.schedule.Scheduler  : tasks fetching from database for update, count: 10
2024-08-25T11:13:52.414+03:30  INFO 54142 --- [UIdashboard] [scheduling-1] c.c.uidashboard.schedule.SchedulerUtil   : Generated number for assigning a status to a task: 1
2024-08-25T11:13:52.414+03:30  INFO 54142 --- [UIdashboard] [scheduling-1] c.c.uidashboard.service.TaskService      : updating, task id: 8
2024-08-25T11:13:52.417+03:30 DEBUG 54142 --- [UIdashboard] [scheduling-1] c.ceadar.uidashboard.schedule.Scheduler  : task 8 , Task 8 is updated
2024-08-25T11:13:52.417+03:30  INFO 54142 --- [UIdashboard] [scheduling-1] c.c.uidashboard.schedule.SchedulerUtil   : Generated number for assigning a status to a task: 0
2024-08-25T11:13:52.417+03:30  INFO 54142 --- [UIdashboard] [scheduling-1] c.c.uidashboard.service.TaskService      : updating, task id: 16
2024-08-25T11:13:52.418+03:30 DEBUG 54142 --- [UIdashboard] [scheduling-1] c.ceadar.uidashboard.schedule.Scheduler  : task 16 , Task 16 is updated
2024-08-25T11:13:52.418+03:30  INFO 54142 --- [UIdashboard] [scheduling-1] c.c.uidashboard.schedule.SchedulerUtil   : Generated number for assigning a status to a task: 1
2024-08-25T11:13:52.418+03:30  INFO 54142 --- [UIdashboard] [scheduling-1] c.c.uidashboard.service.TaskService      : updating, task id: 18
2024-08-25T11:13:52.420+03:30 DEBUG 54142 --- [UIdashboard] [scheduling-1] c.ceadar.uidashboard.schedule.Scheduler  : task 18 , Task 18 is updated
2024-08-25T11:13:52.420+03:30  INFO 54142 --- [UIdashboard] [scheduling-1] c.c.uidashboard.schedule.SchedulerUtil   : Generated number for assigning a status to a task: 3
2024-08-25T11:13:52.420+03:30  INFO 54142 --- [UIdashboard] [scheduling-1] c.c.uidashboard.service.TaskService      : updating, task id: 21
2024-08-25T11:13:52.421+03:30 DEBUG 54142 --- [UIdashboard] [scheduling-1] c.ceadar.uidashboard.schedule.Scheduler  : task 21 , Task 21 is updated
2024-08-25T11:13:52.421+03:30  INFO 54142 --- [UIdashboard] [scheduling-1] c.c.uidashboard.schedule.SchedulerUtil   : Generated number for assigning a status to a task: 3
2024-08-25T11:13:52.421+03:30  INFO 54142 --- [UIdashboard] [scheduling-1] c.c.uidashboard.service.TaskService      : updating, task id: 22
2024-08-25T11:13:52.422+03:30 DEBUG 54142 --- [UIdashboard] [scheduling-1] c.ceadar.uidashboard.schedule.Scheduler  : task 22 , Task 22 is updated
2024-08-25T11:13:52.423+03:30  INFO 54142 --- [UIdashboard] [scheduling-1] c.c.uidashboard.schedule.SchedulerUtil   : Generated number for assigning a status to a task: 4
2024-08-25T11:13:52.423+03:30  INFO 54142 --- [UIdashboard] [scheduling-1] c.c.uidashboard.service.TaskService      : updating, task id: 23
2024-08-25T11:13:52.424+03:30 DEBUG 54142 --- [UIdashboard] [scheduling-1] c.ceadar.uidashboard.schedule.Scheduler  : task 23 , Task 23 is updated
2024-08-25T11:13:52.424+03:30  INFO 54142 --- [UIdashboard] [scheduling-1] c.c.uidashboard.schedule.SchedulerUtil   : Generated number for assigning a status to a task: 1
2024-08-25T11:13:52.424+03:30  INFO 54142 --- [UIdashboard] [scheduling-1] c.c.uidashboard.service.TaskService      : updating, task id: 25
2024-08-25T11:13:52.425+03:30 DEBUG 54142 --- [UIdashboard] [scheduling-1] c.ceadar.uidashboard.schedule.Scheduler  : task 25 , Task 25 is updated
2024-08-25T11:13:52.425+03:30  INFO 54142 --- [UIdashboard] [scheduling-1] c.c.uidashboard.schedule.SchedulerUtil   : Generated number for assigning a status to a task: 4
2024-08-25T11:13:52.425+03:30  INFO 54142 --- [UIdashboard] [scheduling-1] c.c.uidashboard.service.TaskService      : updating, task id: 26
2024-08-25T11:13:52.426+03:30 DEBUG 54142 --- [UIdashboard] [scheduling-1] c.ceadar.uidashboard.schedule.Scheduler  : task 26 , Task 26 is updated
2024-08-25T11:13:52.426+03:30  INFO 54142 --- [UIdashboard] [scheduling-1] c.c.uidashboard.schedule.SchedulerUtil   : Generated number for assigning a status to a task: 0
2024-08-25T11:13:52.426+03:30  INFO 54142 --- [UIdashboard] [scheduling-1] c.c.uidashboard.service.TaskService      : updating, task id: 27
2024-08-25T11:13:52.427+03:30 DEBUG 54142 --- [UIdashboard] [scheduling-1] c.ceadar.uidashboard.schedule.Scheduler  : task 27 , Task 27 is updated
2024-08-25T11:13:52.427+03:30  INFO 54142 --- [UIdashboard] [scheduling-1] c.c.uidashboard.schedule.SchedulerUtil   : Generated number for assigning a status to a task: 4
2024-08-25T11:13:52.427+03:30  INFO 54142 --- [UIdashboard] [scheduling-1] c.c.uidashboard.service.TaskService      : updating, task id: 28
2024-08-25T11:13:52.428+03:30 DEBUG 54142 --- [UIdashboard] [scheduling-1] c.ceadar.uidashboard.schedule.Scheduler  : task 28 , Task 28 is updated
2024-08-25T11:14:37.049+03:30  INFO 54142 --- [UIdashboard] [http-nio-8081-exec-3] c.c.u.controller.TaskController          : get AllTasks method is called in controller, 28 tasks found
2024-08-25T11:14:45.404+03:30  INFO 54142 --- [UIdashboard] [scheduling-1] c.ceadar.uidashboard.schedule.Scheduler  : add new batch task to database at 2024-08-25T11:14:45.403998
2024-08-25T11:14:45.408+03:30  INFO 54142 --- [UIdashboard] [scheduling-1] c.c.uidashboard.schedule.SchedulerUtil   : Generating new tasks
2024-08-25T11:14:45.410+03:30  INFO 54142 --- [UIdashboard] [scheduling-1] c.c.uidashboard.schedule.SchedulerUtil   : Generated number for assigning a status to a task: 2
2024-08-25T11:14:45.410+03:30  INFO 54142 --- [UIdashboard] [scheduling-1] c.c.uidashboard.schedule.SchedulerUtil   : Random LocalDateTime created for field CreateAt
2024-08-25T11:14:45.410+03:30  INFO 54142 --- [UIdashboard] [scheduling-1] c.c.uidashboard.schedule.SchedulerUtil   : Generated number for assigning a status to a task: 0
2024-08-25T11:14:45.410+03:30  INFO 54142 --- [UIdashboard] [scheduling-1] c.c.uidashboard.schedule.SchedulerUtil   : Random LocalDateTime created for field CreateAt
2024-08-25T11:14:45.410+03:30  INFO 54142 --- [UIdashboard] [scheduling-1] c.c.uidashboard.schedule.SchedulerUtil   : Generated number for assigning a status to a task: 4
2024-08-25T11:14:45.410+03:30  INFO 54142 --- [UIdashboard] [scheduling-1] c.c.uidashboard.schedule.SchedulerUtil   : Random LocalDateTime created for field CreateAt
2024-08-25T11:14:45.410+03:30  INFO 54142 --- [UIdashboard] [scheduling-1] c.c.uidashboard.schedule.SchedulerUtil   : Generated number for assigning a status to a task: 4
2024-08-25T11:14:45.410+03:30  INFO 54142 --- [UIdashboard] [scheduling-1] c.c.uidashboard.schedule.SchedulerUtil   : Random LocalDateTime created for field CreateAt
2024-08-25T11:14:45.413+03:30  INFO 54142 --- [UIdashboard] [scheduling-1] c.ceadar.uidashboard.schedule.Scheduler  : add new batch task finished at 2024-08-25T11:14:45.413920
2024-08-25T11:14:52.411+03:30  INFO 54142 --- [UIdashboard] [scheduling-1] c.ceadar.uidashboard.schedule.Scheduler  : tasks fetching from database for update, count: 9
2024-08-25T11:14:52.411+03:30  INFO 54142 --- [UIdashboard] [scheduling-1] c.c.uidashboard.schedule.SchedulerUtil   : Generated number for assigning a status to a task: 4
2024-08-25T11:14:52.411+03:30  INFO 54142 --- [UIdashboard] [scheduling-1] c.c.uidashboard.service.TaskService      : updating, task id: 8
2024-08-25T11:14:52.414+03:30 DEBUG 54142 --- [UIdashboard] [scheduling-1] c.ceadar.uidashboard.schedule.Scheduler  : task 8 , Task 8 is updated
2024-08-25T11:14:52.414+03:30  INFO 54142 --- [UIdashboard] [scheduling-1] c.c.uidashboard.schedule.SchedulerUtil   : Generated number for assigning a status to a task: 0
2024-08-25T11:14:52.414+03:30  INFO 54142 --- [UIdashboard] [scheduling-1] c.c.uidashboard.service.TaskService      : updating, task id: 16
2024-08-25T11:14:52.414+03:30 DEBUG 54142 --- [UIdashboard] [scheduling-1] c.ceadar.uidashboard.schedule.Scheduler  : task 16 , Task 16 is updated
2024-08-25T11:14:52.415+03:30  INFO 54142 --- [UIdashboard] [scheduling-1] c.c.uidashboard.schedule.SchedulerUtil   : Generated number for assigning a status to a task: 2
2024-08-25T11:14:52.415+03:30  INFO 54142 --- [UIdashboard] [scheduling-1] c.c.uidashboard.service.TaskService      : updating, task id: 18
2024-08-25T11:14:52.416+03:30 DEBUG 54142 --- [UIdashboard] [scheduling-1] c.ceadar.uidashboard.schedule.Scheduler  : task 18 , Task 18 is updated
2024-08-25T11:14:52.416+03:30  INFO 54142 --- [UIdashboard] [scheduling-1] c.c.uidashboard.schedule.SchedulerUtil   : Generated number for assigning a status to a task: 4
2024-08-25T11:14:52.416+03:30  INFO 54142 --- [UIdashboard] [scheduling-1] c.c.uidashboard.service.TaskService      : updating, task id: 25
2024-08-25T11:14:52.417+03:30 DEBUG 54142 --- [UIdashboard] [scheduling-1] c.ceadar.uidashboard.schedule.Scheduler  : task 25 , Task 25 is updated
2024-08-25T11:14:52.417+03:30  INFO 54142 --- [UIdashboard] [scheduling-1] c.c.uidashboard.schedule.SchedulerUtil   : Generated number for assigning a status to a task: 0
2024-08-25T11:14:52.417+03:30  INFO 54142 --- [UIdashboard] [scheduling-1] c.c.uidashboard.service.TaskService      : updating, task id: 27
2024-08-25T11:14:52.418+03:30 DEBUG 54142 --- [UIdashboard] [scheduling-1] c.ceadar.uidashboard.schedule.Scheduler  : task 27 , Task 27 is updated
2024-08-25T11:14:52.418+03:30  INFO 54142 --- [UIdashboard] [scheduling-1] c.c.uidashboard.schedule.SchedulerUtil   : Generated number for assigning a status to a task: 3
2024-08-25T11:14:52.418+03:30  INFO 54142 --- [UIdashboard] [scheduling-1] c.c.uidashboard.service.TaskService      : updating, task id: 29
2024-08-25T11:14:52.420+03:30 DEBUG 54142 --- [UIdashboard] [scheduling-1] c.ceadar.uidashboard.schedule.Scheduler  : task 29 , Task 29 is updated
2024-08-25T11:14:52.420+03:30  INFO 54142 --- [UIdashboard] [scheduling-1] c.c.uidashboard.schedule.SchedulerUtil   : Generated number for assigning a status to a task: 0
2024-08-25T11:14:52.420+03:30  INFO 54142 --- [UIdashboard] [scheduling-1] c.c.uidashboard.service.TaskService      : updating, task id: 30
2024-08-25T11:14:52.420+03:30 DEBUG 54142 --- [UIdashboard] [scheduling-1] c.ceadar.uidashboard.schedule.Scheduler  : task 30 , Task 30 is updated
2024-08-25T11:14:52.420+03:30  INFO 54142 --- [UIdashboard] [scheduling-1] c.c.uidashboard.schedule.SchedulerUtil   : Generated number for assigning a status to a task: 1
2024-08-25T11:14:52.420+03:30  INFO 54142 --- [UIdashboard] [scheduling-1] c.c.uidashboard.service.TaskService      : updating, task id: 31
2024-08-25T11:14:52.421+03:30 DEBUG 54142 --- [UIdashboard] [scheduling-1] c.ceadar.uidashboard.schedule.Scheduler  : task 31 , Task 31 is updated
2024-08-25T11:14:52.421+03:30  INFO 54142 --- [UIdashboard] [scheduling-1] c.c.uidashboard.schedule.SchedulerUtil   : Generated number for assigning a status to a task: 3
2024-08-25T11:14:52.421+03:30  INFO 54142 --- [UIdashboard] [scheduling-1] c.c.uidashboard.service.TaskService      : updating, task id: 32
2024-08-25T11:14:52.422+03:30 DEBUG 54142 --- [UIdashboard] [scheduling-1] c.ceadar.uidashboard.schedule.Scheduler  : task 32 , Task 32 is updated
2024-08-25T11:15:38.045+03:30  INFO 54142 --- [UIdashboard] [http-nio-8081-exec-5] c.c.u.controller.TaskController          : get AllTasks method is called in controller, 32 tasks found
2024-08-25T11:15:44.406+03:30  INFO 54142 --- [UIdashboard] [scheduling-1] c.ceadar.uidashboard.schedule.Scheduler  : add new batch task to database at 2024-08-25T11:15:44.406685
2024-08-25T11:15:44.412+03:30  INFO 54142 --- [UIdashboard] [scheduling-1] c.c.uidashboard.schedule.SchedulerUtil   : Generating new tasks
2024-08-25T11:15:44.414+03:30  INFO 54142 --- [UIdashboard] [scheduling-1] c.c.uidashboard.schedule.SchedulerUtil   : Generated number for assigning a status to a task: 2
2024-08-25T11:15:44.415+03:30  INFO 54142 --- [UIdashboard] [scheduling-1] c.c.uidashboard.schedule.SchedulerUtil   : Random LocalDateTime created for field CreateAt
2024-08-25T11:15:44.415+03:30  INFO 54142 --- [UIdashboard] [scheduling-1] c.c.uidashboard.schedule.SchedulerUtil   : Generated number for assigning a status to a task: 1
2024-08-25T11:15:44.415+03:30  INFO 54142 --- [UIdashboard] [scheduling-1] c.c.uidashboard.schedule.SchedulerUtil   : Random LocalDateTime created for field CreateAt
2024-08-25T11:15:44.415+03:30  INFO 54142 --- [UIdashboard] [scheduling-1] c.c.uidashboard.schedule.SchedulerUtil   : Generated number for assigning a status to a task: 0
2024-08-25T11:15:44.415+03:30  INFO 54142 --- [UIdashboard] [scheduling-1] c.c.uidashboard.schedule.SchedulerUtil   : Random LocalDateTime created for field CreateAt
2024-08-25T11:15:44.415+03:30  INFO 54142 --- [UIdashboard] [scheduling-1] c.c.uidashboard.schedule.SchedulerUtil   : Generated number for assigning a status to a task: 3
2024-08-25T11:15:44.415+03:30  INFO 54142 --- [UIdashboard] [scheduling-1] c.c.uidashboard.schedule.SchedulerUtil   : Random LocalDateTime created for field CreateAt
2024-08-25T11:15:44.418+03:30  INFO 54142 --- [UIdashboard] [scheduling-1] c.ceadar.uidashboard.schedule.Scheduler  : add new batch task finished at 2024-08-25T11:15:44.418685
2024-08-25T11:15:52.412+03:30  INFO 54142 --- [UIdashboard] [scheduling-1] c.ceadar.uidashboard.schedule.Scheduler  : tasks fetching from database for update, count: 9
2024-08-25T11:15:52.414+03:30  INFO 54142 --- [UIdashboard] [scheduling-1] c.c.uidashboard.schedule.SchedulerUtil   : Generated number for assigning a status to a task: 4
2024-08-25T11:15:52.414+03:30  INFO 54142 --- [UIdashboard] [scheduling-1] c.c.uidashboard.service.TaskService      : updating, task id: 16
2024-08-25T11:15:52.417+03:30 DEBUG 54142 --- [UIdashboard] [scheduling-1] c.ceadar.uidashboard.schedule.Scheduler  : task 16 , Task 16 is updated
2024-08-25T11:15:52.417+03:30  INFO 54142 --- [UIdashboard] [scheduling-1] c.c.uidashboard.schedule.SchedulerUtil   : Generated number for assigning a status to a task: 4
2024-08-25T11:15:52.417+03:30  INFO 54142 --- [UIdashboard] [scheduling-1] c.c.uidashboard.service.TaskService      : updating, task id: 18
2024-08-25T11:15:52.418+03:30 DEBUG 54142 --- [UIdashboard] [scheduling-1] c.ceadar.uidashboard.schedule.Scheduler  : task 18 , Task 18 is updated
2024-08-25T11:15:52.418+03:30  INFO 54142 --- [UIdashboard] [scheduling-1] c.c.uidashboard.schedule.SchedulerUtil   : Generated number for assigning a status to a task: 2
2024-08-25T11:15:52.418+03:30  INFO 54142 --- [UIdashboard] [scheduling-1] c.c.uidashboard.service.TaskService      : updating, task id: 27
2024-08-25T11:15:52.420+03:30 DEBUG 54142 --- [UIdashboard] [scheduling-1] c.ceadar.uidashboard.schedule.Scheduler  : task 27 , Task 27 is updated
2024-08-25T11:15:52.420+03:30  INFO 54142 --- [UIdashboard] [scheduling-1] c.c.uidashboard.schedule.SchedulerUtil   : Generated number for assigning a status to a task: 2
2024-08-25T11:15:52.420+03:30  INFO 54142 --- [UIdashboard] [scheduling-1] c.c.uidashboard.service.TaskService      : updating, task id: 30
2024-08-25T11:15:52.421+03:30 DEBUG 54142 --- [UIdashboard] [scheduling-1] c.ceadar.uidashboard.schedule.Scheduler  : task 30 , Task 30 is updated
2024-08-25T11:15:52.421+03:30  INFO 54142 --- [UIdashboard] [scheduling-1] c.c.uidashboard.schedule.SchedulerUtil   : Generated number for assigning a status to a task: 1
2024-08-25T11:15:52.421+03:30  INFO 54142 --- [UIdashboard] [scheduling-1] c.c.uidashboard.service.TaskService      : updating, task id: 31
2024-08-25T11:15:52.421+03:30 DEBUG 54142 --- [UIdashboard] [scheduling-1] c.ceadar.uidashboard.schedule.Scheduler  : task 31 , Task 31 is updated
2024-08-25T11:15:52.421+03:30  INFO 54142 --- [UIdashboard] [scheduling-1] c.c.uidashboard.schedule.SchedulerUtil   : Generated number for assigning a status to a task: 4
2024-08-25T11:15:52.421+03:30  INFO 54142 --- [UIdashboard] [scheduling-1] c.c.uidashboard.service.TaskService      : updating, task id: 33
2024-08-25T11:15:52.422+03:30 DEBUG 54142 --- [UIdashboard] [scheduling-1] c.ceadar.uidashboard.schedule.Scheduler  : task 33 , Task 33 is updated
2024-08-25T11:15:52.422+03:30  INFO 54142 --- [UIdashboard] [scheduling-1] c.c.uidashboard.schedule.SchedulerUtil   : Generated number for assigning a status to a task: 4
2024-08-25T11:15:52.422+03:30  INFO 54142 --- [UIdashboard] [scheduling-1] c.c.uidashboard.service.TaskService      : updating, task id: 34
2024-08-25T11:15:52.423+03:30 DEBUG 54142 --- [UIdashboard] [scheduling-1] c.ceadar.uidashboard.schedule.Scheduler  : task 34 , Task 34 is updated
2024-08-25T11:15:52.423+03:30  INFO 54142 --- [UIdashboard] [scheduling-1] c.c.uidashboard.schedule.SchedulerUtil   : Generated number for assigning a status to a task: 1
2024-08-25T11:15:52.423+03:30  INFO 54142 --- [UIdashboard] [scheduling-1] c.c.uidashboard.service.TaskService      : updating, task id: 35
2024-08-25T11:15:52.424+03:30 DEBUG 54142 --- [UIdashboard] [scheduling-1] c.ceadar.uidashboard.schedule.Scheduler  : task 35 , Task 35 is updated
2024-08-25T11:15:52.424+03:30  INFO 54142 --- [UIdashboard] [scheduling-1] c.c.uidashboard.schedule.SchedulerUtil   : Generated number for assigning a status to a task: 2
2024-08-25T11:15:52.424+03:30  INFO 54142 --- [UIdashboard] [scheduling-1] c.c.uidashboard.service.TaskService      : updating, task id: 36
2024-08-25T11:15:52.425+03:30 DEBUG 54142 --- [UIdashboard] [scheduling-1] c.ceadar.uidashboard.schedule.Scheduler  : task 36 , Task 36 is updated
2024-08-25T11:16:39.041+03:30  INFO 54142 --- [UIdashboard] [http-nio-8081-exec-7] c.c.u.controller.TaskController          : get AllTasks method is called in controller, 36 tasks found
2024-08-25T11:16:43.403+03:30  INFO 54142 --- [UIdashboard] [scheduling-1] c.ceadar.uidashboard.schedule.Scheduler  : add new batch task to database at 2024-08-25T11:16:43.403903
2024-08-25T11:16:43.409+03:30  INFO 54142 --- [UIdashboard] [scheduling-1] c.c.uidashboard.schedule.SchedulerUtil   : Generating new tasks
2024-08-25T11:16:43.411+03:30  INFO 54142 --- [UIdashboard] [scheduling-1] c.c.uidashboard.schedule.SchedulerUtil   : Generated number for assigning a status to a task: 4
2024-08-25T11:16:43.411+03:30  INFO 54142 --- [UIdashboard] [scheduling-1] c.c.uidashboard.schedule.SchedulerUtil   : Random LocalDateTime created for field CreateAt
2024-08-25T11:16:43.411+03:30  INFO 54142 --- [UIdashboard] [scheduling-1] c.c.uidashboard.schedule.SchedulerUtil   : Generated number for assigning a status to a task: 1
2024-08-25T11:16:43.411+03:30  INFO 54142 --- [UIdashboard] [scheduling-1] c.c.uidashboard.schedule.SchedulerUtil   : Random LocalDateTime created for field CreateAt
2024-08-25T11:16:43.411+03:30  INFO 54142 --- [UIdashboard] [scheduling-1] c.c.uidashboard.schedule.SchedulerUtil   : Generated number for assigning a status to a task: 2
2024-08-25T11:16:43.411+03:30  INFO 54142 --- [UIdashboard] [scheduling-1] c.c.uidashboard.schedule.SchedulerUtil   : Random LocalDateTime created for field CreateAt
2024-08-25T11:16:43.411+03:30  INFO 54142 --- [UIdashboard] [scheduling-1] c.c.uidashboard.schedule.SchedulerUtil   : Generated number for assigning a status to a task: 4
2024-08-25T11:16:43.412+03:30  INFO 54142 --- [UIdashboard] [scheduling-1] c.c.uidashboard.schedule.SchedulerUtil   : Random LocalDateTime created for field CreateAt
2024-08-25T11:16:43.415+03:30  INFO 54142 --- [UIdashboard] [scheduling-1] c.ceadar.uidashboard.schedule.Scheduler  : add new batch task finished at 2024-08-25T11:16:43.415142
2024-08-25T11:16:52.411+03:30  INFO 54142 --- [UIdashboard] [scheduling-1] c.ceadar.uidashboard.schedule.Scheduler  : tasks fetching from database for update, count: 9
2024-08-25T11:16:52.413+03:30  INFO 54142 --- [UIdashboard] [scheduling-1] c.c.uidashboard.schedule.SchedulerUtil   : Generated number for assigning a status to a task: 4
2024-08-25T11:16:52.413+03:30  INFO 54142 --- [UIdashboard] [scheduling-1] c.c.uidashboard.service.TaskService      : updating, task id: 27
2024-08-25T11:16:52.416+03:30 DEBUG 54142 --- [UIdashboard] [scheduling-1] c.ceadar.uidashboard.schedule.Scheduler  : task 27 , Task 27 is updated
2024-08-25T11:16:52.416+03:30  INFO 54142 --- [UIdashboard] [scheduling-1] c.c.uidashboard.schedule.SchedulerUtil   : Generated number for assigning a status to a task: 1
2024-08-25T11:16:52.416+03:30  INFO 54142 --- [UIdashboard] [scheduling-1] c.c.uidashboard.service.TaskService      : updating, task id: 30
2024-08-25T11:16:52.417+03:30 DEBUG 54142 --- [UIdashboard] [scheduling-1] c.ceadar.uidashboard.schedule.Scheduler  : task 30 , Task 30 is updated
2024-08-25T11:16:52.417+03:30  INFO 54142 --- [UIdashboard] [scheduling-1] c.c.uidashboard.schedule.SchedulerUtil   : Generated number for assigning a status to a task: 3
2024-08-25T11:16:52.417+03:30  INFO 54142 --- [UIdashboard] [scheduling-1] c.c.uidashboard.service.TaskService      : updating, task id: 31
2024-08-25T11:16:52.418+03:30 DEBUG 54142 --- [UIdashboard] [scheduling-1] c.ceadar.uidashboard.schedule.Scheduler  : task 31 , Task 31 is updated
2024-08-25T11:16:52.418+03:30  INFO 54142 --- [UIdashboard] [scheduling-1] c.c.uidashboard.schedule.SchedulerUtil   : Generated number for assigning a status to a task: 2
2024-08-25T11:16:52.418+03:30  INFO 54142 --- [UIdashboard] [scheduling-1] c.c.uidashboard.service.TaskService      : updating, task id: 35
2024-08-25T11:16:52.419+03:30 DEBUG 54142 --- [UIdashboard] [scheduling-1] c.ceadar.uidashboard.schedule.Scheduler  : task 35 , Task 35 is updated
2024-08-25T11:16:52.419+03:30  INFO 54142 --- [UIdashboard] [scheduling-1] c.c.uidashboard.schedule.SchedulerUtil   : Generated number for assigning a status to a task: 0
2024-08-25T11:16:52.419+03:30  INFO 54142 --- [UIdashboard] [scheduling-1] c.c.uidashboard.service.TaskService      : updating, task id: 36
2024-08-25T11:16:52.420+03:30 DEBUG 54142 --- [UIdashboard] [scheduling-1] c.ceadar.uidashboard.schedule.Scheduler  : task 36 , Task 36 is updated
2024-08-25T11:16:52.420+03:30  INFO 54142 --- [UIdashboard] [scheduling-1] c.c.uidashboard.schedule.SchedulerUtil   : Generated number for assigning a status to a task: 0
2024-08-25T11:16:52.420+03:30  INFO 54142 --- [UIdashboard] [scheduling-1] c.c.uidashboard.service.TaskService      : updating, task id: 37
2024-08-25T11:16:52.421+03:30 DEBUG 54142 --- [UIdashboard] [scheduling-1] c.ceadar.uidashboard.schedule.Scheduler  : task 37 , Task 37 is updated
2024-08-25T11:16:52.421+03:30  INFO 54142 --- [UIdashboard] [scheduling-1] c.c.uidashboard.schedule.SchedulerUtil   : Generated number for assigning a status to a task: 2
2024-08-25T11:16:52.421+03:30  INFO 54142 --- [UIdashboard] [scheduling-1] c.c.uidashboard.service.TaskService      : updating, task id: 38
2024-08-25T11:16:52.422+03:30 DEBUG 54142 --- [UIdashboard] [scheduling-1] c.ceadar.uidashboard.schedule.Scheduler  : task 38 , Task 38 is updated
2024-08-25T11:16:52.422+03:30  INFO 54142 --- [UIdashboard] [scheduling-1] c.c.uidashboard.schedule.SchedulerUtil   : Generated number for assigning a status to a task: 3
2024-08-25T11:16:52.422+03:30  INFO 54142 --- [UIdashboard] [scheduling-1] c.c.uidashboard.service.TaskService      : updating, task id: 39
2024-08-25T11:16:52.423+03:30 DEBUG 54142 --- [UIdashboard] [scheduling-1] c.ceadar.uidashboard.schedule.Scheduler  : task 39 , Task 39 is updated
2024-08-25T11:16:52.423+03:30  INFO 54142 --- [UIdashboard] [scheduling-1] c.c.uidashboard.schedule.SchedulerUtil   : Generated number for assigning a status to a task: 4
2024-08-25T11:16:52.423+03:30  INFO 54142 --- [UIdashboard] [scheduling-1] c.c.uidashboard.service.TaskService      : updating, task id: 40
2024-08-25T11:16:52.424+03:30 DEBUG 54142 --- [UIdashboard] [scheduling-1] c.ceadar.uidashboard.schedule.Scheduler  : task 40 , Task 40 is updated
2024-08-25T11:17:40.025+03:30  INFO 54142 --- [UIdashboard] [http-nio-8081-exec-9] c.c.u.controller.TaskController          : get AllTasks method is called in controller, 40 tasks found
2024-08-25T11:17:42.405+03:30  INFO 54142 --- [UIdashboard] [scheduling-1] c.ceadar.uidashboard.schedule.Scheduler  : add new batch task to database at 2024-08-25T11:17:42.405901
2024-08-25T11:17:42.412+03:30  INFO 54142 --- [UIdashboard] [scheduling-1] c.c.uidashboard.schedule.SchedulerUtil   : Generating new tasks
2024-08-25T11:17:42.413+03:30  INFO 54142 --- [UIdashboard] [scheduling-1] c.c.uidashboard.schedule.SchedulerUtil   : Generated number for assigning a status to a task: 3
2024-08-25T11:17:42.413+03:30  INFO 54142 --- [UIdashboard] [scheduling-1] c.c.uidashboard.schedule.SchedulerUtil   : Random LocalDateTime created for field CreateAt
2024-08-25T11:17:42.413+03:30  INFO 54142 --- [UIdashboard] [scheduling-1] c.c.uidashboard.schedule.SchedulerUtil   : Generated number for assigning a status to a task: 2
2024-08-25T11:17:42.413+03:30  INFO 54142 --- [UIdashboard] [scheduling-1] c.c.uidashboard.schedule.SchedulerUtil   : Random LocalDateTime created for field CreateAt
2024-08-25T11:17:42.413+03:30  INFO 54142 --- [UIdashboard] [scheduling-1] c.c.uidashboard.schedule.SchedulerUtil   : Generated number for assigning a status to a task: 0
2024-08-25T11:17:42.413+03:30  INFO 54142 --- [UIdashboard] [scheduling-1] c.c.uidashboard.schedule.SchedulerUtil   : Random LocalDateTime created for field CreateAt
2024-08-25T11:17:42.413+03:30  INFO 54142 --- [UIdashboard] [scheduling-1] c.c.uidashboard.schedule.SchedulerUtil   : Generated number for assigning a status to a task: 2
2024-08-25T11:17:42.413+03:30  INFO 54142 --- [UIdashboard] [scheduling-1] c.c.uidashboard.schedule.SchedulerUtil   : Random LocalDateTime created for field CreateAt
2024-08-25T11:17:42.415+03:30  INFO 54142 --- [UIdashboard] [scheduling-1] c.ceadar.uidashboard.schedule.Scheduler  : add new batch task finished at 2024-08-25T11:17:42.415908
2024-08-25T11:17:52.406+03:30  INFO 54142 --- [UIdashboard] [scheduling-1] c.ceadar.uidashboard.schedule.Scheduler  : tasks fetching from database for update, count: 9
2024-08-25T11:17:52.407+03:30  INFO 54142 --- [UIdashboard] [scheduling-1] c.c.uidashboard.schedule.SchedulerUtil   : Generated number for assigning a status to a task: 2
2024-08-25T11:17:52.407+03:30  INFO 54142 --- [UIdashboard] [scheduling-1] c.c.uidashboard.service.TaskService      : updating, task id: 30
2024-08-25T11:17:52.409+03:30 DEBUG 54142 --- [UIdashboard] [scheduling-1] c.ceadar.uidashboard.schedule.Scheduler  : task 30 , Task 30 is updated
2024-08-25T11:17:52.409+03:30  INFO 54142 --- [UIdashboard] [scheduling-1] c.c.uidashboard.schedule.SchedulerUtil   : Generated number for assigning a status to a task: 2
2024-08-25T11:17:52.409+03:30  INFO 54142 --- [UIdashboard] [scheduling-1] c.c.uidashboard.service.TaskService      : updating, task id: 35
2024-08-25T11:17:52.410+03:30 DEBUG 54142 --- [UIdashboard] [scheduling-1] c.ceadar.uidashboard.schedule.Scheduler  : task 35 , Task 35 is updated
2024-08-25T11:17:52.410+03:30  INFO 54142 --- [UIdashboard] [scheduling-1] c.c.uidashboard.schedule.SchedulerUtil   : Generated number for assigning a status to a task: 4
2024-08-25T11:17:52.410+03:30  INFO 54142 --- [UIdashboard] [scheduling-1] c.c.uidashboard.service.TaskService      : updating, task id: 36
2024-08-25T11:17:52.411+03:30 DEBUG 54142 --- [UIdashboard] [scheduling-1] c.ceadar.uidashboard.schedule.Scheduler  : task 36 , Task 36 is updated
2024-08-25T11:17:52.411+03:30  INFO 54142 --- [UIdashboard] [scheduling-1] c.c.uidashboard.schedule.SchedulerUtil   : Generated number for assigning a status to a task: 1
2024-08-25T11:17:52.411+03:30  INFO 54142 --- [UIdashboard] [scheduling-1] c.c.uidashboard.service.TaskService      : updating, task id: 37
2024-08-25T11:17:52.413+03:30 DEBUG 54142 --- [UIdashboard] [scheduling-1] c.ceadar.uidashboard.schedule.Scheduler  : task 37 , Task 37 is updated
2024-08-25T11:17:52.413+03:30  INFO 54142 --- [UIdashboard] [scheduling-1] c.c.uidashboard.schedule.SchedulerUtil   : Generated number for assigning a status to a task: 2
2024-08-25T11:17:52.413+03:30  INFO 54142 --- [UIdashboard] [scheduling-1] c.c.uidashboard.service.TaskService      : updating, task id: 38
2024-08-25T11:17:52.413+03:30 DEBUG 54142 --- [UIdashboard] [scheduling-1] c.ceadar.uidashboard.schedule.Scheduler  : task 38 , Task 38 is updated
2024-08-25T11:17:52.413+03:30  INFO 54142 --- [UIdashboard] [scheduling-1] c.c.uidashboard.schedule.SchedulerUtil   : Generated number for assigning a status to a task: 2
2024-08-25T11:17:52.413+03:30  INFO 54142 --- [UIdashboard] [scheduling-1] c.c.uidashboard.service.TaskService      : updating, task id: 41
2024-08-25T11:17:52.414+03:30 DEBUG 54142 --- [UIdashboard] [scheduling-1] c.ceadar.uidashboard.schedule.Scheduler  : task 41 , Task 41 is updated
2024-08-25T11:17:52.414+03:30  INFO 54142 --- [UIdashboard] [scheduling-1] c.c.uidashboard.schedule.SchedulerUtil   : Generated number for assigning a status to a task: 1
2024-08-25T11:17:52.414+03:30  INFO 54142 --- [UIdashboard] [scheduling-1] c.c.uidashboard.service.TaskService      : updating, task id: 42
2024-08-25T11:17:52.414+03:30 DEBUG 54142 --- [UIdashboard] [scheduling-1] c.ceadar.uidashboard.schedule.Scheduler  : task 42 , Task 42 is updated
2024-08-25T11:17:52.414+03:30  INFO 54142 --- [UIdashboard] [scheduling-1] c.c.uidashboard.schedule.SchedulerUtil   : Generated number for assigning a status to a task: 2
2024-08-25T11:17:52.414+03:30  INFO 54142 --- [UIdashboard] [scheduling-1] c.c.uidashboard.service.TaskService      : updating, task id: 43
2024-08-25T11:17:52.415+03:30 DEBUG 54142 --- [UIdashboard] [scheduling-1] c.ceadar.uidashboard.schedule.Scheduler  : task 43 , Task 43 is updated
2024-08-25T11:17:52.415+03:30  INFO 54142 --- [UIdashboard] [scheduling-1] c.c.uidashboard.schedule.SchedulerUtil   : Generated number for assigning a status to a task: 3
2024-08-25T11:17:52.415+03:30  INFO 54142 --- [UIdashboard] [scheduling-1] c.c.uidashboard.service.TaskService      : updating, task id: 44
2024-08-25T11:17:52.416+03:30 DEBUG 54142 --- [UIdashboard] [scheduling-1] c.ceadar.uidashboard.schedule.Scheduler  : task 44 , Task 44 is updated
2024-08-25T11:18:41.030+03:30  INFO 54142 --- [UIdashboard] [http-nio-8081-exec-1] c.c.u.controller.TaskController          : get AllTasks method is called in controller, 44 tasks found
2024-08-25T11:18:41.405+03:30  INFO 54142 --- [UIdashboard] [scheduling-1] c.ceadar.uidashboard.schedule.Scheduler  : add new batch task to database at 2024-08-25T11:18:41.405158
2024-08-25T11:18:41.411+03:30  INFO 54142 --- [UIdashboard] [scheduling-1] c.c.uidashboard.schedule.SchedulerUtil   : Generating new tasks
2024-08-25T11:18:41.412+03:30  INFO 54142 --- [UIdashboard] [scheduling-1] c.c.uidashboard.schedule.SchedulerUtil   : Generated number for assigning a status to a task: 0
2024-08-25T11:18:41.412+03:30  INFO 54142 --- [UIdashboard] [scheduling-1] c.c.uidashboard.schedule.SchedulerUtil   : Random LocalDateTime created for field CreateAt
2024-08-25T11:18:41.413+03:30  INFO 54142 --- [UIdashboard] [scheduling-1] c.c.uidashboard.schedule.SchedulerUtil   : Generated number for assigning a status to a task: 2
2024-08-25T11:18:41.413+03:30  INFO 54142 --- [UIdashboard] [scheduling-1] c.c.uidashboard.schedule.SchedulerUtil   : Random LocalDateTime created for field CreateAt
2024-08-25T11:18:41.413+03:30  INFO 54142 --- [UIdashboard] [scheduling-1] c.c.uidashboard.schedule.SchedulerUtil   : Generated number for assigning a status to a task: 3
2024-08-25T11:18:41.413+03:30  INFO 54142 --- [UIdashboard] [scheduling-1] c.c.uidashboard.schedule.SchedulerUtil   : Random LocalDateTime created for field CreateAt
2024-08-25T11:18:41.413+03:30  INFO 54142 --- [UIdashboard] [scheduling-1] c.c.uidashboard.schedule.SchedulerUtil   : Generated number for assigning a status to a task: 3
2024-08-25T11:18:41.413+03:30  INFO 54142 --- [UIdashboard] [scheduling-1] c.c.uidashboard.schedule.SchedulerUtil   : Random LocalDateTime created for field CreateAt
2024-08-25T11:18:41.415+03:30  INFO 54142 --- [UIdashboard] [scheduling-1] c.ceadar.uidashboard.schedule.Scheduler  : add new batch task finished at 2024-08-25T11:18:41.415507
2024-08-25T11:18:52.410+03:30  INFO 54142 --- [UIdashboard] [scheduling-1] c.ceadar.uidashboard.schedule.Scheduler  : tasks fetching from database for update, count: 11
2024-08-25T11:18:52.411+03:30  INFO 54142 --- [UIdashboard] [scheduling-1] c.c.uidashboard.schedule.SchedulerUtil   : Generated number for assigning a status to a task: 3
2024-08-25T11:18:52.411+03:30  INFO 54142 --- [UIdashboard] [scheduling-1] c.c.uidashboard.service.TaskService      : updating, task id: 30
2024-08-25T11:18:52.413+03:30 DEBUG 54142 --- [UIdashboard] [scheduling-1] c.ceadar.uidashboard.schedule.Scheduler  : task 30 , Task 30 is updated
2024-08-25T11:18:52.414+03:30  INFO 54142 --- [UIdashboard] [scheduling-1] c.c.uidashboard.schedule.SchedulerUtil   : Generated number for assigning a status to a task: 0
2024-08-25T11:18:52.414+03:30  INFO 54142 --- [UIdashboard] [scheduling-1] c.c.uidashboard.service.TaskService      : updating, task id: 35
2024-08-25T11:18:52.415+03:30 DEBUG 54142 --- [UIdashboard] [scheduling-1] c.ceadar.uidashboard.schedule.Scheduler  : task 35 , Task 35 is updated
2024-08-25T11:18:52.415+03:30  INFO 54142 --- [UIdashboard] [scheduling-1] c.c.uidashboard.schedule.SchedulerUtil   : Generated number for assigning a status to a task: 4
2024-08-25T11:18:52.415+03:30  INFO 54142 --- [UIdashboard] [scheduling-1] c.c.uidashboard.service.TaskService      : updating, task id: 37
2024-08-25T11:18:52.416+03:30 DEBUG 54142 --- [UIdashboard] [scheduling-1] c.ceadar.uidashboard.schedule.Scheduler  : task 37 , Task 37 is updated
2024-08-25T11:18:52.416+03:30  INFO 54142 --- [UIdashboard] [scheduling-1] c.c.uidashboard.schedule.SchedulerUtil   : Generated number for assigning a status to a task: 3
2024-08-25T11:18:52.416+03:30  INFO 54142 --- [UIdashboard] [scheduling-1] c.c.uidashboard.service.TaskService      : updating, task id: 38
2024-08-25T11:18:52.417+03:30 DEBUG 54142 --- [UIdashboard] [scheduling-1] c.ceadar.uidashboard.schedule.Scheduler  : task 38 , Task 38 is updated
2024-08-25T11:18:52.417+03:30  INFO 54142 --- [UIdashboard] [scheduling-1] c.c.uidashboard.schedule.SchedulerUtil   : Generated number for assigning a status to a task: 4
2024-08-25T11:18:52.417+03:30  INFO 54142 --- [UIdashboard] [scheduling-1] c.c.uidashboard.service.TaskService      : updating, task id: 41
2024-08-25T11:18:52.418+03:30 DEBUG 54142 --- [UIdashboard] [scheduling-1] c.ceadar.uidashboard.schedule.Scheduler  : task 41 , Task 41 is updated
2024-08-25T11:18:52.418+03:30  INFO 54142 --- [UIdashboard] [scheduling-1] c.c.uidashboard.schedule.SchedulerUtil   : Generated number for assigning a status to a task: 0
2024-08-25T11:18:52.418+03:30  INFO 54142 --- [UIdashboard] [scheduling-1] c.c.uidashboard.service.TaskService      : updating, task id: 42
2024-08-25T11:18:52.419+03:30 DEBUG 54142 --- [UIdashboard] [scheduling-1] c.ceadar.uidashboard.schedule.Scheduler  : task 42 , Task 42 is updated
2024-08-25T11:18:52.419+03:30  INFO 54142 --- [UIdashboard] [scheduling-1] c.c.uidashboard.schedule.SchedulerUtil   : Generated number for assigning a status to a task: 1
2024-08-25T11:18:52.419+03:30  INFO 54142 --- [UIdashboard] [scheduling-1] c.c.uidashboard.service.TaskService      : updating, task id: 43
2024-08-25T11:18:52.419+03:30 DEBUG 54142 --- [UIdashboard] [scheduling-1] c.ceadar.uidashboard.schedule.Scheduler  : task 43 , Task 43 is updated
2024-08-25T11:18:52.419+03:30  INFO 54142 --- [UIdashboard] [scheduling-1] c.c.uidashboard.schedule.SchedulerUtil   : Generated number for assigning a status to a task: 0
2024-08-25T11:18:52.419+03:30  INFO 54142 --- [UIdashboard] [scheduling-1] c.c.uidashboard.service.TaskService      : updating, task id: 45
2024-08-25T11:18:52.420+03:30 DEBUG 54142 --- [UIdashboard] [scheduling-1] c.ceadar.uidashboard.schedule.Scheduler  : task 45 , Task 45 is updated
2024-08-25T11:18:52.420+03:30  INFO 54142 --- [UIdashboard] [scheduling-1] c.c.uidashboard.schedule.SchedulerUtil   : Generated number for assigning a status to a task: 0
2024-08-25T11:18:52.420+03:30  INFO 54142 --- [UIdashboard] [scheduling-1] c.c.uidashboard.service.TaskService      : updating, task id: 46
2024-08-25T11:18:52.421+03:30 DEBUG 54142 --- [UIdashboard] [scheduling-1] c.ceadar.uidashboard.schedule.Scheduler  : task 46 , Task 46 is updated
2024-08-25T11:18:52.421+03:30  INFO 54142 --- [UIdashboard] [scheduling-1] c.c.uidashboard.schedule.SchedulerUtil   : Generated number for assigning a status to a task: 1
2024-08-25T11:18:52.421+03:30  INFO 54142 --- [UIdashboard] [scheduling-1] c.c.uidashboard.service.TaskService      : updating, task id: 47
2024-08-25T11:18:52.422+03:30 DEBUG 54142 --- [UIdashboard] [scheduling-1] c.ceadar.uidashboard.schedule.Scheduler  : task 47 , Task 47 is updated
2024-08-25T11:18:52.422+03:30  INFO 54142 --- [UIdashboard] [scheduling-1] c.c.uidashboard.schedule.SchedulerUtil   : Generated number for assigning a status to a task: 1
2024-08-25T11:18:52.422+03:30  INFO 54142 --- [UIdashboard] [scheduling-1] c.c.uidashboard.service.TaskService      : updating, task id: 48
2024-08-25T11:18:52.422+03:30 DEBUG 54142 --- [UIdashboard] [scheduling-1] c.ceadar.uidashboard.schedule.Scheduler  : task 48 , Task 48 is updated
2024-08-25T11:19:40.407+03:30  INFO 54142 --- [UIdashboard] [scheduling-1] c.ceadar.uidashboard.schedule.Scheduler  : add new batch task to database at 2024-08-25T11:19:40.406975
2024-08-25T11:19:40.418+03:30  INFO 54142 --- [UIdashboard] [scheduling-1] c.c.uidashboard.schedule.SchedulerUtil   : Generating new tasks
2024-08-25T11:19:40.419+03:30  INFO 54142 --- [UIdashboard] [scheduling-1] c.c.uidashboard.schedule.SchedulerUtil   : Generated number for assigning a status to a task: 4
2024-08-25T11:19:40.419+03:30  INFO 54142 --- [UIdashboard] [scheduling-1] c.c.uidashboard.schedule.SchedulerUtil   : Random LocalDateTime created for field CreateAt
2024-08-25T11:19:40.419+03:30  INFO 54142 --- [UIdashboard] [scheduling-1] c.c.uidashboard.schedule.SchedulerUtil   : Generated number for assigning a status to a task: 0
2024-08-25T11:19:40.419+03:30  INFO 54142 --- [UIdashboard] [scheduling-1] c.c.uidashboard.schedule.SchedulerUtil   : Random LocalDateTime created for field CreateAt
2024-08-25T11:19:40.419+03:30  INFO 54142 --- [UIdashboard] [scheduling-1] c.c.uidashboard.schedule.SchedulerUtil   : Generated number for assigning a status to a task: 3
2024-08-25T11:19:40.419+03:30  INFO 54142 --- [UIdashboard] [scheduling-1] c.c.uidashboard.schedule.SchedulerUtil   : Random LocalDateTime created for field CreateAt
2024-08-25T11:19:40.419+03:30  INFO 54142 --- [UIdashboard] [scheduling-1] c.c.uidashboard.schedule.SchedulerUtil   : Generated number for assigning a status to a task: 2
2024-08-25T11:19:40.419+03:30  INFO 54142 --- [UIdashboard] [scheduling-1] c.c.uidashboard.schedule.SchedulerUtil   : Random LocalDateTime created for field CreateAt
2024-08-25T11:19:40.431+03:30  INFO 54142 --- [UIdashboard] [scheduling-1] c.ceadar.uidashboard.schedule.Scheduler  : add new batch task finished at 2024-08-25T11:19:40.431572
2024-08-25T11:19:42.026+03:30  INFO 54142 --- [UIdashboard] [http-nio-8081-exec-3] c.c.u.controller.TaskController          : get AllTasks method is called in controller, 52 tasks found
2024-08-25T11:19:52.411+03:30  INFO 54142 --- [UIdashboard] [scheduling-1] c.ceadar.uidashboard.schedule.Scheduler  : tasks fetching from database for update, count: 11
2024-08-25T11:19:52.412+03:30  INFO 54142 --- [UIdashboard] [scheduling-1] c.c.uidashboard.schedule.SchedulerUtil   : Generated number for assigning a status to a task: 1
2024-08-25T11:19:52.412+03:30  INFO 54142 --- [UIdashboard] [scheduling-1] c.c.uidashboard.service.TaskService      : updating, task id: 35
2024-08-25T11:19:52.414+03:30 DEBUG 54142 --- [UIdashboard] [scheduling-1] c.ceadar.uidashboard.schedule.Scheduler  : task 35 , Task 35 is updated
2024-08-25T11:19:52.415+03:30  INFO 54142 --- [UIdashboard] [scheduling-1] c.c.uidashboard.schedule.SchedulerUtil   : Generated number for assigning a status to a task: 2
2024-08-25T11:19:52.415+03:30  INFO 54142 --- [UIdashboard] [scheduling-1] c.c.uidashboard.service.TaskService      : updating, task id: 42
2024-08-25T11:19:52.416+03:30 DEBUG 54142 --- [UIdashboard] [scheduling-1] c.ceadar.uidashboard.schedule.Scheduler  : task 42 , Task 42 is updated
2024-08-25T11:19:52.416+03:30  INFO 54142 --- [UIdashboard] [scheduling-1] c.c.uidashboard.schedule.SchedulerUtil   : Generated number for assigning a status to a task: 0
2024-08-25T11:19:52.416+03:30  INFO 54142 --- [UIdashboard] [scheduling-1] c.c.uidashboard.service.TaskService      : updating, task id: 43
2024-08-25T11:19:52.417+03:30 DEBUG 54142 --- [UIdashboard] [scheduling-1] c.ceadar.uidashboard.schedule.Scheduler  : task 43 , Task 43 is updated
2024-08-25T11:19:52.417+03:30  INFO 54142 --- [UIdashboard] [scheduling-1] c.c.uidashboard.schedule.SchedulerUtil   : Generated number for assigning a status to a task: 1
2024-08-25T11:19:52.417+03:30  INFO 54142 --- [UIdashboard] [scheduling-1] c.c.uidashboard.service.TaskService      : updating, task id: 45
2024-08-25T11:19:52.418+03:30 DEBUG 54142 --- [UIdashboard] [scheduling-1] c.ceadar.uidashboard.schedule.Scheduler  : task 45 , Task 45 is updated
2024-08-25T11:19:52.418+03:30  INFO 54142 --- [UIdashboard] [scheduling-1] c.c.uidashboard.schedule.SchedulerUtil   : Generated number for assigning a status to a task: 1
2024-08-25T11:19:52.418+03:30  INFO 54142 --- [UIdashboard] [scheduling-1] c.c.uidashboard.service.TaskService      : updating, task id: 46
2024-08-25T11:19:52.419+03:30 DEBUG 54142 --- [UIdashboard] [scheduling-1] c.ceadar.uidashboard.schedule.Scheduler  : task 46 , Task 46 is updated
2024-08-25T11:19:52.419+03:30  INFO 54142 --- [UIdashboard] [scheduling-1] c.c.uidashboard.schedule.SchedulerUtil   : Generated number for assigning a status to a task: 2
2024-08-25T11:19:52.419+03:30  INFO 54142 --- [UIdashboard] [scheduling-1] c.c.uidashboard.service.TaskService      : updating, task id: 47
2024-08-25T11:19:52.420+03:30 DEBUG 54142 --- [UIdashboard] [scheduling-1] c.ceadar.uidashboard.schedule.Scheduler  : task 47 , Task 47 is updated
2024-08-25T11:19:52.420+03:30  INFO 54142 --- [UIdashboard] [scheduling-1] c.c.uidashboard.schedule.SchedulerUtil   : Generated number for assigning a status to a task: 3
2024-08-25T11:19:52.420+03:30  INFO 54142 --- [UIdashboard] [scheduling-1] c.c.uidashboard.service.TaskService      : updating, task id: 48
2024-08-25T11:19:52.421+03:30 DEBUG 54142 --- [UIdashboard] [scheduling-1] c.ceadar.uidashboard.schedule.Scheduler  : task 48 , Task 48 is updated
2024-08-25T11:19:52.421+03:30  INFO 54142 --- [UIdashboard] [scheduling-1] c.c.uidashboard.schedule.SchedulerUtil   : Generated number for assigning a status to a task: 2
2024-08-25T11:19:52.421+03:30  INFO 54142 --- [UIdashboard] [scheduling-1] c.c.uidashboard.service.TaskService      : updating, task id: 49
2024-08-25T11:19:52.421+03:30 DEBUG 54142 --- [UIdashboard] [scheduling-1] c.ceadar.uidashboard.schedule.Scheduler  : task 49 , Task 49 is updated
2024-08-25T11:19:52.421+03:30  INFO 54142 --- [UIdashboard] [scheduling-1] c.c.uidashboard.schedule.SchedulerUtil   : Generated number for assigning a status to a task: 4
2024-08-25T11:19:52.421+03:30  INFO 54142 --- [UIdashboard] [scheduling-1] c.c.uidashboard.service.TaskService      : updating, task id: 50
2024-08-25T11:19:52.422+03:30 DEBUG 54142 --- [UIdashboard] [scheduling-1] c.ceadar.uidashboard.schedule.Scheduler  : task 50 , Task 50 is updated
2024-08-25T11:19:52.422+03:30  INFO 54142 --- [UIdashboard] [scheduling-1] c.c.uidashboard.schedule.SchedulerUtil   : Generated number for assigning a status to a task: 3
2024-08-25T11:19:52.422+03:30  INFO 54142 --- [UIdashboard] [scheduling-1] c.c.uidashboard.service.TaskService      : updating, task id: 51
2024-08-25T11:19:52.423+03:30 DEBUG 54142 --- [UIdashboard] [scheduling-1] c.ceadar.uidashboard.schedule.Scheduler  : task 51 , Task 51 is updated
2024-08-25T11:19:52.423+03:30  INFO 54142 --- [UIdashboard] [scheduling-1] c.c.uidashboard.schedule.SchedulerUtil   : Generated number for assigning a status to a task: 1
2024-08-25T11:19:52.423+03:30  INFO 54142 --- [UIdashboard] [scheduling-1] c.c.uidashboard.service.TaskService      : updating, task id: 52
2024-08-25T11:19:52.424+03:30 DEBUG 54142 --- [UIdashboard] [scheduling-1] c.ceadar.uidashboard.schedule.Scheduler  : task 52 , Task 52 is updated
2024-08-25T11:20:39.433+03:30  INFO 54142 --- [UIdashboard] [scheduling-1] c.ceadar.uidashboard.schedule.Scheduler  : add new batch task to database at 2024-08-25T11:20:39.433878
2024-08-25T11:20:39.445+03:30  INFO 54142 --- [UIdashboard] [scheduling-1] c.c.uidashboard.schedule.SchedulerUtil   : Generating new tasks
2024-08-25T11:20:39.447+03:30  INFO 54142 --- [UIdashboard] [scheduling-1] c.c.uidashboard.schedule.SchedulerUtil   : Generated number for assigning a status to a task: 4
2024-08-25T11:20:39.447+03:30  INFO 54142 --- [UIdashboard] [scheduling-1] c.c.uidashboard.schedule.SchedulerUtil   : Random LocalDateTime created for field CreateAt
2024-08-25T11:20:39.447+03:30  INFO 54142 --- [UIdashboard] [scheduling-1] c.c.uidashboard.schedule.SchedulerUtil   : Generated number for assigning a status to a task: 1
2024-08-25T11:20:39.447+03:30  INFO 54142 --- [UIdashboard] [scheduling-1] c.c.uidashboard.schedule.SchedulerUtil   : Random LocalDateTime created for field CreateAt
2024-08-25T11:20:39.447+03:30  INFO 54142 --- [UIdashboard] [scheduling-1] c.c.uidashboard.schedule.SchedulerUtil   : Generated number for assigning a status to a task: 3
2024-08-25T11:20:39.447+03:30  INFO 54142 --- [UIdashboard] [scheduling-1] c.c.uidashboard.schedule.SchedulerUtil   : Random LocalDateTime created for field CreateAt
2024-08-25T11:20:39.447+03:30  INFO 54142 --- [UIdashboard] [scheduling-1] c.c.uidashboard.schedule.SchedulerUtil   : Generated number for assigning a status to a task: 4
2024-08-25T11:20:39.447+03:30  INFO 54142 --- [UIdashboard] [scheduling-1] c.c.uidashboard.schedule.SchedulerUtil   : Random LocalDateTime created for field CreateAt
2024-08-25T11:20:39.449+03:30  INFO 54142 --- [UIdashboard] [scheduling-1] c.ceadar.uidashboard.schedule.Scheduler  : add new batch task finished at 2024-08-25T11:20:39.449986
2024-08-25T11:20:43.063+03:30  INFO 54142 --- [UIdashboard] [http-nio-8081-exec-5] c.c.u.controller.TaskController          : get AllTasks method is called in controller, 56 tasks found
2024-08-25T11:20:52.446+03:30  INFO 54142 --- [UIdashboard] [scheduling-1] c.ceadar.uidashboard.schedule.Scheduler  : tasks fetching from database for update, count: 12
2024-08-25T11:20:52.447+03:30  INFO 54142 --- [UIdashboard] [scheduling-1] c.c.uidashboard.schedule.SchedulerUtil   : Generated number for assigning a status to a task: 2
2024-08-25T11:20:52.448+03:30  INFO 54142 --- [UIdashboard] [scheduling-1] c.c.uidashboard.service.TaskService      : updating, task id: 35
2024-08-25T11:20:52.450+03:30 DEBUG 54142 --- [UIdashboard] [scheduling-1] c.ceadar.uidashboard.schedule.Scheduler  : task 35 , Task 35 is updated
2024-08-25T11:20:52.450+03:30  INFO 54142 --- [UIdashboard] [scheduling-1] c.c.uidashboard.schedule.SchedulerUtil   : Generated number for assigning a status to a task: 1
2024-08-25T11:20:52.450+03:30  INFO 54142 --- [UIdashboard] [scheduling-1] c.c.uidashboard.service.TaskService      : updating, task id: 42
2024-08-25T11:20:52.451+03:30 DEBUG 54142 --- [UIdashboard] [scheduling-1] c.ceadar.uidashboard.schedule.Scheduler  : task 42 , Task 42 is updated
2024-08-25T11:20:52.451+03:30  INFO 54142 --- [UIdashboard] [scheduling-1] c.c.uidashboard.schedule.SchedulerUtil   : Generated number for assigning a status to a task: 2
2024-08-25T11:20:52.451+03:30  INFO 54142 --- [UIdashboard] [scheduling-1] c.c.uidashboard.service.TaskService      : updating, task id: 43
2024-08-25T11:20:52.452+03:30 DEBUG 54142 --- [UIdashboard] [scheduling-1] c.ceadar.uidashboard.schedule.Scheduler  : task 43 , Task 43 is updated
2024-08-25T11:20:52.452+03:30  INFO 54142 --- [UIdashboard] [scheduling-1] c.c.uidashboard.schedule.SchedulerUtil   : Generated number for assigning a status to a task: 2
2024-08-25T11:20:52.452+03:30  INFO 54142 --- [UIdashboard] [scheduling-1] c.c.uidashboard.service.TaskService      : updating, task id: 45
2024-08-25T11:20:52.453+03:30 DEBUG 54142 --- [UIdashboard] [scheduling-1] c.ceadar.uidashboard.schedule.Scheduler  : task 45 , Task 45 is updated
2024-08-25T11:20:52.453+03:30  INFO 54142 --- [UIdashboard] [scheduling-1] c.c.uidashboard.schedule.SchedulerUtil   : Generated number for assigning a status to a task: 1
2024-08-25T11:20:52.453+03:30  INFO 54142 --- [UIdashboard] [scheduling-1] c.c.uidashboard.service.TaskService      : updating, task id: 46
2024-08-25T11:20:52.453+03:30 DEBUG 54142 --- [UIdashboard] [scheduling-1] c.ceadar.uidashboard.schedule.Scheduler  : task 46 , Task 46 is updated
2024-08-25T11:20:52.453+03:30  INFO 54142 --- [UIdashboard] [scheduling-1] c.c.uidashboard.schedule.SchedulerUtil   : Generated number for assigning a status to a task: 0
2024-08-25T11:20:52.453+03:30  INFO 54142 --- [UIdashboard] [scheduling-1] c.c.uidashboard.service.TaskService      : updating, task id: 47
2024-08-25T11:20:52.454+03:30 DEBUG 54142 --- [UIdashboard] [scheduling-1] c.ceadar.uidashboard.schedule.Scheduler  : task 47 , Task 47 is updated
2024-08-25T11:20:52.454+03:30  INFO 54142 --- [UIdashboard] [scheduling-1] c.c.uidashboard.schedule.SchedulerUtil   : Generated number for assigning a status to a task: 2
2024-08-25T11:20:52.454+03:30  INFO 54142 --- [UIdashboard] [scheduling-1] c.c.uidashboard.service.TaskService      : updating, task id: 49
2024-08-25T11:20:52.454+03:30 DEBUG 54142 --- [UIdashboard] [scheduling-1] c.ceadar.uidashboard.schedule.Scheduler  : task 49 , Task 49 is updated
2024-08-25T11:20:52.454+03:30  INFO 54142 --- [UIdashboard] [scheduling-1] c.c.uidashboard.schedule.SchedulerUtil   : Generated number for assigning a status to a task: 1
2024-08-25T11:20:52.454+03:30  INFO 54142 --- [UIdashboard] [scheduling-1] c.c.uidashboard.service.TaskService      : updating, task id: 52
2024-08-25T11:20:52.455+03:30 DEBUG 54142 --- [UIdashboard] [scheduling-1] c.ceadar.uidashboard.schedule.Scheduler  : task 52 , Task 52 is updated
2024-08-25T11:20:52.455+03:30  INFO 54142 --- [UIdashboard] [scheduling-1] c.c.uidashboard.schedule.SchedulerUtil   : Generated number for assigning a status to a task: 3
2024-08-25T11:20:52.455+03:30  INFO 54142 --- [UIdashboard] [scheduling-1] c.c.uidashboard.service.TaskService      : updating, task id: 53
2024-08-25T11:20:52.456+03:30 DEBUG 54142 --- [UIdashboard] [scheduling-1] c.ceadar.uidashboard.schedule.Scheduler  : task 53 , Task 53 is updated
2024-08-25T11:20:52.456+03:30  INFO 54142 --- [UIdashboard] [scheduling-1] c.c.uidashboard.schedule.SchedulerUtil   : Generated number for assigning a status to a task: 3
2024-08-25T11:20:52.456+03:30  INFO 54142 --- [UIdashboard] [scheduling-1] c.c.uidashboard.service.TaskService      : updating, task id: 54
2024-08-25T11:20:52.457+03:30 DEBUG 54142 --- [UIdashboard] [scheduling-1] c.ceadar.uidashboard.schedule.Scheduler  : task 54 , Task 54 is updated
2024-08-25T11:20:52.457+03:30  INFO 54142 --- [UIdashboard] [scheduling-1] c.c.uidashboard.schedule.SchedulerUtil   : Generated number for assigning a status to a task: 2
2024-08-25T11:20:52.457+03:30  INFO 54142 --- [UIdashboard] [scheduling-1] c.c.uidashboard.service.TaskService      : updating, task id: 55
2024-08-25T11:20:52.458+03:30 DEBUG 54142 --- [UIdashboard] [scheduling-1] c.ceadar.uidashboard.schedule.Scheduler  : task 55 , Task 55 is updated
2024-08-25T11:20:52.458+03:30  INFO 54142 --- [UIdashboard] [scheduling-1] c.c.uidashboard.schedule.SchedulerUtil   : Generated number for assigning a status to a task: 4
2024-08-25T11:20:52.458+03:30  INFO 54142 --- [UIdashboard] [scheduling-1] c.c.uidashboard.service.TaskService      : updating, task id: 56
2024-08-25T11:20:52.459+03:30 DEBUG 54142 --- [UIdashboard] [scheduling-1] c.ceadar.uidashboard.schedule.Scheduler  : task 56 , Task 56 is updated
2024-08-25T11:21:38.443+03:30  INFO 54142 --- [UIdashboard] [scheduling-1] c.ceadar.uidashboard.schedule.Scheduler  : add new batch task to database at 2024-08-25T11:21:38.443218
2024-08-25T11:21:38.450+03:30  INFO 54142 --- [UIdashboard] [scheduling-1] c.c.uidashboard.schedule.SchedulerUtil   : Generating new tasks
2024-08-25T11:21:38.451+03:30  INFO 54142 --- [UIdashboard] [scheduling-1] c.c.uidashboard.schedule.SchedulerUtil   : Generated number for assigning a status to a task: 4
2024-08-25T11:21:38.451+03:30  INFO 54142 --- [UIdashboard] [scheduling-1] c.c.uidashboard.schedule.SchedulerUtil   : Random LocalDateTime created for field CreateAt
2024-08-25T11:21:38.451+03:30  INFO 54142 --- [UIdashboard] [scheduling-1] c.c.uidashboard.schedule.SchedulerUtil   : Generated number for assigning a status to a task: 2
2024-08-25T11:21:38.451+03:30  INFO 54142 --- [UIdashboard] [scheduling-1] c.c.uidashboard.schedule.SchedulerUtil   : Random LocalDateTime created for field CreateAt
2024-08-25T11:21:38.451+03:30  INFO 54142 --- [UIdashboard] [scheduling-1] c.c.uidashboard.schedule.SchedulerUtil   : Generated number for assigning a status to a task: 0
2024-08-25T11:21:38.451+03:30  INFO 54142 --- [UIdashboard] [scheduling-1] c.c.uidashboard.schedule.SchedulerUtil   : Random LocalDateTime created for field CreateAt
2024-08-25T11:21:38.451+03:30  INFO 54142 --- [UIdashboard] [scheduling-1] c.c.uidashboard.schedule.SchedulerUtil   : Generated number for assigning a status to a task: 2
2024-08-25T11:21:38.451+03:30  INFO 54142 --- [UIdashboard] [scheduling-1] c.c.uidashboard.schedule.SchedulerUtil   : Random LocalDateTime created for field CreateAt
2024-08-25T11:21:38.453+03:30  INFO 54142 --- [UIdashboard] [scheduling-1] c.ceadar.uidashboard.schedule.Scheduler  : add new batch task finished at 2024-08-25T11:21:38.453645
2024-08-25T11:21:44.062+03:30  INFO 54142 --- [UIdashboard] [http-nio-8081-exec-7] c.c.u.controller.TaskController          : get AllTasks method is called in controller, 60 tasks found
2024-08-25T11:21:52.449+03:30  INFO 54142 --- [UIdashboard] [scheduling-1] c.ceadar.uidashboard.schedule.Scheduler  : tasks fetching from database for update, count: 13
2024-08-25T11:21:52.450+03:30  INFO 54142 --- [UIdashboard] [scheduling-1] c.c.uidashboard.schedule.SchedulerUtil   : Generated number for assigning a status to a task: 4
2024-08-25T11:21:52.450+03:30  INFO 54142 --- [UIdashboard] [scheduling-1] c.c.uidashboard.service.TaskService      : updating, task id: 35
2024-08-25T11:21:52.453+03:30 DEBUG 54142 --- [UIdashboard] [scheduling-1] c.ceadar.uidashboard.schedule.Scheduler  : task 35 , Task 35 is updated
2024-08-25T11:21:52.453+03:30  INFO 54142 --- [UIdashboard] [scheduling-1] c.c.uidashboard.schedule.SchedulerUtil   : Generated number for assigning a status to a task: 2
2024-08-25T11:21:52.453+03:30  INFO 54142 --- [UIdashboard] [scheduling-1] c.c.uidashboard.service.TaskService      : updating, task id: 42
2024-08-25T11:21:52.455+03:30 DEBUG 54142 --- [UIdashboard] [scheduling-1] c.ceadar.uidashboard.schedule.Scheduler  : task 42 , Task 42 is updated
2024-08-25T11:21:52.455+03:30  INFO 54142 --- [UIdashboard] [scheduling-1] c.c.uidashboard.schedule.SchedulerUtil   : Generated number for assigning a status to a task: 0
2024-08-25T11:21:52.455+03:30  INFO 54142 --- [UIdashboard] [scheduling-1] c.c.uidashboard.service.TaskService      : updating, task id: 43
2024-08-25T11:21:52.456+03:30 DEBUG 54142 --- [UIdashboard] [scheduling-1] c.ceadar.uidashboard.schedule.Scheduler  : task 43 , Task 43 is updated
2024-08-25T11:21:52.456+03:30  INFO 54142 --- [UIdashboard] [scheduling-1] c.c.uidashboard.schedule.SchedulerUtil   : Generated number for assigning a status to a task: 0
2024-08-25T11:21:52.456+03:30  INFO 54142 --- [UIdashboard] [scheduling-1] c.c.uidashboard.service.TaskService      : updating, task id: 45
2024-08-25T11:21:52.457+03:30 DEBUG 54142 --- [UIdashboard] [scheduling-1] c.ceadar.uidashboard.schedule.Scheduler  : task 45 , Task 45 is updated
2024-08-25T11:21:52.457+03:30  INFO 54142 --- [UIdashboard] [scheduling-1] c.c.uidashboard.schedule.SchedulerUtil   : Generated number for assigning a status to a task: 1
2024-08-25T11:21:52.457+03:30  INFO 54142 --- [UIdashboard] [scheduling-1] c.c.uidashboard.service.TaskService      : updating, task id: 46
2024-08-25T11:21:52.458+03:30 DEBUG 54142 --- [UIdashboard] [scheduling-1] c.ceadar.uidashboard.schedule.Scheduler  : task 46 , Task 46 is updated
2024-08-25T11:21:52.458+03:30  INFO 54142 --- [UIdashboard] [scheduling-1] c.c.uidashboard.schedule.SchedulerUtil   : Generated number for assigning a status to a task: 0
2024-08-25T11:21:52.458+03:30  INFO 54142 --- [UIdashboard] [scheduling-1] c.c.uidashboard.service.TaskService      : updating, task id: 47
2024-08-25T11:21:52.458+03:30 DEBUG 54142 --- [UIdashboard] [scheduling-1] c.ceadar.uidashboard.schedule.Scheduler  : task 47 , Task 47 is updated
2024-08-25T11:21:52.458+03:30  INFO 54142 --- [UIdashboard] [scheduling-1] c.c.uidashboard.schedule.SchedulerUtil   : Generated number for assigning a status to a task: 1
2024-08-25T11:21:52.458+03:30  INFO 54142 --- [UIdashboard] [scheduling-1] c.c.uidashboard.service.TaskService      : updating, task id: 49
2024-08-25T11:21:52.459+03:30 DEBUG 54142 --- [UIdashboard] [scheduling-1] c.ceadar.uidashboard.schedule.Scheduler  : task 49 , Task 49 is updated
2024-08-25T11:21:52.459+03:30  INFO 54142 --- [UIdashboard] [scheduling-1] c.c.uidashboard.schedule.SchedulerUtil   : Generated number for assigning a status to a task: 2
2024-08-25T11:21:52.459+03:30  INFO 54142 --- [UIdashboard] [scheduling-1] c.c.uidashboard.service.TaskService      : updating, task id: 52
2024-08-25T11:21:52.460+03:30 DEBUG 54142 --- [UIdashboard] [scheduling-1] c.ceadar.uidashboard.schedule.Scheduler  : task 52 , Task 52 is updated
2024-08-25T11:21:52.460+03:30  INFO 54142 --- [UIdashboard] [scheduling-1] c.c.uidashboard.schedule.SchedulerUtil   : Generated number for assigning a status to a task: 4
2024-08-25T11:21:52.460+03:30  INFO 54142 --- [UIdashboard] [scheduling-1] c.c.uidashboard.service.TaskService      : updating, task id: 55
2024-08-25T11:21:52.461+03:30 DEBUG 54142 --- [UIdashboard] [scheduling-1] c.ceadar.uidashboard.schedule.Scheduler  : task 55 , Task 55 is updated
2024-08-25T11:21:52.461+03:30  INFO 54142 --- [UIdashboard] [scheduling-1] c.c.uidashboard.schedule.SchedulerUtil   : Generated number for assigning a status to a task: 1
2024-08-25T11:21:52.461+03:30  INFO 54142 --- [UIdashboard] [scheduling-1] c.c.uidashboard.service.TaskService      : updating, task id: 57
2024-08-25T11:21:52.462+03:30 DEBUG 54142 --- [UIdashboard] [scheduling-1] c.ceadar.uidashboard.schedule.Scheduler  : task 57 , Task 57 is updated
2024-08-25T11:21:52.462+03:30  INFO 54142 --- [UIdashboard] [scheduling-1] c.c.uidashboard.schedule.SchedulerUtil   : Generated number for assigning a status to a task: 4
2024-08-25T11:21:52.462+03:30  INFO 54142 --- [UIdashboard] [scheduling-1] c.c.uidashboard.service.TaskService      : updating, task id: 58
2024-08-25T11:21:52.462+03:30 DEBUG 54142 --- [UIdashboard] [scheduling-1] c.ceadar.uidashboard.schedule.Scheduler  : task 58 , Task 58 is updated
2024-08-25T11:21:52.463+03:30  INFO 54142 --- [UIdashboard] [scheduling-1] c.c.uidashboard.schedule.SchedulerUtil   : Generated number for assigning a status to a task: 0
2024-08-25T11:21:52.463+03:30  INFO 54142 --- [UIdashboard] [scheduling-1] c.c.uidashboard.service.TaskService      : updating, task id: 59
2024-08-25T11:21:52.463+03:30 DEBUG 54142 --- [UIdashboard] [scheduling-1] c.ceadar.uidashboard.schedule.Scheduler  : task 59 , Task 59 is updated
2024-08-25T11:21:52.463+03:30  INFO 54142 --- [UIdashboard] [scheduling-1] c.c.uidashboard.schedule.SchedulerUtil   : Generated number for assigning a status to a task: 1
2024-08-25T11:21:52.463+03:30  INFO 54142 --- [UIdashboard] [scheduling-1] c.c.uidashboard.service.TaskService      : updating, task id: 60
2024-08-25T11:21:52.464+03:30 DEBUG 54142 --- [UIdashboard] [scheduling-1] c.ceadar.uidashboard.schedule.Scheduler  : task 60 , Task 60 is updated
2024-08-25T11:22:37.444+03:30  INFO 54142 --- [UIdashboard] [scheduling-1] c.ceadar.uidashboard.schedule.Scheduler  : add new batch task to database at 2024-08-25T11:22:37.444377
2024-08-25T11:22:37.465+03:30  INFO 54142 --- [UIdashboard] [scheduling-1] c.c.uidashboard.schedule.SchedulerUtil   : Generating new tasks
2024-08-25T11:22:37.467+03:30  INFO 54142 --- [UIdashboard] [scheduling-1] c.c.uidashboard.schedule.SchedulerUtil   : Generated number for assigning a status to a task: 3
2024-08-25T11:22:37.467+03:30  INFO 54142 --- [UIdashboard] [scheduling-1] c.c.uidashboard.schedule.SchedulerUtil   : Random LocalDateTime created for field CreateAt
2024-08-25T11:22:37.467+03:30  INFO 54142 --- [UIdashboard] [scheduling-1] c.c.uidashboard.schedule.SchedulerUtil   : Generated number for assigning a status to a task: 4
2024-08-25T11:22:37.467+03:30  INFO 54142 --- [UIdashboard] [scheduling-1] c.c.uidashboard.schedule.SchedulerUtil   : Random LocalDateTime created for field CreateAt
2024-08-25T11:22:37.467+03:30  INFO 54142 --- [UIdashboard] [scheduling-1] c.c.uidashboard.schedule.SchedulerUtil   : Generated number for assigning a status to a task: 3
2024-08-25T11:22:37.467+03:30  INFO 54142 --- [UIdashboard] [scheduling-1] c.c.uidashboard.schedule.SchedulerUtil   : Random LocalDateTime created for field CreateAt
2024-08-25T11:22:37.467+03:30  INFO 54142 --- [UIdashboard] [scheduling-1] c.c.uidashboard.schedule.SchedulerUtil   : Generated number for assigning a status to a task: 0
2024-08-25T11:22:37.468+03:30  INFO 54142 --- [UIdashboard] [scheduling-1] c.c.uidashboard.schedule.SchedulerUtil   : Random LocalDateTime created for field CreateAt
2024-08-25T11:22:37.493+03:30  INFO 54142 --- [UIdashboard] [scheduling-1] c.ceadar.uidashboard.schedule.Scheduler  : add new batch task finished at 2024-08-25T11:22:37.493022
2024-08-25T11:22:45.070+03:30  INFO 54142 --- [UIdashboard] [http-nio-8081-exec-9] c.c.u.controller.TaskController          : get AllTasks method is called in controller, 64 tasks found
2024-08-25T11:22:52.449+03:30  INFO 54142 --- [UIdashboard] [scheduling-1] c.ceadar.uidashboard.schedule.Scheduler  : tasks fetching from database for update, count: 14
2024-08-25T11:22:52.449+03:30  INFO 54142 --- [UIdashboard] [scheduling-1] c.c.uidashboard.schedule.SchedulerUtil   : Generated number for assigning a status to a task: 4
2024-08-25T11:22:52.449+03:30  INFO 54142 --- [UIdashboard] [scheduling-1] c.c.uidashboard.service.TaskService      : updating, task id: 42
2024-08-25T11:22:52.453+03:30 DEBUG 54142 --- [UIdashboard] [scheduling-1] c.ceadar.uidashboard.schedule.Scheduler  : task 42 , Task 42 is updated
2024-08-25T11:22:52.453+03:30  INFO 54142 --- [UIdashboard] [scheduling-1] c.c.uidashboard.schedule.SchedulerUtil   : Generated number for assigning a status to a task: 3
2024-08-25T11:22:52.453+03:30  INFO 54142 --- [UIdashboard] [scheduling-1] c.c.uidashboard.service.TaskService      : updating, task id: 43
2024-08-25T11:22:52.454+03:30 DEBUG 54142 --- [UIdashboard] [scheduling-1] c.ceadar.uidashboard.schedule.Scheduler  : task 43 , Task 43 is updated
2024-08-25T11:22:52.454+03:30  INFO 54142 --- [UIdashboard] [scheduling-1] c.c.uidashboard.schedule.SchedulerUtil   : Generated number for assigning a status to a task: 0
2024-08-25T11:22:52.454+03:30  INFO 54142 --- [UIdashboard] [scheduling-1] c.c.uidashboard.service.TaskService      : updating, task id: 45
2024-08-25T11:22:52.455+03:30 DEBUG 54142 --- [UIdashboard] [scheduling-1] c.ceadar.uidashboard.schedule.Scheduler  : task 45 , Task 45 is updated
2024-08-25T11:22:52.455+03:30  INFO 54142 --- [UIdashboard] [scheduling-1] c.c.uidashboard.schedule.SchedulerUtil   : Generated number for assigning a status to a task: 3
2024-08-25T11:22:52.455+03:30  INFO 54142 --- [UIdashboard] [scheduling-1] c.c.uidashboard.service.TaskService      : updating, task id: 46
2024-08-25T11:22:52.456+03:30 DEBUG 54142 --- [UIdashboard] [scheduling-1] c.ceadar.uidashboard.schedule.Scheduler  : task 46 , Task 46 is updated
2024-08-25T11:22:52.456+03:30  INFO 54142 --- [UIdashboard] [scheduling-1] c.c.uidashboard.schedule.SchedulerUtil   : Generated number for assigning a status to a task: 4
2024-08-25T11:22:52.456+03:30  INFO 54142 --- [UIdashboard] [scheduling-1] c.c.uidashboard.service.TaskService      : updating, task id: 47
2024-08-25T11:22:52.456+03:30 DEBUG 54142 --- [UIdashboard] [scheduling-1] c.ceadar.uidashboard.schedule.Scheduler  : task 47 , Task 47 is updated
2024-08-25T11:22:52.456+03:30  INFO 54142 --- [UIdashboard] [scheduling-1] c.c.uidashboard.schedule.SchedulerUtil   : Generated number for assigning a status to a task: 4
2024-08-25T11:22:52.457+03:30  INFO 54142 --- [UIdashboard] [scheduling-1] c.c.uidashboard.service.TaskService      : updating, task id: 49
2024-08-25T11:22:52.457+03:30 DEBUG 54142 --- [UIdashboard] [scheduling-1] c.ceadar.uidashboard.schedule.Scheduler  : task 49 , Task 49 is updated
2024-08-25T11:22:52.457+03:30  INFO 54142 --- [UIdashboard] [scheduling-1] c.c.uidashboard.schedule.SchedulerUtil   : Generated number for assigning a status to a task: 2
2024-08-25T11:22:52.457+03:30  INFO 54142 --- [UIdashboard] [scheduling-1] c.c.uidashboard.service.TaskService      : updating, task id: 52
2024-08-25T11:22:52.458+03:30 DEBUG 54142 --- [UIdashboard] [scheduling-1] c.ceadar.uidashboard.schedule.Scheduler  : task 52 , Task 52 is updated
2024-08-25T11:22:52.458+03:30  INFO 54142 --- [UIdashboard] [scheduling-1] c.c.uidashboard.schedule.SchedulerUtil   : Generated number for assigning a status to a task: 3
2024-08-25T11:22:52.458+03:30  INFO 54142 --- [UIdashboard] [scheduling-1] c.c.uidashboard.service.TaskService      : updating, task id: 57
2024-08-25T11:22:52.458+03:30 DEBUG 54142 --- [UIdashboard] [scheduling-1] c.ceadar.uidashboard.schedule.Scheduler  : task 57 , Task 57 is updated
2024-08-25T11:22:52.458+03:30  INFO 54142 --- [UIdashboard] [scheduling-1] c.c.uidashboard.schedule.SchedulerUtil   : Generated number for assigning a status to a task: 2
2024-08-25T11:22:52.458+03:30  INFO 54142 --- [UIdashboard] [scheduling-1] c.c.uidashboard.service.TaskService      : updating, task id: 59
2024-08-25T11:22:52.459+03:30 DEBUG 54142 --- [UIdashboard] [scheduling-1] c.ceadar.uidashboard.schedule.Scheduler  : task 59 , Task 59 is updated
2024-08-25T11:22:52.459+03:30  INFO 54142 --- [UIdashboard] [scheduling-1] c.c.uidashboard.schedule.SchedulerUtil   : Generated number for assigning a status to a task: 4
2024-08-25T11:22:52.459+03:30  INFO 54142 --- [UIdashboard] [scheduling-1] c.c.uidashboard.service.TaskService      : updating, task id: 60
2024-08-25T11:22:52.460+03:30 DEBUG 54142 --- [UIdashboard] [scheduling-1] c.ceadar.uidashboard.schedule.Scheduler  : task 60 , Task 60 is updated
2024-08-25T11:22:52.460+03:30  INFO 54142 --- [UIdashboard] [scheduling-1] c.c.uidashboard.schedule.SchedulerUtil   : Generated number for assigning a status to a task: 1
2024-08-25T11:22:52.461+03:30  INFO 54142 --- [UIdashboard] [scheduling-1] c.c.uidashboard.service.TaskService      : updating, task id: 61
2024-08-25T11:22:52.462+03:30 DEBUG 54142 --- [UIdashboard] [scheduling-1] c.ceadar.uidashboard.schedule.Scheduler  : task 61 , Task 61 is updated
2024-08-25T11:22:52.462+03:30  INFO 54142 --- [UIdashboard] [scheduling-1] c.c.uidashboard.schedule.SchedulerUtil   : Generated number for assigning a status to a task: 3
2024-08-25T11:22:52.462+03:30  INFO 54142 --- [UIdashboard] [scheduling-1] c.c.uidashboard.service.TaskService      : updating, task id: 62
2024-08-25T11:22:52.463+03:30 DEBUG 54142 --- [UIdashboard] [scheduling-1] c.ceadar.uidashboard.schedule.Scheduler  : task 62 , Task 62 is updated
2024-08-25T11:22:52.463+03:30  INFO 54142 --- [UIdashboard] [scheduling-1] c.c.uidashboard.schedule.SchedulerUtil   : Generated number for assigning a status to a task: 4
2024-08-25T11:22:52.463+03:30  INFO 54142 --- [UIdashboard] [scheduling-1] c.c.uidashboard.service.TaskService      : updating, task id: 63
2024-08-25T11:22:52.463+03:30 DEBUG 54142 --- [UIdashboard] [scheduling-1] c.ceadar.uidashboard.schedule.Scheduler  : task 63 , Task 63 is updated
2024-08-25T11:22:52.464+03:30  INFO 54142 --- [UIdashboard] [scheduling-1] c.c.uidashboard.schedule.SchedulerUtil   : Generated number for assigning a status to a task: 1
2024-08-25T11:22:52.464+03:30  INFO 54142 --- [UIdashboard] [scheduling-1] c.c.uidashboard.service.TaskService      : updating, task id: 64
2024-08-25T11:22:52.464+03:30 DEBUG 54142 --- [UIdashboard] [scheduling-1] c.ceadar.uidashboard.schedule.Scheduler  : task 64 , Task 64 is updated
2024-08-25T11:23:36.448+03:30  INFO 54142 --- [UIdashboard] [scheduling-1] c.ceadar.uidashboard.schedule.Scheduler  : add new batch task to database at 2024-08-25T11:23:36.448059
2024-08-25T11:23:36.456+03:30  INFO 54142 --- [UIdashboard] [scheduling-1] c.c.uidashboard.schedule.SchedulerUtil   : Generating new tasks
2024-08-25T11:23:36.458+03:30  INFO 54142 --- [UIdashboard] [scheduling-1] c.c.uidashboard.schedule.SchedulerUtil   : Generated number for assigning a status to a task: 4
2024-08-25T11:23:36.458+03:30  INFO 54142 --- [UIdashboard] [scheduling-1] c.c.uidashboard.schedule.SchedulerUtil   : Random LocalDateTime created for field CreateAt
2024-08-25T11:23:36.458+03:30  INFO 54142 --- [UIdashboard] [scheduling-1] c.c.uidashboard.schedule.SchedulerUtil   : Generated number for assigning a status to a task: 0
2024-08-25T11:23:36.458+03:30  INFO 54142 --- [UIdashboard] [scheduling-1] c.c.uidashboard.schedule.SchedulerUtil   : Random LocalDateTime created for field CreateAt
2024-08-25T11:23:36.458+03:30  INFO 54142 --- [UIdashboard] [scheduling-1] c.c.uidashboard.schedule.SchedulerUtil   : Generated number for assigning a status to a task: 2
2024-08-25T11:23:36.458+03:30  INFO 54142 --- [UIdashboard] [scheduling-1] c.c.uidashboard.schedule.SchedulerUtil   : Random LocalDateTime created for field CreateAt
2024-08-25T11:23:36.458+03:30  INFO 54142 --- [UIdashboard] [scheduling-1] c.c.uidashboard.schedule.SchedulerUtil   : Generated number for assigning a status to a task: 2
2024-08-25T11:23:36.458+03:30  INFO 54142 --- [UIdashboard] [scheduling-1] c.c.uidashboard.schedule.SchedulerUtil   : Random LocalDateTime created for field CreateAt
2024-08-25T11:23:36.460+03:30  INFO 54142 --- [UIdashboard] [scheduling-1] c.ceadar.uidashboard.schedule.Scheduler  : add new batch task finished at 2024-08-25T11:23:36.460606
2024-08-25T11:23:46.071+03:30  INFO 54142 --- [UIdashboard] [http-nio-8081-exec-1] c.c.u.controller.TaskController          : get AllTasks method is called in controller, 68 tasks found
2024-08-25T11:23:52.451+03:30  INFO 54142 --- [UIdashboard] [scheduling-1] c.ceadar.uidashboard.schedule.Scheduler  : tasks fetching from database for update, count: 9
2024-08-25T11:23:52.452+03:30  INFO 54142 --- [UIdashboard] [scheduling-1] c.c.uidashboard.schedule.SchedulerUtil   : Generated number for assigning a status to a task: 3
2024-08-25T11:23:52.452+03:30  INFO 54142 --- [UIdashboard] [scheduling-1] c.c.uidashboard.service.TaskService      : updating, task id: 45
2024-08-25T11:23:52.455+03:30 DEBUG 54142 --- [UIdashboard] [scheduling-1] c.ceadar.uidashboard.schedule.Scheduler  : task 45 , Task 45 is updated
2024-08-25T11:23:52.455+03:30  INFO 54142 --- [UIdashboard] [scheduling-1] c.c.uidashboard.schedule.SchedulerUtil   : Generated number for assigning a status to a task: 0
2024-08-25T11:23:52.455+03:30  INFO 54142 --- [UIdashboard] [scheduling-1] c.c.uidashboard.service.TaskService      : updating, task id: 52
2024-08-25T11:23:52.457+03:30 DEBUG 54142 --- [UIdashboard] [scheduling-1] c.ceadar.uidashboard.schedule.Scheduler  : task 52 , Task 52 is updated
2024-08-25T11:23:52.457+03:30  INFO 54142 --- [UIdashboard] [scheduling-1] c.c.uidashboard.schedule.SchedulerUtil   : Generated number for assigning a status to a task: 1
2024-08-25T11:23:52.457+03:30  INFO 54142 --- [UIdashboard] [scheduling-1] c.c.uidashboard.service.TaskService      : updating, task id: 59
2024-08-25T11:23:52.458+03:30 DEBUG 54142 --- [UIdashboard] [scheduling-1] c.ceadar.uidashboard.schedule.Scheduler  : task 59 , Task 59 is updated
2024-08-25T11:23:52.458+03:30  INFO 54142 --- [UIdashboard] [scheduling-1] c.c.uidashboard.schedule.SchedulerUtil   : Generated number for assigning a status to a task: 0
2024-08-25T11:23:52.458+03:30  INFO 54142 --- [UIdashboard] [scheduling-1] c.c.uidashboard.service.TaskService      : updating, task id: 61
2024-08-25T11:23:52.458+03:30 DEBUG 54142 --- [UIdashboard] [scheduling-1] c.ceadar.uidashboard.schedule.Scheduler  : task 61 , Task 61 is updated
2024-08-25T11:23:52.458+03:30  INFO 54142 --- [UIdashboard] [scheduling-1] c.c.uidashboard.schedule.SchedulerUtil   : Generated number for assigning a status to a task: 3
2024-08-25T11:23:52.458+03:30  INFO 54142 --- [UIdashboard] [scheduling-1] c.c.uidashboard.service.TaskService      : updating, task id: 64
2024-08-25T11:23:52.459+03:30 DEBUG 54142 --- [UIdashboard] [scheduling-1] c.ceadar.uidashboard.schedule.Scheduler  : task 64 , Task 64 is updated
2024-08-25T11:23:52.459+03:30  INFO 54142 --- [UIdashboard] [scheduling-1] c.c.uidashboard.schedule.SchedulerUtil   : Generated number for assigning a status to a task: 2
2024-08-25T11:23:52.459+03:30  INFO 54142 --- [UIdashboard] [scheduling-1] c.c.uidashboard.service.TaskService      : updating, task id: 65
2024-08-25T11:23:52.459+03:30 DEBUG 54142 --- [UIdashboard] [scheduling-1] c.ceadar.uidashboard.schedule.Scheduler  : task 65 , Task 65 is updated
2024-08-25T11:23:52.459+03:30  INFO 54142 --- [UIdashboard] [scheduling-1] c.c.uidashboard.schedule.SchedulerUtil   : Generated number for assigning a status to a task: 0
2024-08-25T11:23:52.459+03:30  INFO 54142 --- [UIdashboard] [scheduling-1] c.c.uidashboard.service.TaskService      : updating, task id: 66
2024-08-25T11:23:52.459+03:30 DEBUG 54142 --- [UIdashboard] [scheduling-1] c.ceadar.uidashboard.schedule.Scheduler  : task 66 , Task 66 is updated
2024-08-25T11:23:52.459+03:30  INFO 54142 --- [UIdashboard] [scheduling-1] c.c.uidashboard.schedule.SchedulerUtil   : Generated number for assigning a status to a task: 0
2024-08-25T11:23:52.459+03:30  INFO 54142 --- [UIdashboard] [scheduling-1] c.c.uidashboard.service.TaskService      : updating, task id: 67
2024-08-25T11:23:52.460+03:30 DEBUG 54142 --- [UIdashboard] [scheduling-1] c.ceadar.uidashboard.schedule.Scheduler  : task 67 , Task 67 is updated
2024-08-25T11:23:52.460+03:30  INFO 54142 --- [UIdashboard] [scheduling-1] c.c.uidashboard.schedule.SchedulerUtil   : Generated number for assigning a status to a task: 1
2024-08-25T11:23:52.460+03:30  INFO 54142 --- [UIdashboard] [scheduling-1] c.c.uidashboard.service.TaskService      : updating, task id: 68
2024-08-25T11:23:52.460+03:30 DEBUG 54142 --- [UIdashboard] [scheduling-1] c.ceadar.uidashboard.schedule.Scheduler  : task 68 , Task 68 is updated
2024-08-25T11:24:35.445+03:30  INFO 54142 --- [UIdashboard] [scheduling-1] c.ceadar.uidashboard.schedule.Scheduler  : add new batch task to database at 2024-08-25T11:24:35.445364
2024-08-25T11:24:35.452+03:30  INFO 54142 --- [UIdashboard] [scheduling-1] c.c.uidashboard.schedule.SchedulerUtil   : Generating new tasks
2024-08-25T11:24:35.453+03:30  INFO 54142 --- [UIdashboard] [scheduling-1] c.c.uidashboard.schedule.SchedulerUtil   : Generated number for assigning a status to a task: 3
2024-08-25T11:24:35.453+03:30  INFO 54142 --- [UIdashboard] [scheduling-1] c.c.uidashboard.schedule.SchedulerUtil   : Random LocalDateTime created for field CreateAt
2024-08-25T11:24:35.453+03:30  INFO 54142 --- [UIdashboard] [scheduling-1] c.c.uidashboard.schedule.SchedulerUtil   : Generated number for assigning a status to a task: 3
2024-08-25T11:24:35.453+03:30  INFO 54142 --- [UIdashboard] [scheduling-1] c.c.uidashboard.schedule.SchedulerUtil   : Random LocalDateTime created for field CreateAt
2024-08-25T11:24:35.453+03:30  INFO 54142 --- [UIdashboard] [scheduling-1] c.c.uidashboard.schedule.SchedulerUtil   : Generated number for assigning a status to a task: 4
2024-08-25T11:24:35.453+03:30  INFO 54142 --- [UIdashboard] [scheduling-1] c.c.uidashboard.schedule.SchedulerUtil   : Random LocalDateTime created for field CreateAt
2024-08-25T11:24:35.453+03:30  INFO 54142 --- [UIdashboard] [scheduling-1] c.c.uidashboard.schedule.SchedulerUtil   : Generated number for assigning a status to a task: 0
2024-08-25T11:24:35.453+03:30  INFO 54142 --- [UIdashboard] [scheduling-1] c.c.uidashboard.schedule.SchedulerUtil   : Random LocalDateTime created for field CreateAt
2024-08-25T11:24:35.455+03:30  INFO 54142 --- [UIdashboard] [scheduling-1] c.ceadar.uidashboard.schedule.Scheduler  : add new batch task finished at 2024-08-25T11:24:35.455679
2024-08-25T11:24:47.064+03:30  INFO 54142 --- [UIdashboard] [http-nio-8081-exec-3] c.c.u.controller.TaskController          : get AllTasks method is called in controller, 72 tasks found
2024-08-25T11:24:52.452+03:30  INFO 54142 --- [UIdashboard] [scheduling-1] c.ceadar.uidashboard.schedule.Scheduler  : tasks fetching from database for update, count: 11
2024-08-25T11:24:52.453+03:30  INFO 54142 --- [UIdashboard] [scheduling-1] c.c.uidashboard.schedule.SchedulerUtil   : Generated number for assigning a status to a task: 2
2024-08-25T11:24:52.453+03:30  INFO 54142 --- [UIdashboard] [scheduling-1] c.c.uidashboard.service.TaskService      : updating, task id: 52
2024-08-25T11:24:52.455+03:30 DEBUG 54142 --- [UIdashboard] [scheduling-1] c.ceadar.uidashboard.schedule.Scheduler  : task 52 , Task 52 is updated
2024-08-25T11:24:52.455+03:30  INFO 54142 --- [UIdashboard] [scheduling-1] c.c.uidashboard.schedule.SchedulerUtil   : Generated number for assigning a status to a task: 1
2024-08-25T11:24:52.456+03:30  INFO 54142 --- [UIdashboard] [scheduling-1] c.c.uidashboard.service.TaskService      : updating, task id: 59
2024-08-25T11:24:52.456+03:30 DEBUG 54142 --- [UIdashboard] [scheduling-1] c.ceadar.uidashboard.schedule.Scheduler  : task 59 , Task 59 is updated
2024-08-25T11:24:52.456+03:30  INFO 54142 --- [UIdashboard] [scheduling-1] c.c.uidashboard.schedule.SchedulerUtil   : Generated number for assigning a status to a task: 0
2024-08-25T11:24:52.456+03:30  INFO 54142 --- [UIdashboard] [scheduling-1] c.c.uidashboard.service.TaskService      : updating, task id: 61
2024-08-25T11:24:52.457+03:30 DEBUG 54142 --- [UIdashboard] [scheduling-1] c.ceadar.uidashboard.schedule.Scheduler  : task 61 , Task 61 is updated
2024-08-25T11:24:52.457+03:30  INFO 54142 --- [UIdashboard] [scheduling-1] c.c.uidashboard.schedule.SchedulerUtil   : Generated number for assigning a status to a task: 3
2024-08-25T11:24:52.457+03:30  INFO 54142 --- [UIdashboard] [scheduling-1] c.c.uidashboard.service.TaskService      : updating, task id: 65
2024-08-25T11:24:52.458+03:30 DEBUG 54142 --- [UIdashboard] [scheduling-1] c.ceadar.uidashboard.schedule.Scheduler  : task 65 , Task 65 is updated
2024-08-25T11:24:52.458+03:30  INFO 54142 --- [UIdashboard] [scheduling-1] c.c.uidashboard.schedule.SchedulerUtil   : Generated number for assigning a status to a task: 3
2024-08-25T11:24:52.458+03:30  INFO 54142 --- [UIdashboard] [scheduling-1] c.c.uidashboard.service.TaskService      : updating, task id: 66
2024-08-25T11:24:52.459+03:30 DEBUG 54142 --- [UIdashboard] [scheduling-1] c.ceadar.uidashboard.schedule.Scheduler  : task 66 , Task 66 is updated
2024-08-25T11:24:52.459+03:30  INFO 54142 --- [UIdashboard] [scheduling-1] c.c.uidashboard.schedule.SchedulerUtil   : Generated number for assigning a status to a task: 0
2024-08-25T11:24:52.459+03:30  INFO 54142 --- [UIdashboard] [scheduling-1] c.c.uidashboard.service.TaskService      : updating, task id: 67
2024-08-25T11:24:52.459+03:30 DEBUG 54142 --- [UIdashboard] [scheduling-1] c.ceadar.uidashboard.schedule.Scheduler  : task 67 , Task 67 is updated
2024-08-25T11:24:52.459+03:30  INFO 54142 --- [UIdashboard] [scheduling-1] c.c.uidashboard.schedule.SchedulerUtil   : Generated number for assigning a status to a task: 4
2024-08-25T11:24:52.459+03:30  INFO 54142 --- [UIdashboard] [scheduling-1] c.c.uidashboard.service.TaskService      : updating, task id: 68
2024-08-25T11:24:52.460+03:30 DEBUG 54142 --- [UIdashboard] [scheduling-1] c.ceadar.uidashboard.schedule.Scheduler  : task 68 , Task 68 is updated
2024-08-25T11:24:52.460+03:30  INFO 54142 --- [UIdashboard] [scheduling-1] c.c.uidashboard.schedule.SchedulerUtil   : Generated number for assigning a status to a task: 2
2024-08-25T11:24:52.460+03:30  INFO 54142 --- [UIdashboard] [scheduling-1] c.c.uidashboard.service.TaskService      : updating, task id: 69
2024-08-25T11:24:52.460+03:30 DEBUG 54142 --- [UIdashboard] [scheduling-1] c.ceadar.uidashboard.schedule.Scheduler  : task 69 , Task 69 is updated
2024-08-25T11:24:52.460+03:30  INFO 54142 --- [UIdashboard] [scheduling-1] c.c.uidashboard.schedule.SchedulerUtil   : Generated number for assigning a status to a task: 2
2024-08-25T11:24:52.460+03:30  INFO 54142 --- [UIdashboard] [scheduling-1] c.c.uidashboard.service.TaskService      : updating, task id: 70
2024-08-25T11:24:52.461+03:30 DEBUG 54142 --- [UIdashboard] [scheduling-1] c.ceadar.uidashboard.schedule.Scheduler  : task 70 , Task 70 is updated
2024-08-25T11:24:52.461+03:30  INFO 54142 --- [UIdashboard] [scheduling-1] c.c.uidashboard.schedule.SchedulerUtil   : Generated number for assigning a status to a task: 1
2024-08-25T11:24:52.461+03:30  INFO 54142 --- [UIdashboard] [scheduling-1] c.c.uidashboard.service.TaskService      : updating, task id: 71
2024-08-25T11:24:52.461+03:30 DEBUG 54142 --- [UIdashboard] [scheduling-1] c.ceadar.uidashboard.schedule.Scheduler  : task 71 , Task 71 is updated
2024-08-25T11:24:52.461+03:30  INFO 54142 --- [UIdashboard] [scheduling-1] c.c.uidashboard.schedule.SchedulerUtil   : Generated number for assigning a status to a task: 3
2024-08-25T11:24:52.462+03:30  INFO 54142 --- [UIdashboard] [scheduling-1] c.c.uidashboard.service.TaskService      : updating, task id: 72
2024-08-25T11:24:52.462+03:30 DEBUG 54142 --- [UIdashboard] [scheduling-1] c.ceadar.uidashboard.schedule.Scheduler  : task 72 , Task 72 is updated
2024-08-25T11:25:34.446+03:30  INFO 54142 --- [UIdashboard] [scheduling-1] c.ceadar.uidashboard.schedule.Scheduler  : add new batch task to database at 2024-08-25T11:25:34.446772
2024-08-25T11:25:34.453+03:30  INFO 54142 --- [UIdashboard] [scheduling-1] c.c.uidashboard.schedule.SchedulerUtil   : Generating new tasks
2024-08-25T11:25:34.454+03:30  INFO 54142 --- [UIdashboard] [scheduling-1] c.c.uidashboard.schedule.SchedulerUtil   : Generated number for assigning a status to a task: 0
2024-08-25T11:25:34.455+03:30  INFO 54142 --- [UIdashboard] [scheduling-1] c.c.uidashboard.schedule.SchedulerUtil   : Random LocalDateTime created for field CreateAt
2024-08-25T11:25:34.455+03:30  INFO 54142 --- [UIdashboard] [scheduling-1] c.c.uidashboard.schedule.SchedulerUtil   : Generated number for assigning a status to a task: 0
2024-08-25T11:25:34.455+03:30  INFO 54142 --- [UIdashboard] [scheduling-1] c.c.uidashboard.schedule.SchedulerUtil   : Random LocalDateTime created for field CreateAt
2024-08-25T11:25:34.455+03:30  INFO 54142 --- [UIdashboard] [scheduling-1] c.c.uidashboard.schedule.SchedulerUtil   : Generated number for assigning a status to a task: 1
2024-08-25T11:25:34.455+03:30  INFO 54142 --- [UIdashboard] [scheduling-1] c.c.uidashboard.schedule.SchedulerUtil   : Random LocalDateTime created for field CreateAt
2024-08-25T11:25:34.455+03:30  INFO 54142 --- [UIdashboard] [scheduling-1] c.c.uidashboard.schedule.SchedulerUtil   : Generated number for assigning a status to a task: 4
2024-08-25T11:25:34.455+03:30  INFO 54142 --- [UIdashboard] [scheduling-1] c.c.uidashboard.schedule.SchedulerUtil   : Random LocalDateTime created for field CreateAt
2024-08-25T11:25:34.457+03:30  INFO 54142 --- [UIdashboard] [scheduling-1] c.ceadar.uidashboard.schedule.Scheduler  : add new batch task finished at 2024-08-25T11:25:34.457232
2024-08-25T11:25:48.066+03:30  INFO 54142 --- [UIdashboard] [http-nio-8081-exec-5] c.c.u.controller.TaskController          : get AllTasks method is called in controller, 76 tasks found
2024-08-25T11:25:52.453+03:30  INFO 54142 --- [UIdashboard] [scheduling-1] c.ceadar.uidashboard.schedule.Scheduler  : tasks fetching from database for update, count: 11
2024-08-25T11:25:52.453+03:30  INFO 54142 --- [UIdashboard] [scheduling-1] c.c.uidashboard.schedule.SchedulerUtil   : Generated number for assigning a status to a task: 0
2024-08-25T11:25:52.453+03:30  INFO 54142 --- [UIdashboard] [scheduling-1] c.c.uidashboard.service.TaskService      : updating, task id: 52
2024-08-25T11:25:52.456+03:30 DEBUG 54142 --- [UIdashboard] [scheduling-1] c.ceadar.uidashboard.schedule.Scheduler  : task 52 , Task 52 is updated
2024-08-25T11:25:52.456+03:30  INFO 54142 --- [UIdashboard] [scheduling-1] c.c.uidashboard.schedule.SchedulerUtil   : Generated number for assigning a status to a task: 2
2024-08-25T11:25:52.456+03:30  INFO 54142 --- [UIdashboard] [scheduling-1] c.c.uidashboard.service.TaskService      : updating, task id: 59
2024-08-25T11:25:52.457+03:30 DEBUG 54142 --- [UIdashboard] [scheduling-1] c.ceadar.uidashboard.schedule.Scheduler  : task 59 , Task 59 is updated
2024-08-25T11:25:52.457+03:30  INFO 54142 --- [UIdashboard] [scheduling-1] c.c.uidashboard.schedule.SchedulerUtil   : Generated number for assigning a status to a task: 0
2024-08-25T11:25:52.457+03:30  INFO 54142 --- [UIdashboard] [scheduling-1] c.c.uidashboard.service.TaskService      : updating, task id: 61
2024-08-25T11:25:52.458+03:30 DEBUG 54142 --- [UIdashboard] [scheduling-1] c.ceadar.uidashboard.schedule.Scheduler  : task 61 , Task 61 is updated
2024-08-25T11:25:52.458+03:30  INFO 54142 --- [UIdashboard] [scheduling-1] c.c.uidashboard.schedule.SchedulerUtil   : Generated number for assigning a status to a task: 0
2024-08-25T11:25:52.458+03:30  INFO 54142 --- [UIdashboard] [scheduling-1] c.c.uidashboard.service.TaskService      : updating, task id: 67
2024-08-25T11:25:52.459+03:30 DEBUG 54142 --- [UIdashboard] [scheduling-1] c.ceadar.uidashboard.schedule.Scheduler  : task 67 , Task 67 is updated
2024-08-25T11:25:52.459+03:30  INFO 54142 --- [UIdashboard] [scheduling-1] c.c.uidashboard.schedule.SchedulerUtil   : Generated number for assigning a status to a task: 0
2024-08-25T11:25:52.459+03:30  INFO 54142 --- [UIdashboard] [scheduling-1] c.c.uidashboard.service.TaskService      : updating, task id: 69
2024-08-25T11:25:52.459+03:30 DEBUG 54142 --- [UIdashboard] [scheduling-1] c.ceadar.uidashboard.schedule.Scheduler  : task 69 , Task 69 is updated
2024-08-25T11:25:52.459+03:30  INFO 54142 --- [UIdashboard] [scheduling-1] c.c.uidashboard.schedule.SchedulerUtil   : Generated number for assigning a status to a task: 4
2024-08-25T11:25:52.460+03:30  INFO 54142 --- [UIdashboard] [scheduling-1] c.c.uidashboard.service.TaskService      : updating, task id: 70
2024-08-25T11:25:52.460+03:30 DEBUG 54142 --- [UIdashboard] [scheduling-1] c.ceadar.uidashboard.schedule.Scheduler  : task 70 , Task 70 is updated
2024-08-25T11:25:52.460+03:30  INFO 54142 --- [UIdashboard] [scheduling-1] c.c.uidashboard.schedule.SchedulerUtil   : Generated number for assigning a status to a task: 4
2024-08-25T11:25:52.460+03:30  INFO 54142 --- [UIdashboard] [scheduling-1] c.c.uidashboard.service.TaskService      : updating, task id: 71
2024-08-25T11:25:52.461+03:30 DEBUG 54142 --- [UIdashboard] [scheduling-1] c.ceadar.uidashboard.schedule.Scheduler  : task 71 , Task 71 is updated
2024-08-25T11:25:52.461+03:30  INFO 54142 --- [UIdashboard] [scheduling-1] c.c.uidashboard.schedule.SchedulerUtil   : Generated number for assigning a status to a task: 4
2024-08-25T11:25:52.461+03:30  INFO 54142 --- [UIdashboard] [scheduling-1] c.c.uidashboard.service.TaskService      : updating, task id: 73
2024-08-25T11:25:52.462+03:30 DEBUG 54142 --- [UIdashboard] [scheduling-1] c.ceadar.uidashboard.schedule.Scheduler  : task 73 , Task 73 is updated
2024-08-25T11:25:52.462+03:30  INFO 54142 --- [UIdashboard] [scheduling-1] c.c.uidashboard.schedule.SchedulerUtil   : Generated number for assigning a status to a task: 3
2024-08-25T11:25:52.462+03:30  INFO 54142 --- [UIdashboard] [scheduling-1] c.c.uidashboard.service.TaskService      : updating, task id: 74
2024-08-25T11:25:52.462+03:30 DEBUG 54142 --- [UIdashboard] [scheduling-1] c.ceadar.uidashboard.schedule.Scheduler  : task 74 , Task 74 is updated
2024-08-25T11:25:52.462+03:30  INFO 54142 --- [UIdashboard] [scheduling-1] c.c.uidashboard.schedule.SchedulerUtil   : Generated number for assigning a status to a task: 2
2024-08-25T11:25:52.462+03:30  INFO 54142 --- [UIdashboard] [scheduling-1] c.c.uidashboard.service.TaskService      : updating, task id: 75
2024-08-25T11:25:52.463+03:30 DEBUG 54142 --- [UIdashboard] [scheduling-1] c.ceadar.uidashboard.schedule.Scheduler  : task 75 , Task 75 is updated
2024-08-25T11:25:52.463+03:30  INFO 54142 --- [UIdashboard] [scheduling-1] c.c.uidashboard.schedule.SchedulerUtil   : Generated number for assigning a status to a task: 1
2024-08-25T11:25:52.463+03:30  INFO 54142 --- [UIdashboard] [scheduling-1] c.c.uidashboard.service.TaskService      : updating, task id: 76
2024-08-25T11:25:52.463+03:30 DEBUG 54142 --- [UIdashboard] [scheduling-1] c.ceadar.uidashboard.schedule.Scheduler  : task 76 , Task 76 is updated
2024-08-25T11:26:33.447+03:30  INFO 54142 --- [UIdashboard] [scheduling-1] c.ceadar.uidashboard.schedule.Scheduler  : add new batch task to database at 2024-08-25T11:26:33.447613
2024-08-25T11:26:33.456+03:30  INFO 54142 --- [UIdashboard] [scheduling-1] c.c.uidashboard.schedule.SchedulerUtil   : Generating new tasks
2024-08-25T11:26:33.457+03:30  INFO 54142 --- [UIdashboard] [scheduling-1] c.c.uidashboard.schedule.SchedulerUtil   : Generated number for assigning a status to a task: 2
2024-08-25T11:26:33.457+03:30  INFO 54142 --- [UIdashboard] [scheduling-1] c.c.uidashboard.schedule.SchedulerUtil   : Random LocalDateTime created for field CreateAt
2024-08-25T11:26:33.457+03:30  INFO 54142 --- [UIdashboard] [scheduling-1] c.c.uidashboard.schedule.SchedulerUtil   : Generated number for assigning a status to a task: 2
2024-08-25T11:26:33.457+03:30  INFO 54142 --- [UIdashboard] [scheduling-1] c.c.uidashboard.schedule.SchedulerUtil   : Random LocalDateTime created for field CreateAt
2024-08-25T11:26:33.457+03:30  INFO 54142 --- [UIdashboard] [scheduling-1] c.c.uidashboard.schedule.SchedulerUtil   : Generated number for assigning a status to a task: 3
2024-08-25T11:26:33.457+03:30  INFO 54142 --- [UIdashboard] [scheduling-1] c.c.uidashboard.schedule.SchedulerUtil   : Random LocalDateTime created for field CreateAt
2024-08-25T11:26:33.457+03:30  INFO 54142 --- [UIdashboard] [scheduling-1] c.c.uidashboard.schedule.SchedulerUtil   : Generated number for assigning a status to a task: 1
2024-08-25T11:26:33.457+03:30  INFO 54142 --- [UIdashboard] [scheduling-1] c.c.uidashboard.schedule.SchedulerUtil   : Random LocalDateTime created for field CreateAt
2024-08-25T11:26:33.460+03:30  INFO 54142 --- [UIdashboard] [scheduling-1] c.ceadar.uidashboard.schedule.Scheduler  : add new batch task finished at 2024-08-25T11:26:33.460115
2024-08-25T11:26:49.068+03:30  INFO 54142 --- [UIdashboard] [http-nio-8081-exec-7] c.c.u.controller.TaskController          : get AllTasks method is called in controller, 80 tasks found
2024-08-25T11:26:52.454+03:30  INFO 54142 --- [UIdashboard] [scheduling-1] c.ceadar.uidashboard.schedule.Scheduler  : tasks fetching from database for update, count: 11
2024-08-25T11:26:52.455+03:30  INFO 54142 --- [UIdashboard] [scheduling-1] c.c.uidashboard.schedule.SchedulerUtil   : Generated number for assigning a status to a task: 1
2024-08-25T11:26:52.455+03:30  INFO 54142 --- [UIdashboard] [scheduling-1] c.c.uidashboard.service.TaskService      : updating, task id: 52
2024-08-25T11:26:52.458+03:30 DEBUG 54142 --- [UIdashboard] [scheduling-1] c.ceadar.uidashboard.schedule.Scheduler  : task 52 , Task 52 is updated
2024-08-25T11:26:52.458+03:30  INFO 54142 --- [UIdashboard] [scheduling-1] c.c.uidashboard.schedule.SchedulerUtil   : Generated number for assigning a status to a task: 0
2024-08-25T11:26:52.458+03:30  INFO 54142 --- [UIdashboard] [scheduling-1] c.c.uidashboard.service.TaskService      : updating, task id: 59
2024-08-25T11:26:52.460+03:30 DEBUG 54142 --- [UIdashboard] [scheduling-1] c.ceadar.uidashboard.schedule.Scheduler  : task 59 , Task 59 is updated
2024-08-25T11:26:52.460+03:30  INFO 54142 --- [UIdashboard] [scheduling-1] c.c.uidashboard.schedule.SchedulerUtil   : Generated number for assigning a status to a task: 0
2024-08-25T11:26:52.460+03:30  INFO 54142 --- [UIdashboard] [scheduling-1] c.c.uidashboard.service.TaskService      : updating, task id: 61
2024-08-25T11:26:52.460+03:30 DEBUG 54142 --- [UIdashboard] [scheduling-1] c.ceadar.uidashboard.schedule.Scheduler  : task 61 , Task 61 is updated
2024-08-25T11:26:52.460+03:30  INFO 54142 --- [UIdashboard] [scheduling-1] c.c.uidashboard.schedule.SchedulerUtil   : Generated number for assigning a status to a task: 4
2024-08-25T11:26:52.460+03:30  INFO 54142 --- [UIdashboard] [scheduling-1] c.c.uidashboard.service.TaskService      : updating, task id: 67
2024-08-25T11:26:52.461+03:30 DEBUG 54142 --- [UIdashboard] [scheduling-1] c.ceadar.uidashboard.schedule.Scheduler  : task 67 , Task 67 is updated
2024-08-25T11:26:52.461+03:30  INFO 54142 --- [UIdashboard] [scheduling-1] c.c.uidashboard.schedule.SchedulerUtil   : Generated number for assigning a status to a task: 2
2024-08-25T11:26:52.461+03:30  INFO 54142 --- [UIdashboard] [scheduling-1] c.c.uidashboard.service.TaskService      : updating, task id: 69
2024-08-25T11:26:52.462+03:30 DEBUG 54142 --- [UIdashboard] [scheduling-1] c.ceadar.uidashboard.schedule.Scheduler  : task 69 , Task 69 is updated
2024-08-25T11:26:52.462+03:30  INFO 54142 --- [UIdashboard] [scheduling-1] c.c.uidashboard.schedule.SchedulerUtil   : Generated number for assigning a status to a task: 3
2024-08-25T11:26:52.462+03:30  INFO 54142 --- [UIdashboard] [scheduling-1] c.c.uidashboard.service.TaskService      : updating, task id: 75
2024-08-25T11:26:52.462+03:30 DEBUG 54142 --- [UIdashboard] [scheduling-1] c.ceadar.uidashboard.schedule.Scheduler  : task 75 , Task 75 is updated
2024-08-25T11:26:52.463+03:30  INFO 54142 --- [UIdashboard] [scheduling-1] c.c.uidashboard.schedule.SchedulerUtil   : Generated number for assigning a status to a task: 1
2024-08-25T11:26:52.463+03:30  INFO 54142 --- [UIdashboard] [scheduling-1] c.c.uidashboard.service.TaskService      : updating, task id: 76
2024-08-25T11:26:52.463+03:30 DEBUG 54142 --- [UIdashboard] [scheduling-1] c.ceadar.uidashboard.schedule.Scheduler  : task 76 , Task 76 is updated
2024-08-25T11:26:52.463+03:30  INFO 54142 --- [UIdashboard] [scheduling-1] c.c.uidashboard.schedule.SchedulerUtil   : Generated number for assigning a status to a task: 3
2024-08-25T11:26:52.463+03:30  INFO 54142 --- [UIdashboard] [scheduling-1] c.c.uidashboard.service.TaskService      : updating, task id: 77
2024-08-25T11:26:52.464+03:30 DEBUG 54142 --- [UIdashboard] [scheduling-1] c.ceadar.uidashboard.schedule.Scheduler  : task 77 , Task 77 is updated
2024-08-25T11:26:52.464+03:30  INFO 54142 --- [UIdashboard] [scheduling-1] c.c.uidashboard.schedule.SchedulerUtil   : Generated number for assigning a status to a task: 2
2024-08-25T11:26:52.464+03:30  INFO 54142 --- [UIdashboard] [scheduling-1] c.c.uidashboard.service.TaskService      : updating, task id: 78
2024-08-25T11:26:52.464+03:30 DEBUG 54142 --- [UIdashboard] [scheduling-1] c.ceadar.uidashboard.schedule.Scheduler  : task 78 , Task 78 is updated
2024-08-25T11:26:52.464+03:30  INFO 54142 --- [UIdashboard] [scheduling-1] c.c.uidashboard.schedule.SchedulerUtil   : Generated number for assigning a status to a task: 0
2024-08-25T11:26:52.464+03:30  INFO 54142 --- [UIdashboard] [scheduling-1] c.c.uidashboard.service.TaskService      : updating, task id: 79
2024-08-25T11:26:52.465+03:30 DEBUG 54142 --- [UIdashboard] [scheduling-1] c.ceadar.uidashboard.schedule.Scheduler  : task 79 , Task 79 is updated
2024-08-25T11:26:52.465+03:30  INFO 54142 --- [UIdashboard] [scheduling-1] c.c.uidashboard.schedule.SchedulerUtil   : Generated number for assigning a status to a task: 2
2024-08-25T11:26:52.465+03:30  INFO 54142 --- [UIdashboard] [scheduling-1] c.c.uidashboard.service.TaskService      : updating, task id: 80
2024-08-25T11:26:52.465+03:30 DEBUG 54142 --- [UIdashboard] [scheduling-1] c.ceadar.uidashboard.schedule.Scheduler  : task 80 , Task 80 is updated
2024-08-25T11:27:32.447+03:30  INFO 54142 --- [UIdashboard] [scheduling-1] c.ceadar.uidashboard.schedule.Scheduler  : add new batch task to database at 2024-08-25T11:27:32.447228
2024-08-25T11:27:32.454+03:30  INFO 54142 --- [UIdashboard] [scheduling-1] c.c.uidashboard.schedule.SchedulerUtil   : Generating new tasks
2024-08-25T11:27:32.456+03:30  INFO 54142 --- [UIdashboard] [scheduling-1] c.c.uidashboard.schedule.SchedulerUtil   : Generated number for assigning a status to a task: 0
2024-08-25T11:27:32.456+03:30  INFO 54142 --- [UIdashboard] [scheduling-1] c.c.uidashboard.schedule.SchedulerUtil   : Random LocalDateTime created for field CreateAt
2024-08-25T11:27:32.456+03:30  INFO 54142 --- [UIdashboard] [scheduling-1] c.c.uidashboard.schedule.SchedulerUtil   : Generated number for assigning a status to a task: 4
2024-08-25T11:27:32.456+03:30  INFO 54142 --- [UIdashboard] [scheduling-1] c.c.uidashboard.schedule.SchedulerUtil   : Random LocalDateTime created for field CreateAt
2024-08-25T11:27:32.456+03:30  INFO 54142 --- [UIdashboard] [scheduling-1] c.c.uidashboard.schedule.SchedulerUtil   : Generated number for assigning a status to a task: 0
2024-08-25T11:27:32.456+03:30  INFO 54142 --- [UIdashboard] [scheduling-1] c.c.uidashboard.schedule.SchedulerUtil   : Random LocalDateTime created for field CreateAt
2024-08-25T11:27:32.456+03:30  INFO 54142 --- [UIdashboard] [scheduling-1] c.c.uidashboard.schedule.SchedulerUtil   : Generated number for assigning a status to a task: 2
2024-08-25T11:27:32.456+03:30  INFO 54142 --- [UIdashboard] [scheduling-1] c.c.uidashboard.schedule.SchedulerUtil   : Random LocalDateTime created for field CreateAt
2024-08-25T11:27:32.458+03:30  INFO 54142 --- [UIdashboard] [scheduling-1] c.ceadar.uidashboard.schedule.Scheduler  : add new batch task finished at 2024-08-25T11:27:32.458086
2024-08-25T11:27:50.063+03:30  INFO 54142 --- [UIdashboard] [http-nio-8081-exec-9] c.c.u.controller.TaskController          : get AllTasks method is called in controller, 84 tasks found
2024-08-25T11:27:52.453+03:30  INFO 54142 --- [UIdashboard] [scheduling-1] c.ceadar.uidashboard.schedule.Scheduler  : tasks fetching from database for update, count: 12
2024-08-25T11:27:52.454+03:30  INFO 54142 --- [UIdashboard] [scheduling-1] c.c.uidashboard.schedule.SchedulerUtil   : Generated number for assigning a status to a task: 3
2024-08-25T11:27:52.454+03:30  INFO 54142 --- [UIdashboard] [scheduling-1] c.c.uidashboard.service.TaskService      : updating, task id: 52
2024-08-25T11:27:52.456+03:30 DEBUG 54142 --- [UIdashboard] [scheduling-1] c.ceadar.uidashboard.schedule.Scheduler  : task 52 , Task 52 is updated
2024-08-25T11:27:52.456+03:30  INFO 54142 --- [UIdashboard] [scheduling-1] c.c.uidashboard.schedule.SchedulerUtil   : Generated number for assigning a status to a task: 1
2024-08-25T11:27:52.456+03:30  INFO 54142 --- [UIdashboard] [scheduling-1] c.c.uidashboard.service.TaskService      : updating, task id: 59
2024-08-25T11:27:52.457+03:30 DEBUG 54142 --- [UIdashboard] [scheduling-1] c.ceadar.uidashboard.schedule.Scheduler  : task 59 , Task 59 is updated
2024-08-25T11:27:52.457+03:30  INFO 54142 --- [UIdashboard] [scheduling-1] c.c.uidashboard.schedule.SchedulerUtil   : Generated number for assigning a status to a task: 3
2024-08-25T11:27:52.457+03:30  INFO 54142 --- [UIdashboard] [scheduling-1] c.c.uidashboard.service.TaskService      : updating, task id: 61
2024-08-25T11:27:52.459+03:30 DEBUG 54142 --- [UIdashboard] [scheduling-1] c.ceadar.uidashboard.schedule.Scheduler  : task 61 , Task 61 is updated
2024-08-25T11:27:52.459+03:30  INFO 54142 --- [UIdashboard] [scheduling-1] c.c.uidashboard.schedule.SchedulerUtil   : Generated number for assigning a status to a task: 4
2024-08-25T11:27:52.459+03:30  INFO 54142 --- [UIdashboard] [scheduling-1] c.c.uidashboard.service.TaskService      : updating, task id: 69
2024-08-25T11:27:52.460+03:30 DEBUG 54142 --- [UIdashboard] [scheduling-1] c.ceadar.uidashboard.schedule.Scheduler  : task 69 , Task 69 is updated
2024-08-25T11:27:52.460+03:30  INFO 54142 --- [UIdashboard] [scheduling-1] c.c.uidashboard.schedule.SchedulerUtil   : Generated number for assigning a status to a task: 2
2024-08-25T11:27:52.460+03:30  INFO 54142 --- [UIdashboard] [scheduling-1] c.c.uidashboard.service.TaskService      : updating, task id: 76
2024-08-25T11:27:52.461+03:30 DEBUG 54142 --- [UIdashboard] [scheduling-1] c.ceadar.uidashboard.schedule.Scheduler  : task 76 , Task 76 is updated
2024-08-25T11:27:52.461+03:30  INFO 54142 --- [UIdashboard] [scheduling-1] c.c.uidashboard.schedule.SchedulerUtil   : Generated number for assigning a status to a task: 0
2024-08-25T11:27:52.461+03:30  INFO 54142 --- [UIdashboard] [scheduling-1] c.c.uidashboard.service.TaskService      : updating, task id: 78
2024-08-25T11:27:52.462+03:30 DEBUG 54142 --- [UIdashboard] [scheduling-1] c.ceadar.uidashboard.schedule.Scheduler  : task 78 , Task 78 is updated
2024-08-25T11:27:52.462+03:30  INFO 54142 --- [UIdashboard] [scheduling-1] c.c.uidashboard.schedule.SchedulerUtil   : Generated number for assigning a status to a task: 2
2024-08-25T11:27:52.462+03:30  INFO 54142 --- [UIdashboard] [scheduling-1] c.c.uidashboard.service.TaskService      : updating, task id: 79
2024-08-25T11:27:52.462+03:30 DEBUG 54142 --- [UIdashboard] [scheduling-1] c.ceadar.uidashboard.schedule.Scheduler  : task 79 , Task 79 is updated
2024-08-25T11:27:52.462+03:30  INFO 54142 --- [UIdashboard] [scheduling-1] c.c.uidashboard.schedule.SchedulerUtil   : Generated number for assigning a status to a task: 1
2024-08-25T11:27:52.462+03:30  INFO 54142 --- [UIdashboard] [scheduling-1] c.c.uidashboard.service.TaskService      : updating, task id: 80
2024-08-25T11:27:52.463+03:30 DEBUG 54142 --- [UIdashboard] [scheduling-1] c.ceadar.uidashboard.schedule.Scheduler  : task 80 , Task 80 is updated
2024-08-25T11:27:52.463+03:30  INFO 54142 --- [UIdashboard] [scheduling-1] c.c.uidashboard.schedule.SchedulerUtil   : Generated number for assigning a status to a task: 2
2024-08-25T11:27:52.463+03:30  INFO 54142 --- [UIdashboard] [scheduling-1] c.c.uidashboard.service.TaskService      : updating, task id: 81
2024-08-25T11:27:52.476+03:30 DEBUG 54142 --- [UIdashboard] [scheduling-1] c.ceadar.uidashboard.schedule.Scheduler  : task 81 , Task 81 is updated
2024-08-25T11:27:52.476+03:30  INFO 54142 --- [UIdashboard] [scheduling-1] c.c.uidashboard.schedule.SchedulerUtil   : Generated number for assigning a status to a task: 3
2024-08-25T11:27:52.476+03:30  INFO 54142 --- [UIdashboard] [scheduling-1] c.c.uidashboard.service.TaskService      : updating, task id: 82
2024-08-25T11:27:52.477+03:30 DEBUG 54142 --- [UIdashboard] [scheduling-1] c.ceadar.uidashboard.schedule.Scheduler  : task 82 , Task 82 is updated
2024-08-25T11:27:52.477+03:30  INFO 54142 --- [UIdashboard] [scheduling-1] c.c.uidashboard.schedule.SchedulerUtil   : Generated number for assigning a status to a task: 1
2024-08-25T11:27:52.477+03:30  INFO 54142 --- [UIdashboard] [scheduling-1] c.c.uidashboard.service.TaskService      : updating, task id: 83
2024-08-25T11:27:52.478+03:30 DEBUG 54142 --- [UIdashboard] [scheduling-1] c.ceadar.uidashboard.schedule.Scheduler  : task 83 , Task 83 is updated
2024-08-25T11:27:52.478+03:30  INFO 54142 --- [UIdashboard] [scheduling-1] c.c.uidashboard.schedule.SchedulerUtil   : Generated number for assigning a status to a task: 0
2024-08-25T11:27:52.478+03:30  INFO 54142 --- [UIdashboard] [scheduling-1] c.c.uidashboard.service.TaskService      : updating, task id: 84
2024-08-25T11:27:52.478+03:30 DEBUG 54142 --- [UIdashboard] [scheduling-1] c.ceadar.uidashboard.schedule.Scheduler  : task 84 , Task 84 is updated
2024-08-25T11:28:31.445+03:30  INFO 54142 --- [UIdashboard] [scheduling-1] c.ceadar.uidashboard.schedule.Scheduler  : add new batch task to database at 2024-08-25T11:28:31.445609
2024-08-25T11:28:31.452+03:30  INFO 54142 --- [UIdashboard] [scheduling-1] c.c.uidashboard.schedule.SchedulerUtil   : Generating new tasks
2024-08-25T11:28:31.453+03:30  INFO 54142 --- [UIdashboard] [scheduling-1] c.c.uidashboard.schedule.SchedulerUtil   : Generated number for assigning a status to a task: 2
2024-08-25T11:28:31.453+03:30  INFO 54142 --- [UIdashboard] [scheduling-1] c.c.uidashboard.schedule.SchedulerUtil   : Random LocalDateTime created for field CreateAt
2024-08-25T11:28:31.453+03:30  INFO 54142 --- [UIdashboard] [scheduling-1] c.c.uidashboard.schedule.SchedulerUtil   : Generated number for assigning a status to a task: 2
2024-08-25T11:28:31.453+03:30  INFO 54142 --- [UIdashboard] [scheduling-1] c.c.uidashboard.schedule.SchedulerUtil   : Random LocalDateTime created for field CreateAt
2024-08-25T11:28:31.453+03:30  INFO 54142 --- [UIdashboard] [scheduling-1] c.c.uidashboard.schedule.SchedulerUtil   : Generated number for assigning a status to a task: 1
2024-08-25T11:28:31.453+03:30  INFO 54142 --- [UIdashboard] [scheduling-1] c.c.uidashboard.schedule.SchedulerUtil   : Random LocalDateTime created for field CreateAt
2024-08-25T11:28:31.453+03:30  INFO 54142 --- [UIdashboard] [scheduling-1] c.c.uidashboard.schedule.SchedulerUtil   : Generated number for assigning a status to a task: 3
2024-08-25T11:28:31.453+03:30  INFO 54142 --- [UIdashboard] [scheduling-1] c.c.uidashboard.schedule.SchedulerUtil   : Random LocalDateTime created for field CreateAt
2024-08-25T11:28:31.455+03:30  INFO 54142 --- [UIdashboard] [scheduling-1] c.ceadar.uidashboard.schedule.Scheduler  : add new batch task finished at 2024-08-25T11:28:31.455660
2024-08-25T11:28:51.063+03:30  INFO 54142 --- [UIdashboard] [http-nio-8081-exec-1] c.c.u.controller.TaskController          : get AllTasks method is called in controller, 88 tasks found
2024-08-25T11:28:52.453+03:30  INFO 54142 --- [UIdashboard] [scheduling-1] c.ceadar.uidashboard.schedule.Scheduler  : tasks fetching from database for update, count: 12
2024-08-25T11:28:52.454+03:30  INFO 54142 --- [UIdashboard] [scheduling-1] c.c.uidashboard.schedule.SchedulerUtil   : Generated number for assigning a status to a task: 3
2024-08-25T11:28:52.454+03:30  INFO 54142 --- [UIdashboard] [scheduling-1] c.c.uidashboard.service.TaskService      : updating, task id: 59
2024-08-25T11:28:52.457+03:30 DEBUG 54142 --- [UIdashboard] [scheduling-1] c.ceadar.uidashboard.schedule.Scheduler  : task 59 , Task 59 is updated
2024-08-25T11:28:52.457+03:30  INFO 54142 --- [UIdashboard] [scheduling-1] c.c.uidashboard.schedule.SchedulerUtil   : Generated number for assigning a status to a task: 3
2024-08-25T11:28:52.458+03:30  INFO 54142 --- [UIdashboard] [scheduling-1] c.c.uidashboard.service.TaskService      : updating, task id: 76
2024-08-25T11:28:52.459+03:30 DEBUG 54142 --- [UIdashboard] [scheduling-1] c.ceadar.uidashboard.schedule.Scheduler  : task 76 , Task 76 is updated
2024-08-25T11:28:52.459+03:30  INFO 54142 --- [UIdashboard] [scheduling-1] c.c.uidashboard.schedule.SchedulerUtil   : Generated number for assigning a status to a task: 2
2024-08-25T11:28:52.459+03:30  INFO 54142 --- [UIdashboard] [scheduling-1] c.c.uidashboard.service.TaskService      : updating, task id: 78
2024-08-25T11:28:52.460+03:30 DEBUG 54142 --- [UIdashboard] [scheduling-1] c.ceadar.uidashboard.schedule.Scheduler  : task 78 , Task 78 is updated
2024-08-25T11:28:52.460+03:30  INFO 54142 --- [UIdashboard] [scheduling-1] c.c.uidashboard.schedule.SchedulerUtil   : Generated number for assigning a status to a task: 1
2024-08-25T11:28:52.460+03:30  INFO 54142 --- [UIdashboard] [scheduling-1] c.c.uidashboard.service.TaskService      : updating, task id: 79
2024-08-25T11:28:52.460+03:30 DEBUG 54142 --- [UIdashboard] [scheduling-1] c.ceadar.uidashboard.schedule.Scheduler  : task 79 , Task 79 is updated
2024-08-25T11:28:52.460+03:30  INFO 54142 --- [UIdashboard] [scheduling-1] c.c.uidashboard.schedule.SchedulerUtil   : Generated number for assigning a status to a task: 3
2024-08-25T11:28:52.461+03:30  INFO 54142 --- [UIdashboard] [scheduling-1] c.c.uidashboard.service.TaskService      : updating, task id: 80
2024-08-25T11:28:52.461+03:30 DEBUG 54142 --- [UIdashboard] [scheduling-1] c.ceadar.uidashboard.schedule.Scheduler  : task 80 , Task 80 is updated
2024-08-25T11:28:52.461+03:30  INFO 54142 --- [UIdashboard] [scheduling-1] c.c.uidashboard.schedule.SchedulerUtil   : Generated number for assigning a status to a task: 0
2024-08-25T11:28:52.461+03:30  INFO 54142 --- [UIdashboard] [scheduling-1] c.c.uidashboard.service.TaskService      : updating, task id: 81
2024-08-25T11:28:52.462+03:30 DEBUG 54142 --- [UIdashboard] [scheduling-1] c.ceadar.uidashboard.schedule.Scheduler  : task 81 , Task 81 is updated
2024-08-25T11:28:52.462+03:30  INFO 54142 --- [UIdashboard] [scheduling-1] c.c.uidashboard.schedule.SchedulerUtil   : Generated number for assigning a status to a task: 1
2024-08-25T11:28:52.462+03:30  INFO 54142 --- [UIdashboard] [scheduling-1] c.c.uidashboard.service.TaskService      : updating, task id: 83
2024-08-25T11:28:52.462+03:30 DEBUG 54142 --- [UIdashboard] [scheduling-1] c.ceadar.uidashboard.schedule.Scheduler  : task 83 , Task 83 is updated
2024-08-25T11:28:52.462+03:30  INFO 54142 --- [UIdashboard] [scheduling-1] c.c.uidashboard.schedule.SchedulerUtil   : Generated number for assigning a status to a task: 0
2024-08-25T11:28:52.462+03:30  INFO 54142 --- [UIdashboard] [scheduling-1] c.c.uidashboard.service.TaskService      : updating, task id: 84
2024-08-25T11:28:52.463+03:30 DEBUG 54142 --- [UIdashboard] [scheduling-1] c.ceadar.uidashboard.schedule.Scheduler  : task 84 , Task 84 is updated
2024-08-25T11:28:52.463+03:30  INFO 54142 --- [UIdashboard] [scheduling-1] c.c.uidashboard.schedule.SchedulerUtil   : Generated number for assigning a status to a task: 3
2024-08-25T11:28:52.463+03:30  INFO 54142 --- [UIdashboard] [scheduling-1] c.c.uidashboard.service.TaskService      : updating, task id: 85
2024-08-25T11:28:52.463+03:30 DEBUG 54142 --- [UIdashboard] [scheduling-1] c.ceadar.uidashboard.schedule.Scheduler  : task 85 , Task 85 is updated
2024-08-25T11:28:52.463+03:30  INFO 54142 --- [UIdashboard] [scheduling-1] c.c.uidashboard.schedule.SchedulerUtil   : Generated number for assigning a status to a task: 1
2024-08-25T11:28:52.463+03:30  INFO 54142 --- [UIdashboard] [scheduling-1] c.c.uidashboard.service.TaskService      : updating, task id: 86
2024-08-25T11:28:52.464+03:30 DEBUG 54142 --- [UIdashboard] [scheduling-1] c.ceadar.uidashboard.schedule.Scheduler  : task 86 , Task 86 is updated
2024-08-25T11:28:52.464+03:30  INFO 54142 --- [UIdashboard] [scheduling-1] c.c.uidashboard.schedule.SchedulerUtil   : Generated number for assigning a status to a task: 4
2024-08-25T11:28:52.464+03:30  INFO 54142 --- [UIdashboard] [scheduling-1] c.c.uidashboard.service.TaskService      : updating, task id: 87
2024-08-25T11:28:52.464+03:30 DEBUG 54142 --- [UIdashboard] [scheduling-1] c.ceadar.uidashboard.schedule.Scheduler  : task 87 , Task 87 is updated
2024-08-25T11:28:52.464+03:30  INFO 54142 --- [UIdashboard] [scheduling-1] c.c.uidashboard.schedule.SchedulerUtil   : Generated number for assigning a status to a task: 4
2024-08-25T11:28:52.464+03:30  INFO 54142 --- [UIdashboard] [scheduling-1] c.c.uidashboard.service.TaskService      : updating, task id: 88
2024-08-25T11:28:52.465+03:30 DEBUG 54142 --- [UIdashboard] [scheduling-1] c.ceadar.uidashboard.schedule.Scheduler  : task 88 , Task 88 is updated
2024-08-25T11:29:30.449+03:30  INFO 54142 --- [UIdashboard] [scheduling-1] c.ceadar.uidashboard.schedule.Scheduler  : add new batch task to database at 2024-08-25T11:29:30.449486
2024-08-25T11:29:30.456+03:30  INFO 54142 --- [UIdashboard] [scheduling-1] c.c.uidashboard.schedule.SchedulerUtil   : Generating new tasks
2024-08-25T11:29:30.457+03:30  INFO 54142 --- [UIdashboard] [scheduling-1] c.c.uidashboard.schedule.SchedulerUtil   : Generated number for assigning a status to a task: 1
2024-08-25T11:29:30.457+03:30  INFO 54142 --- [UIdashboard] [scheduling-1] c.c.uidashboard.schedule.SchedulerUtil   : Random LocalDateTime created for field CreateAt
2024-08-25T11:29:30.457+03:30  INFO 54142 --- [UIdashboard] [scheduling-1] c.c.uidashboard.schedule.SchedulerUtil   : Generated number for assigning a status to a task: 3
2024-08-25T11:29:30.457+03:30  INFO 54142 --- [UIdashboard] [scheduling-1] c.c.uidashboard.schedule.SchedulerUtil   : Random LocalDateTime created for field CreateAt
2024-08-25T11:29:30.457+03:30  INFO 54142 --- [UIdashboard] [scheduling-1] c.c.uidashboard.schedule.SchedulerUtil   : Generated number for assigning a status to a task: 0
2024-08-25T11:29:30.457+03:30  INFO 54142 --- [UIdashboard] [scheduling-1] c.c.uidashboard.schedule.SchedulerUtil   : Random LocalDateTime created for field CreateAt
2024-08-25T11:29:30.457+03:30  INFO 54142 --- [UIdashboard] [scheduling-1] c.c.uidashboard.schedule.SchedulerUtil   : Generated number for assigning a status to a task: 2
2024-08-25T11:29:30.457+03:30  INFO 54142 --- [UIdashboard] [scheduling-1] c.c.uidashboard.schedule.SchedulerUtil   : Random LocalDateTime created for field CreateAt
2024-08-25T11:29:30.459+03:30  INFO 54142 --- [UIdashboard] [scheduling-1] c.ceadar.uidashboard.schedule.Scheduler  : add new batch task finished at 2024-08-25T11:29:30.459557
2024-08-25T11:29:52.068+03:30  INFO 54142 --- [UIdashboard] [http-nio-8081-exec-3] c.c.u.controller.TaskController          : get AllTasks method is called in controller, 92 tasks found
2024-08-25T11:29:52.451+03:30  INFO 54142 --- [UIdashboard] [scheduling-1] c.ceadar.uidashboard.schedule.Scheduler  : tasks fetching from database for update, count: 10
2024-08-25T11:29:52.452+03:30  INFO 54142 --- [UIdashboard] [scheduling-1] c.c.uidashboard.schedule.SchedulerUtil   : Generated number for assigning a status to a task: 1
2024-08-25T11:29:52.452+03:30  INFO 54142 --- [UIdashboard] [scheduling-1] c.c.uidashboard.service.TaskService      : updating, task id: 78
2024-08-25T11:29:52.454+03:30 DEBUG 54142 --- [UIdashboard] [scheduling-1] c.ceadar.uidashboard.schedule.Scheduler  : task 78 , Task 78 is updated
2024-08-25T11:29:52.454+03:30  INFO 54142 --- [UIdashboard] [scheduling-1] c.c.uidashboard.schedule.SchedulerUtil   : Generated number for assigning a status to a task: 4
2024-08-25T11:29:52.454+03:30  INFO 54142 --- [UIdashboard] [scheduling-1] c.c.uidashboard.service.TaskService      : updating, task id: 79
2024-08-25T11:29:52.456+03:30 DEBUG 54142 --- [UIdashboard] [scheduling-1] c.ceadar.uidashboard.schedule.Scheduler  : task 79 , Task 79 is updated
2024-08-25T11:29:52.456+03:30  INFO 54142 --- [UIdashboard] [scheduling-1] c.c.uidashboard.schedule.SchedulerUtil   : Generated number for assigning a status to a task: 2
2024-08-25T11:29:52.456+03:30  INFO 54142 --- [UIdashboard] [scheduling-1] c.c.uidashboard.service.TaskService      : updating, task id: 81
2024-08-25T11:29:52.457+03:30 DEBUG 54142 --- [UIdashboard] [scheduling-1] c.ceadar.uidashboard.schedule.Scheduler  : task 81 , Task 81 is updated
2024-08-25T11:29:52.457+03:30  INFO 54142 --- [UIdashboard] [scheduling-1] c.c.uidashboard.schedule.SchedulerUtil   : Generated number for assigning a status to a task: 3
2024-08-25T11:29:52.457+03:30  INFO 54142 --- [UIdashboard] [scheduling-1] c.c.uidashboard.service.TaskService      : updating, task id: 83
2024-08-25T11:29:52.458+03:30 DEBUG 54142 --- [UIdashboard] [scheduling-1] c.ceadar.uidashboard.schedule.Scheduler  : task 83 , Task 83 is updated
2024-08-25T11:29:52.458+03:30  INFO 54142 --- [UIdashboard] [scheduling-1] c.c.uidashboard.schedule.SchedulerUtil   : Generated number for assigning a status to a task: 1
2024-08-25T11:29:52.458+03:30  INFO 54142 --- [UIdashboard] [scheduling-1] c.c.uidashboard.service.TaskService      : updating, task id: 84
2024-08-25T11:29:52.458+03:30 DEBUG 54142 --- [UIdashboard] [scheduling-1] c.ceadar.uidashboard.schedule.Scheduler  : task 84 , Task 84 is updated
2024-08-25T11:29:52.458+03:30  INFO 54142 --- [UIdashboard] [scheduling-1] c.c.uidashboard.schedule.SchedulerUtil   : Generated number for assigning a status to a task: 4
2024-08-25T11:29:52.458+03:30  INFO 54142 --- [UIdashboard] [scheduling-1] c.c.uidashboard.service.TaskService      : updating, task id: 86
2024-08-25T11:29:52.459+03:30 DEBUG 54142 --- [UIdashboard] [scheduling-1] c.ceadar.uidashboard.schedule.Scheduler  : task 86 , Task 86 is updated
2024-08-25T11:29:52.459+03:30  INFO 54142 --- [UIdashboard] [scheduling-1] c.c.uidashboard.schedule.SchedulerUtil   : Generated number for assigning a status to a task: 1
2024-08-25T11:29:52.459+03:30  INFO 54142 --- [UIdashboard] [scheduling-1] c.c.uidashboard.service.TaskService      : updating, task id: 89
2024-08-25T11:29:52.459+03:30 DEBUG 54142 --- [UIdashboard] [scheduling-1] c.ceadar.uidashboard.schedule.Scheduler  : task 89 , Task 89 is updated
2024-08-25T11:29:52.459+03:30  INFO 54142 --- [UIdashboard] [scheduling-1] c.c.uidashboard.schedule.SchedulerUtil   : Generated number for assigning a status to a task: 3
2024-08-25T11:29:52.459+03:30  INFO 54142 --- [UIdashboard] [scheduling-1] c.c.uidashboard.service.TaskService      : updating, task id: 90
2024-08-25T11:29:52.459+03:30 DEBUG 54142 --- [UIdashboard] [scheduling-1] c.ceadar.uidashboard.schedule.Scheduler  : task 90 , Task 90 is updated
2024-08-25T11:29:52.460+03:30  INFO 54142 --- [UIdashboard] [scheduling-1] c.c.uidashboard.schedule.SchedulerUtil   : Generated number for assigning a status to a task: 1
2024-08-25T11:29:52.460+03:30  INFO 54142 --- [UIdashboard] [scheduling-1] c.c.uidashboard.service.TaskService      : updating, task id: 91
2024-08-25T11:29:52.460+03:30 DEBUG 54142 --- [UIdashboard] [scheduling-1] c.ceadar.uidashboard.schedule.Scheduler  : task 91 , Task 91 is updated
2024-08-25T11:29:52.460+03:30  INFO 54142 --- [UIdashboard] [scheduling-1] c.c.uidashboard.schedule.SchedulerUtil   : Generated number for assigning a status to a task: 2
2024-08-25T11:29:52.460+03:30  INFO 54142 --- [UIdashboard] [scheduling-1] c.c.uidashboard.service.TaskService      : updating, task id: 92
2024-08-25T11:29:52.460+03:30 DEBUG 54142 --- [UIdashboard] [scheduling-1] c.ceadar.uidashboard.schedule.Scheduler  : task 92 , Task 92 is updated
2024-08-25T11:30:29.446+03:30  INFO 54142 --- [UIdashboard] [scheduling-1] c.ceadar.uidashboard.schedule.Scheduler  : add new batch task to database at 2024-08-25T11:30:29.446623
2024-08-25T11:30:29.453+03:30  INFO 54142 --- [UIdashboard] [scheduling-1] c.c.uidashboard.schedule.SchedulerUtil   : Generating new tasks
2024-08-25T11:30:29.454+03:30  INFO 54142 --- [UIdashboard] [scheduling-1] c.c.uidashboard.schedule.SchedulerUtil   : Generated number for assigning a status to a task: 0
2024-08-25T11:30:29.454+03:30  INFO 54142 --- [UIdashboard] [scheduling-1] c.c.uidashboard.schedule.SchedulerUtil   : Random LocalDateTime created for field CreateAt
2024-08-25T11:30:29.454+03:30  INFO 54142 --- [UIdashboard] [scheduling-1] c.c.uidashboard.schedule.SchedulerUtil   : Generated number for assigning a status to a task: 1
2024-08-25T11:30:29.454+03:30  INFO 54142 --- [UIdashboard] [scheduling-1] c.c.uidashboard.schedule.SchedulerUtil   : Random LocalDateTime created for field CreateAt
2024-08-25T11:30:29.454+03:30  INFO 54142 --- [UIdashboard] [scheduling-1] c.c.uidashboard.schedule.SchedulerUtil   : Generated number for assigning a status to a task: 1
2024-08-25T11:30:29.454+03:30  INFO 54142 --- [UIdashboard] [scheduling-1] c.c.uidashboard.schedule.SchedulerUtil   : Random LocalDateTime created for field CreateAt
2024-08-25T11:30:29.454+03:30  INFO 54142 --- [UIdashboard] [scheduling-1] c.c.uidashboard.schedule.SchedulerUtil   : Generated number for assigning a status to a task: 2
2024-08-25T11:30:29.454+03:30  INFO 54142 --- [UIdashboard] [scheduling-1] c.c.uidashboard.schedule.SchedulerUtil   : Random LocalDateTime created for field CreateAt
2024-08-25T11:30:29.456+03:30  INFO 54142 --- [UIdashboard] [scheduling-1] c.ceadar.uidashboard.schedule.Scheduler  : add new batch task finished at 2024-08-25T11:30:29.456444
2024-08-25T11:30:52.454+03:30  INFO 54142 --- [UIdashboard] [scheduling-1] c.ceadar.uidashboard.schedule.Scheduler  : tasks fetching from database for update, count: 10
2024-08-25T11:30:52.455+03:30  INFO 54142 --- [UIdashboard] [scheduling-1] c.c.uidashboard.schedule.SchedulerUtil   : Generated number for assigning a status to a task: 0
2024-08-25T11:30:52.455+03:30  INFO 54142 --- [UIdashboard] [scheduling-1] c.c.uidashboard.service.TaskService      : updating, task id: 78
2024-08-25T11:30:52.457+03:30 DEBUG 54142 --- [UIdashboard] [scheduling-1] c.ceadar.uidashboard.schedule.Scheduler  : task 78 , Task 78 is updated
2024-08-25T11:30:52.457+03:30  INFO 54142 --- [UIdashboard] [scheduling-1] c.c.uidashboard.schedule.SchedulerUtil   : Generated number for assigning a status to a task: 4
2024-08-25T11:30:52.457+03:30  INFO 54142 --- [UIdashboard] [scheduling-1] c.c.uidashboard.service.TaskService      : updating, task id: 81
2024-08-25T11:30:52.457+03:30 DEBUG 54142 --- [UIdashboard] [scheduling-1] c.ceadar.uidashboard.schedule.Scheduler  : task 81 , Task 81 is updated
2024-08-25T11:30:52.458+03:30  INFO 54142 --- [UIdashboard] [scheduling-1] c.c.uidashboard.schedule.SchedulerUtil   : Generated number for assigning a status to a task: 1
2024-08-25T11:30:52.458+03:30  INFO 54142 --- [UIdashboard] [scheduling-1] c.c.uidashboard.service.TaskService      : updating, task id: 84
2024-08-25T11:30:52.458+03:30 DEBUG 54142 --- [UIdashboard] [scheduling-1] c.ceadar.uidashboard.schedule.Scheduler  : task 84 , Task 84 is updated
2024-08-25T11:30:52.458+03:30  INFO 54142 --- [UIdashboard] [scheduling-1] c.c.uidashboard.schedule.SchedulerUtil   : Generated number for assigning a status to a task: 0
2024-08-25T11:30:52.458+03:30  INFO 54142 --- [UIdashboard] [scheduling-1] c.c.uidashboard.service.TaskService      : updating, task id: 89
2024-08-25T11:30:52.459+03:30 DEBUG 54142 --- [UIdashboard] [scheduling-1] c.ceadar.uidashboard.schedule.Scheduler  : task 89 , Task 89 is updated
2024-08-25T11:30:52.459+03:30  INFO 54142 --- [UIdashboard] [scheduling-1] c.c.uidashboard.schedule.SchedulerUtil   : Generated number for assigning a status to a task: 4
2024-08-25T11:30:52.459+03:30  INFO 54142 --- [UIdashboard] [scheduling-1] c.c.uidashboard.service.TaskService      : updating, task id: 91
2024-08-25T11:30:52.460+03:30 DEBUG 54142 --- [UIdashboard] [scheduling-1] c.ceadar.uidashboard.schedule.Scheduler  : task 91 , Task 91 is updated
2024-08-25T11:30:52.460+03:30  INFO 54142 --- [UIdashboard] [scheduling-1] c.c.uidashboard.schedule.SchedulerUtil   : Generated number for assigning a status to a task: 2
2024-08-25T11:30:52.460+03:30  INFO 54142 --- [UIdashboard] [scheduling-1] c.c.uidashboard.service.TaskService      : updating, task id: 92
2024-08-25T11:30:52.460+03:30 DEBUG 54142 --- [UIdashboard] [scheduling-1] c.ceadar.uidashboard.schedule.Scheduler  : task 92 , Task 92 is updated
2024-08-25T11:30:52.460+03:30  INFO 54142 --- [UIdashboard] [scheduling-1] c.c.uidashboard.schedule.SchedulerUtil   : Generated number for assigning a status to a task: 2
2024-08-25T11:30:52.460+03:30  INFO 54142 --- [UIdashboard] [scheduling-1] c.c.uidashboard.service.TaskService      : updating, task id: 93
2024-08-25T11:30:52.461+03:30 DEBUG 54142 --- [UIdashboard] [scheduling-1] c.ceadar.uidashboard.schedule.Scheduler  : task 93 , Task 93 is updated
2024-08-25T11:30:52.461+03:30  INFO 54142 --- [UIdashboard] [scheduling-1] c.c.uidashboard.schedule.SchedulerUtil   : Generated number for assigning a status to a task: 4
2024-08-25T11:30:52.461+03:30  INFO 54142 --- [UIdashboard] [scheduling-1] c.c.uidashboard.service.TaskService      : updating, task id: 94
2024-08-25T11:30:52.461+03:30 DEBUG 54142 --- [UIdashboard] [scheduling-1] c.ceadar.uidashboard.schedule.Scheduler  : task 94 , Task 94 is updated
2024-08-25T11:30:52.462+03:30  INFO 54142 --- [UIdashboard] [scheduling-1] c.c.uidashboard.schedule.SchedulerUtil   : Generated number for assigning a status to a task: 4
2024-08-25T11:30:52.462+03:30  INFO 54142 --- [UIdashboard] [scheduling-1] c.c.uidashboard.service.TaskService      : updating, task id: 95
2024-08-25T11:30:52.462+03:30 DEBUG 54142 --- [UIdashboard] [scheduling-1] c.ceadar.uidashboard.schedule.Scheduler  : task 95 , Task 95 is updated
2024-08-25T11:30:52.462+03:30  INFO 54142 --- [UIdashboard] [scheduling-1] c.c.uidashboard.schedule.SchedulerUtil   : Generated number for assigning a status to a task: 3
2024-08-25T11:30:52.462+03:30  INFO 54142 --- [UIdashboard] [scheduling-1] c.c.uidashboard.service.TaskService      : updating, task id: 96
2024-08-25T11:30:52.463+03:30 DEBUG 54142 --- [UIdashboard] [scheduling-1] c.ceadar.uidashboard.schedule.Scheduler  : task 96 , Task 96 is updated
2024-08-25T11:30:53.075+03:30  INFO 54142 --- [UIdashboard] [http-nio-8081-exec-5] c.c.u.controller.TaskController          : get AllTasks method is called in controller, 96 tasks found
2024-08-25T11:31:28.449+03:30  INFO 54142 --- [UIdashboard] [scheduling-1] c.ceadar.uidashboard.schedule.Scheduler  : add new batch task to database at 2024-08-25T11:31:28.449847
2024-08-25T11:31:28.454+03:30  INFO 54142 --- [UIdashboard] [scheduling-1] c.c.uidashboard.schedule.SchedulerUtil   : Generating new tasks
2024-08-25T11:31:28.456+03:30  INFO 54142 --- [UIdashboard] [scheduling-1] c.c.uidashboard.schedule.SchedulerUtil   : Generated number for assigning a status to a task: 2
2024-08-25T11:31:28.456+03:30  INFO 54142 --- [UIdashboard] [scheduling-1] c.c.uidashboard.schedule.SchedulerUtil   : Random LocalDateTime created for field CreateAt
2024-08-25T11:31:28.456+03:30  INFO 54142 --- [UIdashboard] [scheduling-1] c.c.uidashboard.schedule.SchedulerUtil   : Generated number for assigning a status to a task: 4
2024-08-25T11:31:28.456+03:30  INFO 54142 --- [UIdashboard] [scheduling-1] c.c.uidashboard.schedule.SchedulerUtil   : Random LocalDateTime created for field CreateAt
2024-08-25T11:31:28.456+03:30  INFO 54142 --- [UIdashboard] [scheduling-1] c.c.uidashboard.schedule.SchedulerUtil   : Generated number for assigning a status to a task: 0
2024-08-25T11:31:28.456+03:30  INFO 54142 --- [UIdashboard] [scheduling-1] c.c.uidashboard.schedule.SchedulerUtil   : Random LocalDateTime created for field CreateAt
2024-08-25T11:31:28.456+03:30  INFO 54142 --- [UIdashboard] [scheduling-1] c.c.uidashboard.schedule.SchedulerUtil   : Generated number for assigning a status to a task: 4
2024-08-25T11:31:28.456+03:30  INFO 54142 --- [UIdashboard] [scheduling-1] c.c.uidashboard.schedule.SchedulerUtil   : Random LocalDateTime created for field CreateAt
2024-08-25T11:31:28.458+03:30  INFO 54142 --- [UIdashboard] [scheduling-1] c.ceadar.uidashboard.schedule.Scheduler  : add new batch task finished at 2024-08-25T11:31:28.458639
2024-08-25T11:31:52.456+03:30  INFO 54142 --- [UIdashboard] [scheduling-1] c.ceadar.uidashboard.schedule.Scheduler  : tasks fetching from database for update, count: 9
2024-08-25T11:31:52.457+03:30  INFO 54142 --- [UIdashboard] [scheduling-1] c.c.uidashboard.schedule.SchedulerUtil   : Generated number for assigning a status to a task: 4
2024-08-25T11:31:52.457+03:30  INFO 54142 --- [UIdashboard] [scheduling-1] c.c.uidashboard.service.TaskService      : updating, task id: 78
2024-08-25T11:31:52.459+03:30 DEBUG 54142 --- [UIdashboard] [scheduling-1] c.ceadar.uidashboard.schedule.Scheduler  : task 78 , Task 78 is updated
2024-08-25T11:31:52.459+03:30  INFO 54142 --- [UIdashboard] [scheduling-1] c.c.uidashboard.schedule.SchedulerUtil   : Generated number for assigning a status to a task: 1
2024-08-25T11:31:52.459+03:30  INFO 54142 --- [UIdashboard] [scheduling-1] c.c.uidashboard.service.TaskService      : updating, task id: 84
2024-08-25T11:31:52.460+03:30 DEBUG 54142 --- [UIdashboard] [scheduling-1] c.ceadar.uidashboard.schedule.Scheduler  : task 84 , Task 84 is updated
2024-08-25T11:31:52.460+03:30  INFO 54142 --- [UIdashboard] [scheduling-1] c.c.uidashboard.schedule.SchedulerUtil   : Generated number for assigning a status to a task: 3
2024-08-25T11:31:52.460+03:30  INFO 54142 --- [UIdashboard] [scheduling-1] c.c.uidashboard.service.TaskService      : updating, task id: 89
2024-08-25T11:31:52.461+03:30 DEBUG 54142 --- [UIdashboard] [scheduling-1] c.ceadar.uidashboard.schedule.Scheduler  : task 89 , Task 89 is updated
2024-08-25T11:31:52.461+03:30  INFO 54142 --- [UIdashboard] [scheduling-1] c.c.uidashboard.schedule.SchedulerUtil   : Generated number for assigning a status to a task: 0
2024-08-25T11:31:52.461+03:30  INFO 54142 --- [UIdashboard] [scheduling-1] c.c.uidashboard.service.TaskService      : updating, task id: 92
2024-08-25T11:31:52.462+03:30 DEBUG 54142 --- [UIdashboard] [scheduling-1] c.ceadar.uidashboard.schedule.Scheduler  : task 92 , Task 92 is updated
2024-08-25T11:31:52.462+03:30  INFO 54142 --- [UIdashboard] [scheduling-1] c.c.uidashboard.schedule.SchedulerUtil   : Generated number for assigning a status to a task: 2
2024-08-25T11:31:52.462+03:30  INFO 54142 --- [UIdashboard] [scheduling-1] c.c.uidashboard.service.TaskService      : updating, task id: 93
2024-08-25T11:31:52.462+03:30 DEBUG 54142 --- [UIdashboard] [scheduling-1] c.ceadar.uidashboard.schedule.Scheduler  : task 93 , Task 93 is updated
2024-08-25T11:31:52.462+03:30  INFO 54142 --- [UIdashboard] [scheduling-1] c.c.uidashboard.schedule.SchedulerUtil   : Generated number for assigning a status to a task: 4
2024-08-25T11:31:52.462+03:30  INFO 54142 --- [UIdashboard] [scheduling-1] c.c.uidashboard.service.TaskService      : updating, task id: 97
2024-08-25T11:31:52.476+03:30 DEBUG 54142 --- [UIdashboard] [scheduling-1] c.ceadar.uidashboard.schedule.Scheduler  : task 97 , Task 97 is updated
2024-08-25T11:31:52.476+03:30  INFO 54142 --- [UIdashboard] [scheduling-1] c.c.uidashboard.schedule.SchedulerUtil   : Generated number for assigning a status to a task: 0
2024-08-25T11:31:52.476+03:30  INFO 54142 --- [UIdashboard] [scheduling-1] c.c.uidashboard.service.TaskService      : updating, task id: 98
2024-08-25T11:31:52.477+03:30 DEBUG 54142 --- [UIdashboard] [scheduling-1] c.ceadar.uidashboard.schedule.Scheduler  : task 98 , Task 98 is updated
2024-08-25T11:31:52.477+03:30  INFO 54142 --- [UIdashboard] [scheduling-1] c.c.uidashboard.schedule.SchedulerUtil   : Generated number for assigning a status to a task: 3
2024-08-25T11:31:52.477+03:30  INFO 54142 --- [UIdashboard] [scheduling-1] c.c.uidashboard.service.TaskService      : updating, task id: 99
2024-08-25T11:31:52.478+03:30 DEBUG 54142 --- [UIdashboard] [scheduling-1] c.ceadar.uidashboard.schedule.Scheduler  : task 99 , Task 99 is updated
2024-08-25T11:31:52.478+03:30  INFO 54142 --- [UIdashboard] [scheduling-1] c.c.uidashboard.schedule.SchedulerUtil   : Generated number for assigning a status to a task: 1
2024-08-25T11:31:52.478+03:30  INFO 54142 --- [UIdashboard] [scheduling-1] c.c.uidashboard.service.TaskService      : updating, task id: 100
2024-08-25T11:31:52.478+03:30 DEBUG 54142 --- [UIdashboard] [scheduling-1] c.ceadar.uidashboard.schedule.Scheduler  : task 100 , Task 100 is updated
2024-08-25T11:31:54.068+03:30  INFO 54142 --- [UIdashboard] [http-nio-8081-exec-7] c.c.u.controller.TaskController          : get AllTasks method is called in controller, 100 tasks found
2024-08-25T11:32:27.449+03:30  INFO 54142 --- [UIdashboard] [scheduling-1] c.ceadar.uidashboard.schedule.Scheduler  : add new batch task to database at 2024-08-25T11:32:27.449520
2024-08-25T11:32:27.456+03:30  INFO 54142 --- [UIdashboard] [scheduling-1] c.c.uidashboard.schedule.SchedulerUtil   : Generating new tasks
2024-08-25T11:32:27.457+03:30  INFO 54142 --- [UIdashboard] [scheduling-1] c.c.uidashboard.schedule.SchedulerUtil   : Generated number for assigning a status to a task: 1
2024-08-25T11:32:27.458+03:30  INFO 54142 --- [UIdashboard] [scheduling-1] c.c.uidashboard.schedule.SchedulerUtil   : Random LocalDateTime created for field CreateAt
2024-08-25T11:32:27.458+03:30  INFO 54142 --- [UIdashboard] [scheduling-1] c.c.uidashboard.schedule.SchedulerUtil   : Generated number for assigning a status to a task: 4
2024-08-25T11:32:27.458+03:30  INFO 54142 --- [UIdashboard] [scheduling-1] c.c.uidashboard.schedule.SchedulerUtil   : Random LocalDateTime created for field CreateAt
2024-08-25T11:32:27.458+03:30  INFO 54142 --- [UIdashboard] [scheduling-1] c.c.uidashboard.schedule.SchedulerUtil   : Generated number for assigning a status to a task: 4
2024-08-25T11:32:27.458+03:30  INFO 54142 --- [UIdashboard] [scheduling-1] c.c.uidashboard.schedule.SchedulerUtil   : Random LocalDateTime created for field CreateAt
2024-08-25T11:32:27.458+03:30  INFO 54142 --- [UIdashboard] [scheduling-1] c.c.uidashboard.schedule.SchedulerUtil   : Generated number for assigning a status to a task: 3
2024-08-25T11:32:27.458+03:30  INFO 54142 --- [UIdashboard] [scheduling-1] c.c.uidashboard.schedule.SchedulerUtil   : Random LocalDateTime created for field CreateAt
2024-08-25T11:32:27.460+03:30  INFO 54142 --- [UIdashboard] [scheduling-1] c.ceadar.uidashboard.schedule.Scheduler  : add new batch task finished at 2024-08-25T11:32:27.460232
2024-08-25T11:32:52.455+03:30  INFO 54142 --- [UIdashboard] [scheduling-1] c.ceadar.uidashboard.schedule.Scheduler  : tasks fetching from database for update, count: 9
2024-08-25T11:32:52.457+03:30  INFO 54142 --- [UIdashboard] [scheduling-1] c.c.uidashboard.schedule.SchedulerUtil   : Generated number for assigning a status to a task: 4
2024-08-25T11:32:52.458+03:30  INFO 54142 --- [UIdashboard] [scheduling-1] c.c.uidashboard.service.TaskService      : updating, task id: 84
2024-08-25T11:32:52.460+03:30 DEBUG 54142 --- [UIdashboard] [scheduling-1] c.ceadar.uidashboard.schedule.Scheduler  : task 84 , Task 84 is updated
2024-08-25T11:32:52.460+03:30  INFO 54142 --- [UIdashboard] [scheduling-1] c.c.uidashboard.schedule.SchedulerUtil   : Generated number for assigning a status to a task: 0
2024-08-25T11:32:52.460+03:30  INFO 54142 --- [UIdashboard] [scheduling-1] c.c.uidashboard.service.TaskService      : updating, task id: 92
2024-08-25T11:32:52.461+03:30 DEBUG 54142 --- [UIdashboard] [scheduling-1] c.ceadar.uidashboard.schedule.Scheduler  : task 92 , Task 92 is updated
2024-08-25T11:32:52.461+03:30  INFO 54142 --- [UIdashboard] [scheduling-1] c.c.uidashboard.schedule.SchedulerUtil   : Generated number for assigning a status to a task: 1
2024-08-25T11:32:52.461+03:30  INFO 54142 --- [UIdashboard] [scheduling-1] c.c.uidashboard.service.TaskService      : updating, task id: 93
2024-08-25T11:32:52.462+03:30 DEBUG 54142 --- [UIdashboard] [scheduling-1] c.ceadar.uidashboard.schedule.Scheduler  : task 93 , Task 93 is updated
2024-08-25T11:32:52.462+03:30  INFO 54142 --- [UIdashboard] [scheduling-1] c.c.uidashboard.schedule.SchedulerUtil   : Generated number for assigning a status to a task: 0
2024-08-25T11:32:52.462+03:30  INFO 54142 --- [UIdashboard] [scheduling-1] c.c.uidashboard.service.TaskService      : updating, task id: 98
2024-08-25T11:32:52.462+03:30 DEBUG 54142 --- [UIdashboard] [scheduling-1] c.ceadar.uidashboard.schedule.Scheduler  : task 98 , Task 98 is updated
2024-08-25T11:32:52.462+03:30  INFO 54142 --- [UIdashboard] [scheduling-1] c.c.uidashboard.schedule.SchedulerUtil   : Generated number for assigning a status to a task: 1
2024-08-25T11:32:52.462+03:30  INFO 54142 --- [UIdashboard] [scheduling-1] c.c.uidashboard.service.TaskService      : updating, task id: 100
2024-08-25T11:32:52.463+03:30 DEBUG 54142 --- [UIdashboard] [scheduling-1] c.ceadar.uidashboard.schedule.Scheduler  : task 100 , Task 100 is updated
2024-08-25T11:32:52.463+03:30  INFO 54142 --- [UIdashboard] [scheduling-1] c.c.uidashboard.schedule.SchedulerUtil   : Generated number for assigning a status to a task: 0
2024-08-25T11:32:52.463+03:30  INFO 54142 --- [UIdashboard] [scheduling-1] c.c.uidashboard.service.TaskService      : updating, task id: 101
2024-08-25T11:32:52.463+03:30 DEBUG 54142 --- [UIdashboard] [scheduling-1] c.ceadar.uidashboard.schedule.Scheduler  : task 101 , Task 101 is updated
2024-08-25T11:32:52.463+03:30  INFO 54142 --- [UIdashboard] [scheduling-1] c.c.uidashboard.schedule.SchedulerUtil   : Generated number for assigning a status to a task: 3
2024-08-25T11:32:52.463+03:30  INFO 54142 --- [UIdashboard] [scheduling-1] c.c.uidashboard.service.TaskService      : updating, task id: 102
2024-08-25T11:32:52.464+03:30 DEBUG 54142 --- [UIdashboard] [scheduling-1] c.ceadar.uidashboard.schedule.Scheduler  : task 102 , Task 102 is updated
2024-08-25T11:32:52.464+03:30  INFO 54142 --- [UIdashboard] [scheduling-1] c.c.uidashboard.schedule.SchedulerUtil   : Generated number for assigning a status to a task: 4
2024-08-25T11:32:52.464+03:30  INFO 54142 --- [UIdashboard] [scheduling-1] c.c.uidashboard.service.TaskService      : updating, task id: 103
2024-08-25T11:32:52.464+03:30 DEBUG 54142 --- [UIdashboard] [scheduling-1] c.ceadar.uidashboard.schedule.Scheduler  : task 103 , Task 103 is updated
2024-08-25T11:32:52.464+03:30  INFO 54142 --- [UIdashboard] [scheduling-1] c.c.uidashboard.schedule.SchedulerUtil   : Generated number for assigning a status to a task: 3
2024-08-25T11:32:52.464+03:30  INFO 54142 --- [UIdashboard] [scheduling-1] c.c.uidashboard.service.TaskService      : updating, task id: 104
2024-08-25T11:32:52.465+03:30 DEBUG 54142 --- [UIdashboard] [scheduling-1] c.ceadar.uidashboard.schedule.Scheduler  : task 104 , Task 104 is updated
2024-08-25T11:33:26.450+03:30  INFO 54142 --- [UIdashboard] [scheduling-1] c.ceadar.uidashboard.schedule.Scheduler  : add new batch task to database at 2024-08-25T11:33:26.450157
2024-08-25T11:33:26.461+03:30  INFO 54142 --- [UIdashboard] [scheduling-1] c.c.uidashboard.schedule.SchedulerUtil   : Generating new tasks
2024-08-25T11:33:26.462+03:30  INFO 54142 --- [UIdashboard] [scheduling-1] c.c.uidashboard.schedule.SchedulerUtil   : Generated number for assigning a status to a task: 0
2024-08-25T11:33:26.462+03:30  INFO 54142 --- [UIdashboard] [scheduling-1] c.c.uidashboard.schedule.SchedulerUtil   : Random LocalDateTime created for field CreateAt
2024-08-25T11:33:26.462+03:30  INFO 54142 --- [UIdashboard] [scheduling-1] c.c.uidashboard.schedule.SchedulerUtil   : Generated number for assigning a status to a task: 2
2024-08-25T11:33:26.462+03:30  INFO 54142 --- [UIdashboard] [scheduling-1] c.c.uidashboard.schedule.SchedulerUtil   : Random LocalDateTime created for field CreateAt
2024-08-25T11:33:26.462+03:30  INFO 54142 --- [UIdashboard] [scheduling-1] c.c.uidashboard.schedule.SchedulerUtil   : Generated number for assigning a status to a task: 4
2024-08-25T11:33:26.462+03:30  INFO 54142 --- [UIdashboard] [scheduling-1] c.c.uidashboard.schedule.SchedulerUtil   : Random LocalDateTime created for field CreateAt
2024-08-25T11:33:26.462+03:30  INFO 54142 --- [UIdashboard] [scheduling-1] c.c.uidashboard.schedule.SchedulerUtil   : Generated number for assigning a status to a task: 1
2024-08-25T11:33:26.462+03:30  INFO 54142 --- [UIdashboard] [scheduling-1] c.c.uidashboard.schedule.SchedulerUtil   : Random LocalDateTime created for field CreateAt
2024-08-25T11:33:26.463+03:30  INFO 54142 --- [UIdashboard] [scheduling-1] c.ceadar.uidashboard.schedule.Scheduler  : add new batch task finished at 2024-08-25T11:33:26.463977
2024-08-25T11:33:52.455+03:30  INFO 54142 --- [UIdashboard] [scheduling-1] c.ceadar.uidashboard.schedule.Scheduler  : tasks fetching from database for update, count: 9
2024-08-25T11:33:52.456+03:30  INFO 54142 --- [UIdashboard] [scheduling-1] c.c.uidashboard.schedule.SchedulerUtil   : Generated number for assigning a status to a task: 3
2024-08-25T11:33:52.457+03:30  INFO 54142 --- [UIdashboard] [scheduling-1] c.c.uidashboard.service.TaskService      : updating, task id: 92
2024-08-25T11:33:52.459+03:30 DEBUG 54142 --- [UIdashboard] [scheduling-1] c.ceadar.uidashboard.schedule.Scheduler  : task 92 , Task 92 is updated
2024-08-25T11:33:52.459+03:30  INFO 54142 --- [UIdashboard] [scheduling-1] c.c.uidashboard.schedule.SchedulerUtil   : Generated number for assigning a status to a task: 4
2024-08-25T11:33:52.459+03:30  INFO 54142 --- [UIdashboard] [scheduling-1] c.c.uidashboard.service.TaskService      : updating, task id: 93
2024-08-25T11:33:52.460+03:30 DEBUG 54142 --- [UIdashboard] [scheduling-1] c.ceadar.uidashboard.schedule.Scheduler  : task 93 , Task 93 is updated
2024-08-25T11:33:52.460+03:30  INFO 54142 --- [UIdashboard] [scheduling-1] c.c.uidashboard.schedule.SchedulerUtil   : Generated number for assigning a status to a task: 2
2024-08-25T11:33:52.460+03:30  INFO 54142 --- [UIdashboard] [scheduling-1] c.c.uidashboard.service.TaskService      : updating, task id: 98
2024-08-25T11:33:52.460+03:30 DEBUG 54142 --- [UIdashboard] [scheduling-1] c.ceadar.uidashboard.schedule.Scheduler  : task 98 , Task 98 is updated
2024-08-25T11:33:52.460+03:30  INFO 54142 --- [UIdashboard] [scheduling-1] c.c.uidashboard.schedule.SchedulerUtil   : Generated number for assigning a status to a task: 2
2024-08-25T11:33:52.460+03:30  INFO 54142 --- [UIdashboard] [scheduling-1] c.c.uidashboard.service.TaskService      : updating, task id: 100
2024-08-25T11:33:52.461+03:30 DEBUG 54142 --- [UIdashboard] [scheduling-1] c.ceadar.uidashboard.schedule.Scheduler  : task 100 , Task 100 is updated
2024-08-25T11:33:52.461+03:30  INFO 54142 --- [UIdashboard] [scheduling-1] c.c.uidashboard.schedule.SchedulerUtil   : Generated number for assigning a status to a task: 0
2024-08-25T11:33:52.461+03:30  INFO 54142 --- [UIdashboard] [scheduling-1] c.c.uidashboard.service.TaskService      : updating, task id: 101
2024-08-25T11:33:52.461+03:30 DEBUG 54142 --- [UIdashboard] [scheduling-1] c.ceadar.uidashboard.schedule.Scheduler  : task 101 , Task 101 is updated
2024-08-25T11:33:52.461+03:30  INFO 54142 --- [UIdashboard] [scheduling-1] c.c.uidashboard.schedule.SchedulerUtil   : Generated number for assigning a status to a task: 0
2024-08-25T11:33:52.461+03:30  INFO 54142 --- [UIdashboard] [scheduling-1] c.c.uidashboard.service.TaskService      : updating, task id: 105
2024-08-25T11:33:52.461+03:30 DEBUG 54142 --- [UIdashboard] [scheduling-1] c.ceadar.uidashboard.schedule.Scheduler  : task 105 , Task 105 is updated
2024-08-25T11:33:52.461+03:30  INFO 54142 --- [UIdashboard] [scheduling-1] c.c.uidashboard.schedule.SchedulerUtil   : Generated number for assigning a status to a task: 3
2024-08-25T11:33:52.461+03:30  INFO 54142 --- [UIdashboard] [scheduling-1] c.c.uidashboard.service.TaskService      : updating, task id: 106
2024-08-25T11:33:52.462+03:30 DEBUG 54142 --- [UIdashboard] [scheduling-1] c.ceadar.uidashboard.schedule.Scheduler  : task 106 , Task 106 is updated
2024-08-25T11:33:52.462+03:30  INFO 54142 --- [UIdashboard] [scheduling-1] c.c.uidashboard.schedule.SchedulerUtil   : Generated number for assigning a status to a task: 0
2024-08-25T11:33:52.462+03:30  INFO 54142 --- [UIdashboard] [scheduling-1] c.c.uidashboard.service.TaskService      : updating, task id: 107
2024-08-25T11:33:52.462+03:30 DEBUG 54142 --- [UIdashboard] [scheduling-1] c.ceadar.uidashboard.schedule.Scheduler  : task 107 , Task 107 is updated
2024-08-25T11:33:52.462+03:30  INFO 54142 --- [UIdashboard] [scheduling-1] c.c.uidashboard.schedule.SchedulerUtil   : Generated number for assigning a status to a task: 3
2024-08-25T11:33:52.462+03:30  INFO 54142 --- [UIdashboard] [scheduling-1] c.c.uidashboard.service.TaskService      : updating, task id: 108
2024-08-25T11:33:52.463+03:30 DEBUG 54142 --- [UIdashboard] [scheduling-1] c.ceadar.uidashboard.schedule.Scheduler  : task 108 , Task 108 is updated
2024-08-25T11:33:54.086+03:30  INFO 54142 --- [UIdashboard] [http-nio-8081-exec-9] c.c.u.controller.TaskController          : get AllTasks method is called in controller, 108 tasks found
2024-08-25T11:34:25.449+03:30  INFO 54142 --- [UIdashboard] [scheduling-1] c.ceadar.uidashboard.schedule.Scheduler  : add new batch task to database at 2024-08-25T11:34:25.449097
2024-08-25T11:34:25.453+03:30  INFO 54142 --- [UIdashboard] [scheduling-1] c.c.uidashboard.schedule.SchedulerUtil   : Generating new tasks
2024-08-25T11:34:25.455+03:30  INFO 54142 --- [UIdashboard] [scheduling-1] c.c.uidashboard.schedule.SchedulerUtil   : Generated number for assigning a status to a task: 3
2024-08-25T11:34:25.455+03:30  INFO 54142 --- [UIdashboard] [scheduling-1] c.c.uidashboard.schedule.SchedulerUtil   : Random LocalDateTime created for field CreateAt
2024-08-25T11:34:25.455+03:30  INFO 54142 --- [UIdashboard] [scheduling-1] c.c.uidashboard.schedule.SchedulerUtil   : Generated number for assigning a status to a task: 4
2024-08-25T11:34:25.455+03:30  INFO 54142 --- [UIdashboard] [scheduling-1] c.c.uidashboard.schedule.SchedulerUtil   : Random LocalDateTime created for field CreateAt
2024-08-25T11:34:25.455+03:30  INFO 54142 --- [UIdashboard] [scheduling-1] c.c.uidashboard.schedule.SchedulerUtil   : Generated number for assigning a status to a task: 0
2024-08-25T11:34:25.455+03:30  INFO 54142 --- [UIdashboard] [scheduling-1] c.c.uidashboard.schedule.SchedulerUtil   : Random LocalDateTime created for field CreateAt
2024-08-25T11:34:25.455+03:30  INFO 54142 --- [UIdashboard] [scheduling-1] c.c.uidashboard.schedule.SchedulerUtil   : Generated number for assigning a status to a task: 4
2024-08-25T11:34:25.455+03:30  INFO 54142 --- [UIdashboard] [scheduling-1] c.c.uidashboard.schedule.SchedulerUtil   : Random LocalDateTime created for field CreateAt
2024-08-25T11:34:25.456+03:30  INFO 54142 --- [UIdashboard] [scheduling-1] c.ceadar.uidashboard.schedule.Scheduler  : add new batch task finished at 2024-08-25T11:34:25.456904
2024-08-25T11:34:52.456+03:30  INFO 54142 --- [UIdashboard] [scheduling-1] c.ceadar.uidashboard.schedule.Scheduler  : tasks fetching from database for update, count: 9
2024-08-25T11:34:52.457+03:30  INFO 54142 --- [UIdashboard] [scheduling-1] c.c.uidashboard.schedule.SchedulerUtil   : Generated number for assigning a status to a task: 0
2024-08-25T11:34:52.457+03:30  INFO 54142 --- [UIdashboard] [scheduling-1] c.c.uidashboard.service.TaskService      : updating, task id: 98
2024-08-25T11:34:52.460+03:30 DEBUG 54142 --- [UIdashboard] [scheduling-1] c.ceadar.uidashboard.schedule.Scheduler  : task 98 , Task 98 is updated
2024-08-25T11:34:52.460+03:30  INFO 54142 --- [UIdashboard] [scheduling-1] c.c.uidashboard.schedule.SchedulerUtil   : Generated number for assigning a status to a task: 4
2024-08-25T11:34:52.460+03:30  INFO 54142 --- [UIdashboard] [scheduling-1] c.c.uidashboard.service.TaskService      : updating, task id: 100
2024-08-25T11:34:52.462+03:30 DEBUG 54142 --- [UIdashboard] [scheduling-1] c.ceadar.uidashboard.schedule.Scheduler  : task 100 , Task 100 is updated
2024-08-25T11:34:52.462+03:30  INFO 54142 --- [UIdashboard] [scheduling-1] c.c.uidashboard.schedule.SchedulerUtil   : Generated number for assigning a status to a task: 1
2024-08-25T11:34:52.462+03:30  INFO 54142 --- [UIdashboard] [scheduling-1] c.c.uidashboard.service.TaskService      : updating, task id: 101
2024-08-25T11:34:52.462+03:30 DEBUG 54142 --- [UIdashboard] [scheduling-1] c.ceadar.uidashboard.schedule.Scheduler  : task 101 , Task 101 is updated
2024-08-25T11:34:52.462+03:30  INFO 54142 --- [UIdashboard] [scheduling-1] c.c.uidashboard.schedule.SchedulerUtil   : Generated number for assigning a status to a task: 2
2024-08-25T11:34:52.463+03:30  INFO 54142 --- [UIdashboard] [scheduling-1] c.c.uidashboard.service.TaskService      : updating, task id: 105
2024-08-25T11:34:52.463+03:30 DEBUG 54142 --- [UIdashboard] [scheduling-1] c.ceadar.uidashboard.schedule.Scheduler  : task 105 , Task 105 is updated
2024-08-25T11:34:52.463+03:30  INFO 54142 --- [UIdashboard] [scheduling-1] c.c.uidashboard.schedule.SchedulerUtil   : Generated number for assigning a status to a task: 1
2024-08-25T11:34:52.463+03:30  INFO 54142 --- [UIdashboard] [scheduling-1] c.c.uidashboard.service.TaskService      : updating, task id: 107
2024-08-25T11:34:52.464+03:30 DEBUG 54142 --- [UIdashboard] [scheduling-1] c.ceadar.uidashboard.schedule.Scheduler  : task 107 , Task 107 is updated
2024-08-25T11:34:52.464+03:30  INFO 54142 --- [UIdashboard] [scheduling-1] c.c.uidashboard.schedule.SchedulerUtil   : Generated number for assigning a status to a task: 1
2024-08-25T11:34:52.464+03:30  INFO 54142 --- [UIdashboard] [scheduling-1] c.c.uidashboard.service.TaskService      : updating, task id: 109
2024-08-25T11:34:52.464+03:30 DEBUG 54142 --- [UIdashboard] [scheduling-1] c.ceadar.uidashboard.schedule.Scheduler  : task 109 , Task 109 is updated
2024-08-25T11:34:52.465+03:30  INFO 54142 --- [UIdashboard] [scheduling-1] c.c.uidashboard.schedule.SchedulerUtil   : Generated number for assigning a status to a task: 2
2024-08-25T11:34:52.465+03:30  INFO 54142 --- [UIdashboard] [scheduling-1] c.c.uidashboard.service.TaskService      : updating, task id: 110
2024-08-25T11:34:52.465+03:30 DEBUG 54142 --- [UIdashboard] [scheduling-1] c.ceadar.uidashboard.schedule.Scheduler  : task 110 , Task 110 is updated
2024-08-25T11:34:52.465+03:30  INFO 54142 --- [UIdashboard] [scheduling-1] c.c.uidashboard.schedule.SchedulerUtil   : Generated number for assigning a status to a task: 2
2024-08-25T11:34:52.465+03:30  INFO 54142 --- [UIdashboard] [scheduling-1] c.c.uidashboard.service.TaskService      : updating, task id: 111
2024-08-25T11:34:52.465+03:30 DEBUG 54142 --- [UIdashboard] [scheduling-1] c.ceadar.uidashboard.schedule.Scheduler  : task 111 , Task 111 is updated
2024-08-25T11:34:52.465+03:30  INFO 54142 --- [UIdashboard] [scheduling-1] c.c.uidashboard.schedule.SchedulerUtil   : Generated number for assigning a status to a task: 0
2024-08-25T11:34:52.465+03:30  INFO 54142 --- [UIdashboard] [scheduling-1] c.c.uidashboard.service.TaskService      : updating, task id: 112
2024-08-25T11:34:52.466+03:30 DEBUG 54142 --- [UIdashboard] [scheduling-1] c.ceadar.uidashboard.schedule.Scheduler  : task 112 , Task 112 is updated
2024-08-25T11:35:24.451+03:30  INFO 54142 --- [UIdashboard] [scheduling-1] c.ceadar.uidashboard.schedule.Scheduler  : add new batch task to database at 2024-08-25T11:35:24.451953
2024-08-25T11:35:24.459+03:30  INFO 54142 --- [UIdashboard] [scheduling-1] c.c.uidashboard.schedule.SchedulerUtil   : Generating new tasks
2024-08-25T11:35:24.460+03:30  INFO 54142 --- [UIdashboard] [scheduling-1] c.c.uidashboard.schedule.SchedulerUtil   : Generated number for assigning a status to a task: 0
2024-08-25T11:35:24.460+03:30  INFO 54142 --- [UIdashboard] [scheduling-1] c.c.uidashboard.schedule.SchedulerUtil   : Random LocalDateTime created for field CreateAt
2024-08-25T11:35:24.460+03:30  INFO 54142 --- [UIdashboard] [scheduling-1] c.c.uidashboard.schedule.SchedulerUtil   : Generated number for assigning a status to a task: 0
2024-08-25T11:35:24.460+03:30  INFO 54142 --- [UIdashboard] [scheduling-1] c.c.uidashboard.schedule.SchedulerUtil   : Random LocalDateTime created for field CreateAt
2024-08-25T11:35:24.460+03:30  INFO 54142 --- [UIdashboard] [scheduling-1] c.c.uidashboard.schedule.SchedulerUtil   : Generated number for assigning a status to a task: 3
2024-08-25T11:35:24.460+03:30  INFO 54142 --- [UIdashboard] [scheduling-1] c.c.uidashboard.schedule.SchedulerUtil   : Random LocalDateTime created for field CreateAt
2024-08-25T11:35:24.460+03:30  INFO 54142 --- [UIdashboard] [scheduling-1] c.c.uidashboard.schedule.SchedulerUtil   : Generated number for assigning a status to a task: 4
2024-08-25T11:35:24.460+03:30  INFO 54142 --- [UIdashboard] [scheduling-1] c.c.uidashboard.schedule.SchedulerUtil   : Random LocalDateTime created for field CreateAt
2024-08-25T11:35:24.461+03:30  INFO 54142 --- [UIdashboard] [scheduling-1] c.ceadar.uidashboard.schedule.Scheduler  : add new batch task finished at 2024-08-25T11:35:24.461878
2024-08-25T11:35:52.470+03:30  INFO 54142 --- [UIdashboard] [scheduling-1] c.ceadar.uidashboard.schedule.Scheduler  : tasks fetching from database for update, count: 12
2024-08-25T11:35:52.471+03:30  INFO 54142 --- [UIdashboard] [scheduling-1] c.c.uidashboard.schedule.SchedulerUtil   : Generated number for assigning a status to a task: 0
2024-08-25T11:35:52.472+03:30  INFO 54142 --- [UIdashboard] [scheduling-1] c.c.uidashboard.service.TaskService      : updating, task id: 98
2024-08-25T11:35:52.473+03:30 DEBUG 54142 --- [UIdashboard] [scheduling-1] c.ceadar.uidashboard.schedule.Scheduler  : task 98 , Task 98 is updated
2024-08-25T11:35:52.473+03:30  INFO 54142 --- [UIdashboard] [scheduling-1] c.c.uidashboard.schedule.SchedulerUtil   : Generated number for assigning a status to a task: 2
2024-08-25T11:35:52.473+03:30  INFO 54142 --- [UIdashboard] [scheduling-1] c.c.uidashboard.service.TaskService      : updating, task id: 101
2024-08-25T11:35:52.475+03:30 DEBUG 54142 --- [UIdashboard] [scheduling-1] c.ceadar.uidashboard.schedule.Scheduler  : task 101 , Task 101 is updated
2024-08-25T11:35:52.475+03:30  INFO 54142 --- [UIdashboard] [scheduling-1] c.c.uidashboard.schedule.SchedulerUtil   : Generated number for assigning a status to a task: 4
2024-08-25T11:35:52.475+03:30  INFO 54142 --- [UIdashboard] [scheduling-1] c.c.uidashboard.service.TaskService      : updating, task id: 105
2024-08-25T11:35:52.476+03:30 DEBUG 54142 --- [UIdashboard] [scheduling-1] c.ceadar.uidashboard.schedule.Scheduler  : task 105 , Task 105 is updated
2024-08-25T11:35:52.476+03:30  INFO 54142 --- [UIdashboard] [scheduling-1] c.c.uidashboard.schedule.SchedulerUtil   : Generated number for assigning a status to a task: 1
2024-08-25T11:35:52.476+03:30  INFO 54142 --- [UIdashboard] [scheduling-1] c.c.uidashboard.service.TaskService      : updating, task id: 107
2024-08-25T11:35:52.476+03:30 DEBUG 54142 --- [UIdashboard] [scheduling-1] c.ceadar.uidashboard.schedule.Scheduler  : task 107 , Task 107 is updated
2024-08-25T11:35:52.476+03:30  INFO 54142 --- [UIdashboard] [scheduling-1] c.c.uidashboard.schedule.SchedulerUtil   : Generated number for assigning a status to a task: 2
2024-08-25T11:35:52.476+03:30  INFO 54142 --- [UIdashboard] [scheduling-1] c.c.uidashboard.service.TaskService      : updating, task id: 109
2024-08-25T11:35:52.476+03:30 DEBUG 54142 --- [UIdashboard] [scheduling-1] c.ceadar.uidashboard.schedule.Scheduler  : task 109 , Task 109 is updated
2024-08-25T11:35:52.476+03:30  INFO 54142 --- [UIdashboard] [scheduling-1] c.c.uidashboard.schedule.SchedulerUtil   : Generated number for assigning a status to a task: 2
2024-08-25T11:35:52.476+03:30  INFO 54142 --- [UIdashboard] [scheduling-1] c.c.uidashboard.service.TaskService      : updating, task id: 110
2024-08-25T11:35:52.477+03:30 DEBUG 54142 --- [UIdashboard] [scheduling-1] c.ceadar.uidashboard.schedule.Scheduler  : task 110 , Task 110 is updated
2024-08-25T11:35:52.477+03:30  INFO 54142 --- [UIdashboard] [scheduling-1] c.c.uidashboard.schedule.SchedulerUtil   : Generated number for assigning a status to a task: 0
2024-08-25T11:35:52.477+03:30  INFO 54142 --- [UIdashboard] [scheduling-1] c.c.uidashboard.service.TaskService      : updating, task id: 111
2024-08-25T11:35:52.477+03:30 DEBUG 54142 --- [UIdashboard] [scheduling-1] c.ceadar.uidashboard.schedule.Scheduler  : task 111 , Task 111 is updated
2024-08-25T11:35:52.477+03:30  INFO 54142 --- [UIdashboard] [scheduling-1] c.c.uidashboard.schedule.SchedulerUtil   : Generated number for assigning a status to a task: 0
2024-08-25T11:35:52.477+03:30  INFO 54142 --- [UIdashboard] [scheduling-1] c.c.uidashboard.service.TaskService      : updating, task id: 112
2024-08-25T11:35:52.477+03:30 DEBUG 54142 --- [UIdashboard] [scheduling-1] c.ceadar.uidashboard.schedule.Scheduler  : task 112 , Task 112 is updated
2024-08-25T11:35:52.477+03:30  INFO 54142 --- [UIdashboard] [scheduling-1] c.c.uidashboard.schedule.SchedulerUtil   : Generated number for assigning a status to a task: 4
2024-08-25T11:35:52.477+03:30  INFO 54142 --- [UIdashboard] [scheduling-1] c.c.uidashboard.service.TaskService      : updating, task id: 113
2024-08-25T11:35:52.478+03:30 DEBUG 54142 --- [UIdashboard] [scheduling-1] c.ceadar.uidashboard.schedule.Scheduler  : task 113 , Task 113 is updated
2024-08-25T11:35:52.478+03:30  INFO 54142 --- [UIdashboard] [scheduling-1] c.c.uidashboard.schedule.SchedulerUtil   : Generated number for assigning a status to a task: 4
2024-08-25T11:35:52.478+03:30  INFO 54142 --- [UIdashboard] [scheduling-1] c.c.uidashboard.service.TaskService      : updating, task id: 114
2024-08-25T11:35:52.478+03:30 DEBUG 54142 --- [UIdashboard] [scheduling-1] c.ceadar.uidashboard.schedule.Scheduler  : task 114 , Task 114 is updated
2024-08-25T11:35:52.478+03:30  INFO 54142 --- [UIdashboard] [scheduling-1] c.c.uidashboard.schedule.SchedulerUtil   : Generated number for assigning a status to a task: 4
2024-08-25T11:35:52.478+03:30  INFO 54142 --- [UIdashboard] [scheduling-1] c.c.uidashboard.service.TaskService      : updating, task id: 115
2024-08-25T11:35:52.479+03:30 DEBUG 54142 --- [UIdashboard] [scheduling-1] c.ceadar.uidashboard.schedule.Scheduler  : task 115 , Task 115 is updated
2024-08-25T11:35:52.479+03:30  INFO 54142 --- [UIdashboard] [scheduling-1] c.c.uidashboard.schedule.SchedulerUtil   : Generated number for assigning a status to a task: 0
2024-08-25T11:35:52.479+03:30  INFO 54142 --- [UIdashboard] [scheduling-1] c.c.uidashboard.service.TaskService      : updating, task id: 116
2024-08-25T11:35:52.479+03:30 DEBUG 54142 --- [UIdashboard] [scheduling-1] c.ceadar.uidashboard.schedule.Scheduler  : task 116 , Task 116 is updated
2024-08-25T11:35:54.079+03:30  INFO 54142 --- [UIdashboard] [http-nio-8081-exec-1] c.c.u.controller.TaskController          : get AllTasks method is called in controller, 116 tasks found
2024-08-25T11:36:23.451+03:30  INFO 54142 --- [UIdashboard] [scheduling-1] c.ceadar.uidashboard.schedule.Scheduler  : add new batch task to database at 2024-08-25T11:36:23.451818
2024-08-25T11:36:23.460+03:30  INFO 54142 --- [UIdashboard] [scheduling-1] c.c.uidashboard.schedule.SchedulerUtil   : Generating new tasks
2024-08-25T11:36:23.462+03:30  INFO 54142 --- [UIdashboard] [scheduling-1] c.c.uidashboard.schedule.SchedulerUtil   : Generated number for assigning a status to a task: 4
2024-08-25T11:36:23.462+03:30  INFO 54142 --- [UIdashboard] [scheduling-1] c.c.uidashboard.schedule.SchedulerUtil   : Random LocalDateTime created for field CreateAt
2024-08-25T11:36:23.462+03:30  INFO 54142 --- [UIdashboard] [scheduling-1] c.c.uidashboard.schedule.SchedulerUtil   : Generated number for assigning a status to a task: 1
2024-08-25T11:36:23.462+03:30  INFO 54142 --- [UIdashboard] [scheduling-1] c.c.uidashboard.schedule.SchedulerUtil   : Random LocalDateTime created for field CreateAt
2024-08-25T11:36:23.462+03:30  INFO 54142 --- [UIdashboard] [scheduling-1] c.c.uidashboard.schedule.SchedulerUtil   : Generated number for assigning a status to a task: 2
2024-08-25T11:36:23.462+03:30  INFO 54142 --- [UIdashboard] [scheduling-1] c.c.uidashboard.schedule.SchedulerUtil   : Random LocalDateTime created for field CreateAt
2024-08-25T11:36:23.462+03:30  INFO 54142 --- [UIdashboard] [scheduling-1] c.c.uidashboard.schedule.SchedulerUtil   : Generated number for assigning a status to a task: 3
2024-08-25T11:36:23.462+03:30  INFO 54142 --- [UIdashboard] [scheduling-1] c.c.uidashboard.schedule.SchedulerUtil   : Random LocalDateTime created for field CreateAt
2024-08-25T11:36:23.464+03:30  INFO 54142 --- [UIdashboard] [scheduling-1] c.ceadar.uidashboard.schedule.Scheduler  : add new batch task finished at 2024-08-25T11:36:23.464642
2024-08-25T11:36:52.458+03:30  INFO 54142 --- [UIdashboard] [scheduling-1] c.ceadar.uidashboard.schedule.Scheduler  : tasks fetching from database for update, count: 12
2024-08-25T11:36:52.460+03:30  INFO 54142 --- [UIdashboard] [scheduling-1] c.c.uidashboard.schedule.SchedulerUtil   : Generated number for assigning a status to a task: 4
2024-08-25T11:36:52.460+03:30  INFO 54142 --- [UIdashboard] [scheduling-1] c.c.uidashboard.service.TaskService      : updating, task id: 98
2024-08-25T11:36:52.463+03:30 DEBUG 54142 --- [UIdashboard] [scheduling-1] c.ceadar.uidashboard.schedule.Scheduler  : task 98 , Task 98 is updated
2024-08-25T11:36:52.463+03:30  INFO 54142 --- [UIdashboard] [scheduling-1] c.c.uidashboard.schedule.SchedulerUtil   : Generated number for assigning a status to a task: 2
2024-08-25T11:36:52.463+03:30  INFO 54142 --- [UIdashboard] [scheduling-1] c.c.uidashboard.service.TaskService      : updating, task id: 101
2024-08-25T11:36:52.463+03:30 DEBUG 54142 --- [UIdashboard] [scheduling-1] c.ceadar.uidashboard.schedule.Scheduler  : task 101 , Task 101 is updated
2024-08-25T11:36:52.463+03:30  INFO 54142 --- [UIdashboard] [scheduling-1] c.c.uidashboard.schedule.SchedulerUtil   : Generated number for assigning a status to a task: 2
2024-08-25T11:36:52.463+03:30  INFO 54142 --- [UIdashboard] [scheduling-1] c.c.uidashboard.service.TaskService      : updating, task id: 107
2024-08-25T11:36:52.464+03:30 DEBUG 54142 --- [UIdashboard] [scheduling-1] c.ceadar.uidashboard.schedule.Scheduler  : task 107 , Task 107 is updated
2024-08-25T11:36:52.464+03:30  INFO 54142 --- [UIdashboard] [scheduling-1] c.c.uidashboard.schedule.SchedulerUtil   : Generated number for assigning a status to a task: 2
2024-08-25T11:36:52.464+03:30  INFO 54142 --- [UIdashboard] [scheduling-1] c.c.uidashboard.service.TaskService      : updating, task id: 109
2024-08-25T11:36:52.464+03:30 DEBUG 54142 --- [UIdashboard] [scheduling-1] c.ceadar.uidashboard.schedule.Scheduler  : task 109 , Task 109 is updated
2024-08-25T11:36:52.464+03:30  INFO 54142 --- [UIdashboard] [scheduling-1] c.c.uidashboard.schedule.SchedulerUtil   : Generated number for assigning a status to a task: 4
2024-08-25T11:36:52.464+03:30  INFO 54142 --- [UIdashboard] [scheduling-1] c.c.uidashboard.service.TaskService      : updating, task id: 110
2024-08-25T11:36:52.465+03:30 DEBUG 54142 --- [UIdashboard] [scheduling-1] c.ceadar.uidashboard.schedule.Scheduler  : task 110 , Task 110 is updated
2024-08-25T11:36:52.465+03:30  INFO 54142 --- [UIdashboard] [scheduling-1] c.c.uidashboard.schedule.SchedulerUtil   : Generated number for assigning a status to a task: 4
2024-08-25T11:36:52.465+03:30  INFO 54142 --- [UIdashboard] [scheduling-1] c.c.uidashboard.service.TaskService      : updating, task id: 111
2024-08-25T11:36:52.465+03:30 DEBUG 54142 --- [UIdashboard] [scheduling-1] c.ceadar.uidashboard.schedule.Scheduler  : task 111 , Task 111 is updated
2024-08-25T11:36:52.465+03:30  INFO 54142 --- [UIdashboard] [scheduling-1] c.c.uidashboard.schedule.SchedulerUtil   : Generated number for assigning a status to a task: 4
2024-08-25T11:36:52.465+03:30  INFO 54142 --- [UIdashboard] [scheduling-1] c.c.uidashboard.service.TaskService      : updating, task id: 112
2024-08-25T11:36:52.466+03:30 DEBUG 54142 --- [UIdashboard] [scheduling-1] c.ceadar.uidashboard.schedule.Scheduler  : task 112 , Task 112 is updated
2024-08-25T11:36:52.466+03:30  INFO 54142 --- [UIdashboard] [scheduling-1] c.c.uidashboard.schedule.SchedulerUtil   : Generated number for assigning a status to a task: 0
2024-08-25T11:36:52.466+03:30  INFO 54142 --- [UIdashboard] [scheduling-1] c.c.uidashboard.service.TaskService      : updating, task id: 116
2024-08-25T11:36:52.467+03:30 DEBUG 54142 --- [UIdashboard] [scheduling-1] c.ceadar.uidashboard.schedule.Scheduler  : task 116 , Task 116 is updated
2024-08-25T11:36:52.467+03:30  INFO 54142 --- [UIdashboard] [scheduling-1] c.c.uidashboard.schedule.SchedulerUtil   : Generated number for assigning a status to a task: 4
2024-08-25T11:36:52.467+03:30  INFO 54142 --- [UIdashboard] [scheduling-1] c.c.uidashboard.service.TaskService      : updating, task id: 117
2024-08-25T11:36:52.467+03:30 DEBUG 54142 --- [UIdashboard] [scheduling-1] c.ceadar.uidashboard.schedule.Scheduler  : task 117 , Task 117 is updated
2024-08-25T11:36:52.467+03:30  INFO 54142 --- [UIdashboard] [scheduling-1] c.c.uidashboard.schedule.SchedulerUtil   : Generated number for assigning a status to a task: 4
2024-08-25T11:36:52.467+03:30  INFO 54142 --- [UIdashboard] [scheduling-1] c.c.uidashboard.service.TaskService      : updating, task id: 118
2024-08-25T11:36:52.467+03:30 DEBUG 54142 --- [UIdashboard] [scheduling-1] c.ceadar.uidashboard.schedule.Scheduler  : task 118 , Task 118 is updated
2024-08-25T11:36:52.467+03:30  INFO 54142 --- [UIdashboard] [scheduling-1] c.c.uidashboard.schedule.SchedulerUtil   : Generated number for assigning a status to a task: 1
2024-08-25T11:36:52.468+03:30  INFO 54142 --- [UIdashboard] [scheduling-1] c.c.uidashboard.service.TaskService      : updating, task id: 119
2024-08-25T11:36:52.468+03:30 DEBUG 54142 --- [UIdashboard] [scheduling-1] c.ceadar.uidashboard.schedule.Scheduler  : task 119 , Task 119 is updated
2024-08-25T11:36:52.468+03:30  INFO 54142 --- [UIdashboard] [scheduling-1] c.c.uidashboard.schedule.SchedulerUtil   : Generated number for assigning a status to a task: 1
2024-08-25T11:36:52.468+03:30  INFO 54142 --- [UIdashboard] [scheduling-1] c.c.uidashboard.service.TaskService      : updating, task id: 120
2024-08-25T11:36:52.468+03:30 DEBUG 54142 --- [UIdashboard] [scheduling-1] c.ceadar.uidashboard.schedule.Scheduler  : task 120 , Task 120 is updated
2024-08-25T11:37:22.454+03:30  INFO 54142 --- [UIdashboard] [scheduling-1] c.ceadar.uidashboard.schedule.Scheduler  : add new batch task to database at 2024-08-25T11:37:22.454895
2024-08-25T11:37:22.459+03:30  INFO 54142 --- [UIdashboard] [scheduling-1] c.c.uidashboard.schedule.SchedulerUtil   : Generating new tasks
2024-08-25T11:37:22.461+03:30  INFO 54142 --- [UIdashboard] [scheduling-1] c.c.uidashboard.schedule.SchedulerUtil   : Generated number for assigning a status to a task: 1
2024-08-25T11:37:22.461+03:30  INFO 54142 --- [UIdashboard] [scheduling-1] c.c.uidashboard.schedule.SchedulerUtil   : Random LocalDateTime created for field CreateAt
2024-08-25T11:37:22.461+03:30  INFO 54142 --- [UIdashboard] [scheduling-1] c.c.uidashboard.schedule.SchedulerUtil   : Generated number for assigning a status to a task: 3
2024-08-25T11:37:22.461+03:30  INFO 54142 --- [UIdashboard] [scheduling-1] c.c.uidashboard.schedule.SchedulerUtil   : Random LocalDateTime created for field CreateAt
2024-08-25T11:37:22.461+03:30  INFO 54142 --- [UIdashboard] [scheduling-1] c.c.uidashboard.schedule.SchedulerUtil   : Generated number for assigning a status to a task: 4
2024-08-25T11:37:22.461+03:30  INFO 54142 --- [UIdashboard] [scheduling-1] c.c.uidashboard.schedule.SchedulerUtil   : Random LocalDateTime created for field CreateAt
2024-08-25T11:37:22.461+03:30  INFO 54142 --- [UIdashboard] [scheduling-1] c.c.uidashboard.schedule.SchedulerUtil   : Generated number for assigning a status to a task: 4
2024-08-25T11:37:22.461+03:30  INFO 54142 --- [UIdashboard] [scheduling-1] c.c.uidashboard.schedule.SchedulerUtil   : Random LocalDateTime created for field CreateAt
2024-08-25T11:37:22.462+03:30  INFO 54142 --- [UIdashboard] [scheduling-1] c.ceadar.uidashboard.schedule.Scheduler  : add new batch task finished at 2024-08-25T11:37:22.462792
2024-08-25T11:37:52.462+03:30  INFO 54142 --- [UIdashboard] [scheduling-1] c.ceadar.uidashboard.schedule.Scheduler  : tasks fetching from database for update, count: 10
2024-08-25T11:37:52.463+03:30  INFO 54142 --- [UIdashboard] [scheduling-1] c.c.uidashboard.schedule.SchedulerUtil   : Generated number for assigning a status to a task: 1
2024-08-25T11:37:52.463+03:30  INFO 54142 --- [UIdashboard] [scheduling-1] c.c.uidashboard.service.TaskService      : updating, task id: 101
2024-08-25T11:37:52.466+03:30 DEBUG 54142 --- [UIdashboard] [scheduling-1] c.ceadar.uidashboard.schedule.Scheduler  : task 101 , Task 101 is updated
2024-08-25T11:37:52.466+03:30  INFO 54142 --- [UIdashboard] [scheduling-1] c.c.uidashboard.schedule.SchedulerUtil   : Generated number for assigning a status to a task: 3
2024-08-25T11:37:52.466+03:30  INFO 54142 --- [UIdashboard] [scheduling-1] c.c.uidashboard.service.TaskService      : updating, task id: 107
2024-08-25T11:37:52.466+03:30 DEBUG 54142 --- [UIdashboard] [scheduling-1] c.ceadar.uidashboard.schedule.Scheduler  : task 107 , Task 107 is updated
2024-08-25T11:37:52.467+03:30  INFO 54142 --- [UIdashboard] [scheduling-1] c.c.uidashboard.schedule.SchedulerUtil   : Generated number for assigning a status to a task: 1
2024-08-25T11:37:52.467+03:30  INFO 54142 --- [UIdashboard] [scheduling-1] c.c.uidashboard.service.TaskService      : updating, task id: 109
2024-08-25T11:37:52.467+03:30 DEBUG 54142 --- [UIdashboard] [scheduling-1] c.ceadar.uidashboard.schedule.Scheduler  : task 109 , Task 109 is updated
2024-08-25T11:37:52.467+03:30  INFO 54142 --- [UIdashboard] [scheduling-1] c.c.uidashboard.schedule.SchedulerUtil   : Generated number for assigning a status to a task: 4
2024-08-25T11:37:52.467+03:30  INFO 54142 --- [UIdashboard] [scheduling-1] c.c.uidashboard.service.TaskService      : updating, task id: 116
2024-08-25T11:37:52.468+03:30 DEBUG 54142 --- [UIdashboard] [scheduling-1] c.ceadar.uidashboard.schedule.Scheduler  : task 116 , Task 116 is updated
2024-08-25T11:37:52.468+03:30  INFO 54142 --- [UIdashboard] [scheduling-1] c.c.uidashboard.schedule.SchedulerUtil   : Generated number for assigning a status to a task: 4
2024-08-25T11:37:52.468+03:30  INFO 54142 --- [UIdashboard] [scheduling-1] c.c.uidashboard.service.TaskService      : updating, task id: 119
2024-08-25T11:37:52.468+03:30 DEBUG 54142 --- [UIdashboard] [scheduling-1] c.ceadar.uidashboard.schedule.Scheduler  : task 119 , Task 119 is updated
2024-08-25T11:37:52.468+03:30  INFO 54142 --- [UIdashboard] [scheduling-1] c.c.uidashboard.schedule.SchedulerUtil   : Generated number for assigning a status to a task: 2
2024-08-25T11:37:52.468+03:30  INFO 54142 --- [UIdashboard] [scheduling-1] c.c.uidashboard.service.TaskService      : updating, task id: 120
2024-08-25T11:37:52.469+03:30 DEBUG 54142 --- [UIdashboard] [scheduling-1] c.ceadar.uidashboard.schedule.Scheduler  : task 120 , Task 120 is updated
2024-08-25T11:37:52.469+03:30  INFO 54142 --- [UIdashboard] [scheduling-1] c.c.uidashboard.schedule.SchedulerUtil   : Generated number for assigning a status to a task: 0
2024-08-25T11:37:52.469+03:30  INFO 54142 --- [UIdashboard] [scheduling-1] c.c.uidashboard.service.TaskService      : updating, task id: 121
2024-08-25T11:37:52.469+03:30 DEBUG 54142 --- [UIdashboard] [scheduling-1] c.ceadar.uidashboard.schedule.Scheduler  : task 121 , Task 121 is updated
2024-08-25T11:37:52.469+03:30  INFO 54142 --- [UIdashboard] [scheduling-1] c.c.uidashboard.schedule.SchedulerUtil   : Generated number for assigning a status to a task: 4
2024-08-25T11:37:52.469+03:30  INFO 54142 --- [UIdashboard] [scheduling-1] c.c.uidashboard.service.TaskService      : updating, task id: 122
2024-08-25T11:37:52.470+03:30 DEBUG 54142 --- [UIdashboard] [scheduling-1] c.ceadar.uidashboard.schedule.Scheduler  : task 122 , Task 122 is updated
2024-08-25T11:37:52.470+03:30  INFO 54142 --- [UIdashboard] [scheduling-1] c.c.uidashboard.schedule.SchedulerUtil   : Generated number for assigning a status to a task: 0
2024-08-25T11:37:52.470+03:30  INFO 54142 --- [UIdashboard] [scheduling-1] c.c.uidashboard.service.TaskService      : updating, task id: 123
2024-08-25T11:37:52.470+03:30 DEBUG 54142 --- [UIdashboard] [scheduling-1] c.ceadar.uidashboard.schedule.Scheduler  : task 123 , Task 123 is updated
2024-08-25T11:37:52.470+03:30  INFO 54142 --- [UIdashboard] [scheduling-1] c.c.uidashboard.schedule.SchedulerUtil   : Generated number for assigning a status to a task: 4
2024-08-25T11:37:52.470+03:30  INFO 54142 --- [UIdashboard] [scheduling-1] c.c.uidashboard.service.TaskService      : updating, task id: 124
2024-08-25T11:37:52.470+03:30 DEBUG 54142 --- [UIdashboard] [scheduling-1] c.ceadar.uidashboard.schedule.Scheduler  : task 124 , Task 124 is updated
2024-08-25T11:37:54.074+03:30  INFO 54142 --- [UIdashboard] [http-nio-8081-exec-3] c.c.u.controller.TaskController          : get AllTasks method is called in controller, 124 tasks found
2024-08-25T11:38:21.454+03:30  INFO 54142 --- [UIdashboard] [scheduling-1] c.ceadar.uidashboard.schedule.Scheduler  : add new batch task to database at 2024-08-25T11:38:21.454787
2024-08-25T11:38:21.461+03:30  INFO 54142 --- [UIdashboard] [scheduling-1] c.c.uidashboard.schedule.SchedulerUtil   : Generating new tasks
2024-08-25T11:38:21.463+03:30  INFO 54142 --- [UIdashboard] [scheduling-1] c.c.uidashboard.schedule.SchedulerUtil   : Generated number for assigning a status to a task: 3
2024-08-25T11:38:21.463+03:30  INFO 54142 --- [UIdashboard] [scheduling-1] c.c.uidashboard.schedule.SchedulerUtil   : Random LocalDateTime created for field CreateAt
2024-08-25T11:38:21.463+03:30  INFO 54142 --- [UIdashboard] [scheduling-1] c.c.uidashboard.schedule.SchedulerUtil   : Generated number for assigning a status to a task: 4
2024-08-25T11:38:21.463+03:30  INFO 54142 --- [UIdashboard] [scheduling-1] c.c.uidashboard.schedule.SchedulerUtil   : Random LocalDateTime created for field CreateAt
2024-08-25T11:38:21.463+03:30  INFO 54142 --- [UIdashboard] [scheduling-1] c.c.uidashboard.schedule.SchedulerUtil   : Generated number for assigning a status to a task: 2
2024-08-25T11:38:21.463+03:30  INFO 54142 --- [UIdashboard] [scheduling-1] c.c.uidashboard.schedule.SchedulerUtil   : Random LocalDateTime created for field CreateAt
2024-08-25T11:38:21.463+03:30  INFO 54142 --- [UIdashboard] [scheduling-1] c.c.uidashboard.schedule.SchedulerUtil   : Generated number for assigning a status to a task: 3
2024-08-25T11:38:21.463+03:30  INFO 54142 --- [UIdashboard] [scheduling-1] c.c.uidashboard.schedule.SchedulerUtil   : Random LocalDateTime created for field CreateAt
2024-08-25T11:38:21.466+03:30  INFO 54142 --- [UIdashboard] [scheduling-1] c.ceadar.uidashboard.schedule.Scheduler  : add new batch task finished at 2024-08-25T11:38:21.466072
2024-08-25T11:38:52.454+03:30  INFO 54142 --- [UIdashboard] [scheduling-1] c.ceadar.uidashboard.schedule.Scheduler  : tasks fetching from database for update, count: 9
2024-08-25T11:38:52.456+03:30  INFO 54142 --- [UIdashboard] [scheduling-1] c.c.uidashboard.schedule.SchedulerUtil   : Generated number for assigning a status to a task: 4
2024-08-25T11:38:52.456+03:30  INFO 54142 --- [UIdashboard] [scheduling-1] c.c.uidashboard.service.TaskService      : updating, task id: 101
2024-08-25T11:38:52.457+03:30 DEBUG 54142 --- [UIdashboard] [scheduling-1] c.ceadar.uidashboard.schedule.Scheduler  : task 101 , Task 101 is updated
2024-08-25T11:38:52.457+03:30  INFO 54142 --- [UIdashboard] [scheduling-1] c.c.uidashboard.schedule.SchedulerUtil   : Generated number for assigning a status to a task: 4
2024-08-25T11:38:52.457+03:30  INFO 54142 --- [UIdashboard] [scheduling-1] c.c.uidashboard.service.TaskService      : updating, task id: 109
2024-08-25T11:38:52.458+03:30 DEBUG 54142 --- [UIdashboard] [scheduling-1] c.ceadar.uidashboard.schedule.Scheduler  : task 109 , Task 109 is updated
2024-08-25T11:38:52.458+03:30  INFO 54142 --- [UIdashboard] [scheduling-1] c.c.uidashboard.schedule.SchedulerUtil   : Generated number for assigning a status to a task: 2
2024-08-25T11:38:52.458+03:30  INFO 54142 --- [UIdashboard] [scheduling-1] c.c.uidashboard.service.TaskService      : updating, task id: 120
2024-08-25T11:38:52.458+03:30 DEBUG 54142 --- [UIdashboard] [scheduling-1] c.ceadar.uidashboard.schedule.Scheduler  : task 120 , Task 120 is updated
2024-08-25T11:38:52.458+03:30  INFO 54142 --- [UIdashboard] [scheduling-1] c.c.uidashboard.schedule.SchedulerUtil   : Generated number for assigning a status to a task: 3
2024-08-25T11:38:52.458+03:30  INFO 54142 --- [UIdashboard] [scheduling-1] c.c.uidashboard.service.TaskService      : updating, task id: 121
2024-08-25T11:38:52.459+03:30 DEBUG 54142 --- [UIdashboard] [scheduling-1] c.ceadar.uidashboard.schedule.Scheduler  : task 121 , Task 121 is updated
2024-08-25T11:38:52.459+03:30  INFO 54142 --- [UIdashboard] [scheduling-1] c.c.uidashboard.schedule.SchedulerUtil   : Generated number for assigning a status to a task: 2
2024-08-25T11:38:52.459+03:30  INFO 54142 --- [UIdashboard] [scheduling-1] c.c.uidashboard.service.TaskService      : updating, task id: 123
2024-08-25T11:38:52.459+03:30 DEBUG 54142 --- [UIdashboard] [scheduling-1] c.ceadar.uidashboard.schedule.Scheduler  : task 123 , Task 123 is updated
2024-08-25T11:38:52.459+03:30  INFO 54142 --- [UIdashboard] [scheduling-1] c.c.uidashboard.schedule.SchedulerUtil   : Generated number for assigning a status to a task: 0
2024-08-25T11:38:52.459+03:30  INFO 54142 --- [UIdashboard] [scheduling-1] c.c.uidashboard.service.TaskService      : updating, task id: 125
2024-08-25T11:38:52.460+03:30 DEBUG 54142 --- [UIdashboard] [scheduling-1] c.ceadar.uidashboard.schedule.Scheduler  : task 125 , Task 125 is updated
2024-08-25T11:38:52.460+03:30  INFO 54142 --- [UIdashboard] [scheduling-1] c.c.uidashboard.schedule.SchedulerUtil   : Generated number for assigning a status to a task: 1
2024-08-25T11:38:52.460+03:30  INFO 54142 --- [UIdashboard] [scheduling-1] c.c.uidashboard.service.TaskService      : updating, task id: 126
2024-08-25T11:38:52.460+03:30 DEBUG 54142 --- [UIdashboard] [scheduling-1] c.ceadar.uidashboard.schedule.Scheduler  : task 126 , Task 126 is updated
2024-08-25T11:38:52.460+03:30  INFO 54142 --- [UIdashboard] [scheduling-1] c.c.uidashboard.schedule.SchedulerUtil   : Generated number for assigning a status to a task: 3
2024-08-25T11:38:52.460+03:30  INFO 54142 --- [UIdashboard] [scheduling-1] c.c.uidashboard.service.TaskService      : updating, task id: 127
2024-08-25T11:38:52.461+03:30 DEBUG 54142 --- [UIdashboard] [scheduling-1] c.ceadar.uidashboard.schedule.Scheduler  : task 127 , Task 127 is updated
2024-08-25T11:38:52.461+03:30  INFO 54142 --- [UIdashboard] [scheduling-1] c.c.uidashboard.schedule.SchedulerUtil   : Generated number for assigning a status to a task: 2
2024-08-25T11:38:52.461+03:30  INFO 54142 --- [UIdashboard] [scheduling-1] c.c.uidashboard.service.TaskService      : updating, task id: 128
2024-08-25T11:38:52.461+03:30 DEBUG 54142 --- [UIdashboard] [scheduling-1] c.ceadar.uidashboard.schedule.Scheduler  : task 128 , Task 128 is updated
2024-08-25T11:39:20.473+03:30  INFO 54142 --- [UIdashboard] [scheduling-1] c.ceadar.uidashboard.schedule.Scheduler  : add new batch task to database at 2024-08-25T11:39:20.473396
2024-08-25T11:39:20.480+03:30  INFO 54142 --- [UIdashboard] [scheduling-1] c.c.uidashboard.schedule.SchedulerUtil   : Generating new tasks
2024-08-25T11:39:20.481+03:30  INFO 54142 --- [UIdashboard] [scheduling-1] c.c.uidashboard.schedule.SchedulerUtil   : Generated number for assigning a status to a task: 0
2024-08-25T11:39:20.482+03:30  INFO 54142 --- [UIdashboard] [scheduling-1] c.c.uidashboard.schedule.SchedulerUtil   : Random LocalDateTime created for field CreateAt
2024-08-25T11:39:20.482+03:30  INFO 54142 --- [UIdashboard] [scheduling-1] c.c.uidashboard.schedule.SchedulerUtil   : Generated number for assigning a status to a task: 0
2024-08-25T11:39:20.482+03:30  INFO 54142 --- [UIdashboard] [scheduling-1] c.c.uidashboard.schedule.SchedulerUtil   : Random LocalDateTime created for field CreateAt
2024-08-25T11:39:20.482+03:30  INFO 54142 --- [UIdashboard] [scheduling-1] c.c.uidashboard.schedule.SchedulerUtil   : Generated number for assigning a status to a task: 4
2024-08-25T11:39:20.482+03:30  INFO 54142 --- [UIdashboard] [scheduling-1] c.c.uidashboard.schedule.SchedulerUtil   : Random LocalDateTime created for field CreateAt
2024-08-25T11:39:20.482+03:30  INFO 54142 --- [UIdashboard] [scheduling-1] c.c.uidashboard.schedule.SchedulerUtil   : Generated number for assigning a status to a task: 0
2024-08-25T11:39:20.482+03:30  INFO 54142 --- [UIdashboard] [scheduling-1] c.c.uidashboard.schedule.SchedulerUtil   : Random LocalDateTime created for field CreateAt
2024-08-25T11:39:20.484+03:30  INFO 54142 --- [UIdashboard] [scheduling-1] c.ceadar.uidashboard.schedule.Scheduler  : add new batch task finished at 2024-08-25T11:39:20.484109
2024-08-25T11:39:52.488+03:30  INFO 54142 --- [UIdashboard] [scheduling-1] c.ceadar.uidashboard.schedule.Scheduler  : tasks fetching from database for update, count: 9
2024-08-25T11:39:52.490+03:30  INFO 54142 --- [UIdashboard] [scheduling-1] c.c.uidashboard.schedule.SchedulerUtil   : Generated number for assigning a status to a task: 1
2024-08-25T11:39:52.490+03:30  INFO 54142 --- [UIdashboard] [scheduling-1] c.c.uidashboard.service.TaskService      : updating, task id: 120
2024-08-25T11:39:52.492+03:30 DEBUG 54142 --- [UIdashboard] [scheduling-1] c.ceadar.uidashboard.schedule.Scheduler  : task 120 , Task 120 is updated
2024-08-25T11:39:52.492+03:30  INFO 54142 --- [UIdashboard] [scheduling-1] c.c.uidashboard.schedule.SchedulerUtil   : Generated number for assigning a status to a task: 0
2024-08-25T11:39:52.492+03:30  INFO 54142 --- [UIdashboard] [scheduling-1] c.c.uidashboard.service.TaskService      : updating, task id: 123
2024-08-25T11:39:52.492+03:30 DEBUG 54142 --- [UIdashboard] [scheduling-1] c.ceadar.uidashboard.schedule.Scheduler  : task 123 , Task 123 is updated
2024-08-25T11:39:52.492+03:30  INFO 54142 --- [UIdashboard] [scheduling-1] c.c.uidashboard.schedule.SchedulerUtil   : Generated number for assigning a status to a task: 1
2024-08-25T11:39:52.493+03:30  INFO 54142 --- [UIdashboard] [scheduling-1] c.c.uidashboard.service.TaskService      : updating, task id: 125
2024-08-25T11:39:52.493+03:30 DEBUG 54142 --- [UIdashboard] [scheduling-1] c.ceadar.uidashboard.schedule.Scheduler  : task 125 , Task 125 is updated
2024-08-25T11:39:52.493+03:30  INFO 54142 --- [UIdashboard] [scheduling-1] c.c.uidashboard.schedule.SchedulerUtil   : Generated number for assigning a status to a task: 2
2024-08-25T11:39:52.493+03:30  INFO 54142 --- [UIdashboard] [scheduling-1] c.c.uidashboard.service.TaskService      : updating, task id: 126
2024-08-25T11:39:52.494+03:30 DEBUG 54142 --- [UIdashboard] [scheduling-1] c.ceadar.uidashboard.schedule.Scheduler  : task 126 , Task 126 is updated
2024-08-25T11:39:52.494+03:30  INFO 54142 --- [UIdashboard] [scheduling-1] c.c.uidashboard.schedule.SchedulerUtil   : Generated number for assigning a status to a task: 0
2024-08-25T11:39:52.494+03:30  INFO 54142 --- [UIdashboard] [scheduling-1] c.c.uidashboard.service.TaskService      : updating, task id: 128
2024-08-25T11:39:52.494+03:30 DEBUG 54142 --- [UIdashboard] [scheduling-1] c.ceadar.uidashboard.schedule.Scheduler  : task 128 , Task 128 is updated
2024-08-25T11:39:52.494+03:30  INFO 54142 --- [UIdashboard] [scheduling-1] c.c.uidashboard.schedule.SchedulerUtil   : Generated number for assigning a status to a task: 1
2024-08-25T11:39:52.494+03:30  INFO 54142 --- [UIdashboard] [scheduling-1] c.c.uidashboard.service.TaskService      : updating, task id: 129
2024-08-25T11:39:52.495+03:30 DEBUG 54142 --- [UIdashboard] [scheduling-1] c.ceadar.uidashboard.schedule.Scheduler  : task 129 , Task 129 is updated
2024-08-25T11:39:52.495+03:30  INFO 54142 --- [UIdashboard] [scheduling-1] c.c.uidashboard.schedule.SchedulerUtil   : Generated number for assigning a status to a task: 2
2024-08-25T11:39:52.495+03:30  INFO 54142 --- [UIdashboard] [scheduling-1] c.c.uidashboard.service.TaskService      : updating, task id: 130
2024-08-25T11:39:52.495+03:30 DEBUG 54142 --- [UIdashboard] [scheduling-1] c.ceadar.uidashboard.schedule.Scheduler  : task 130 , Task 130 is updated
2024-08-25T11:39:52.495+03:30  INFO 54142 --- [UIdashboard] [scheduling-1] c.c.uidashboard.schedule.SchedulerUtil   : Generated number for assigning a status to a task: 3
2024-08-25T11:39:52.495+03:30  INFO 54142 --- [UIdashboard] [scheduling-1] c.c.uidashboard.service.TaskService      : updating, task id: 131
2024-08-25T11:39:52.496+03:30 DEBUG 54142 --- [UIdashboard] [scheduling-1] c.ceadar.uidashboard.schedule.Scheduler  : task 131 , Task 131 is updated
2024-08-25T11:39:52.496+03:30  INFO 54142 --- [UIdashboard] [scheduling-1] c.c.uidashboard.schedule.SchedulerUtil   : Generated number for assigning a status to a task: 4
2024-08-25T11:39:52.496+03:30  INFO 54142 --- [UIdashboard] [scheduling-1] c.c.uidashboard.service.TaskService      : updating, task id: 132
2024-08-25T11:39:52.496+03:30 DEBUG 54142 --- [UIdashboard] [scheduling-1] c.ceadar.uidashboard.schedule.Scheduler  : task 132 , Task 132 is updated
2024-08-25T11:39:54.113+03:30  INFO 54142 --- [UIdashboard] [http-nio-8081-exec-5] c.c.u.controller.TaskController          : get AllTasks method is called in controller, 132 tasks found
2024-08-25T11:40:19.485+03:30  INFO 54142 --- [UIdashboard] [scheduling-1] c.ceadar.uidashboard.schedule.Scheduler  : add new batch task to database at 2024-08-25T11:40:19.485879
2024-08-25T11:40:19.493+03:30  INFO 54142 --- [UIdashboard] [scheduling-1] c.c.uidashboard.schedule.SchedulerUtil   : Generating new tasks
2024-08-25T11:40:19.493+03:30  INFO 54142 --- [UIdashboard] [scheduling-1] c.c.uidashboard.schedule.SchedulerUtil   : Generated number for assigning a status to a task: 0
2024-08-25T11:40:19.494+03:30  INFO 54142 --- [UIdashboard] [scheduling-1] c.c.uidashboard.schedule.SchedulerUtil   : Random LocalDateTime created for field CreateAt
2024-08-25T11:40:19.494+03:30  INFO 54142 --- [UIdashboard] [scheduling-1] c.c.uidashboard.schedule.SchedulerUtil   : Generated number for assigning a status to a task: 0
2024-08-25T11:40:19.494+03:30  INFO 54142 --- [UIdashboard] [scheduling-1] c.c.uidashboard.schedule.SchedulerUtil   : Random LocalDateTime created for field CreateAt
2024-08-25T11:40:19.494+03:30  INFO 54142 --- [UIdashboard] [scheduling-1] c.c.uidashboard.schedule.SchedulerUtil   : Generated number for assigning a status to a task: 1
2024-08-25T11:40:19.494+03:30  INFO 54142 --- [UIdashboard] [scheduling-1] c.c.uidashboard.schedule.SchedulerUtil   : Random LocalDateTime created for field CreateAt
2024-08-25T11:40:19.494+03:30  INFO 54142 --- [UIdashboard] [scheduling-1] c.c.uidashboard.schedule.SchedulerUtil   : Generated number for assigning a status to a task: 3
2024-08-25T11:40:19.494+03:30  INFO 54142 --- [UIdashboard] [scheduling-1] c.c.uidashboard.schedule.SchedulerUtil   : Random LocalDateTime created for field CreateAt
2024-08-25T11:40:19.495+03:30  INFO 54142 --- [UIdashboard] [scheduling-1] c.ceadar.uidashboard.schedule.Scheduler  : add new batch task finished at 2024-08-25T11:40:19.495461
2024-08-25T11:40:52.489+03:30  INFO 54142 --- [UIdashboard] [scheduling-1] c.ceadar.uidashboard.schedule.Scheduler  : tasks fetching from database for update, count: 11
2024-08-25T11:40:52.490+03:30  INFO 54142 --- [UIdashboard] [scheduling-1] c.c.uidashboard.schedule.SchedulerUtil   : Generated number for assigning a status to a task: 1
2024-08-25T11:40:52.490+03:30  INFO 54142 --- [UIdashboard] [scheduling-1] c.c.uidashboard.service.TaskService      : updating, task id: 120
2024-08-25T11:40:52.491+03:30 DEBUG 54142 --- [UIdashboard] [scheduling-1] c.ceadar.uidashboard.schedule.Scheduler  : task 120 , Task 120 is updated
2024-08-25T11:40:52.491+03:30  INFO 54142 --- [UIdashboard] [scheduling-1] c.c.uidashboard.schedule.SchedulerUtil   : Generated number for assigning a status to a task: 3
2024-08-25T11:40:52.491+03:30  INFO 54142 --- [UIdashboard] [scheduling-1] c.c.uidashboard.service.TaskService      : updating, task id: 123
2024-08-25T11:40:52.492+03:30 DEBUG 54142 --- [UIdashboard] [scheduling-1] c.ceadar.uidashboard.schedule.Scheduler  : task 123 , Task 123 is updated
2024-08-25T11:40:52.492+03:30  INFO 54142 --- [UIdashboard] [scheduling-1] c.c.uidashboard.schedule.SchedulerUtil   : Generated number for assigning a status to a task: 4
2024-08-25T11:40:52.492+03:30  INFO 54142 --- [UIdashboard] [scheduling-1] c.c.uidashboard.service.TaskService      : updating, task id: 125
2024-08-25T11:40:52.492+03:30 DEBUG 54142 --- [UIdashboard] [scheduling-1] c.ceadar.uidashboard.schedule.Scheduler  : task 125 , Task 125 is updated
2024-08-25T11:40:52.492+03:30  INFO 54142 --- [UIdashboard] [scheduling-1] c.c.uidashboard.schedule.SchedulerUtil   : Generated number for assigning a status to a task: 0
2024-08-25T11:40:52.492+03:30  INFO 54142 --- [UIdashboard] [scheduling-1] c.c.uidashboard.service.TaskService      : updating, task id: 126
2024-08-25T11:40:52.493+03:30 DEBUG 54142 --- [UIdashboard] [scheduling-1] c.ceadar.uidashboard.schedule.Scheduler  : task 126 , Task 126 is updated
2024-08-25T11:40:52.493+03:30  INFO 54142 --- [UIdashboard] [scheduling-1] c.c.uidashboard.schedule.SchedulerUtil   : Generated number for assigning a status to a task: 2
2024-08-25T11:40:52.493+03:30  INFO 54142 --- [UIdashboard] [scheduling-1] c.c.uidashboard.service.TaskService      : updating, task id: 128
2024-08-25T11:40:52.493+03:30 DEBUG 54142 --- [UIdashboard] [scheduling-1] c.ceadar.uidashboard.schedule.Scheduler  : task 128 , Task 128 is updated
2024-08-25T11:40:52.493+03:30  INFO 54142 --- [UIdashboard] [scheduling-1] c.c.uidashboard.schedule.SchedulerUtil   : Generated number for assigning a status to a task: 1
2024-08-25T11:40:52.493+03:30  INFO 54142 --- [UIdashboard] [scheduling-1] c.c.uidashboard.service.TaskService      : updating, task id: 129
2024-08-25T11:40:52.493+03:30 DEBUG 54142 --- [UIdashboard] [scheduling-1] c.ceadar.uidashboard.schedule.Scheduler  : task 129 , Task 129 is updated
2024-08-25T11:40:52.493+03:30  INFO 54142 --- [UIdashboard] [scheduling-1] c.c.uidashboard.schedule.SchedulerUtil   : Generated number for assigning a status to a task: 1
2024-08-25T11:40:52.493+03:30  INFO 54142 --- [UIdashboard] [scheduling-1] c.c.uidashboard.service.TaskService      : updating, task id: 130
2024-08-25T11:40:52.493+03:30 DEBUG 54142 --- [UIdashboard] [scheduling-1] c.ceadar.uidashboard.schedule.Scheduler  : task 130 , Task 130 is updated
2024-08-25T11:40:52.493+03:30  INFO 54142 --- [UIdashboard] [scheduling-1] c.c.uidashboard.schedule.SchedulerUtil   : Generated number for assigning a status to a task: 0
2024-08-25T11:40:52.493+03:30  INFO 54142 --- [UIdashboard] [scheduling-1] c.c.uidashboard.service.TaskService      : updating, task id: 133
2024-08-25T11:40:52.494+03:30 DEBUG 54142 --- [UIdashboard] [scheduling-1] c.ceadar.uidashboard.schedule.Scheduler  : task 133 , Task 133 is updated
2024-08-25T11:40:52.494+03:30  INFO 54142 --- [UIdashboard] [scheduling-1] c.c.uidashboard.schedule.SchedulerUtil   : Generated number for assigning a status to a task: 2
2024-08-25T11:40:52.494+03:30  INFO 54142 --- [UIdashboard] [scheduling-1] c.c.uidashboard.service.TaskService      : updating, task id: 134
2024-08-25T11:40:52.494+03:30 DEBUG 54142 --- [UIdashboard] [scheduling-1] c.ceadar.uidashboard.schedule.Scheduler  : task 134 , Task 134 is updated
2024-08-25T11:40:52.494+03:30  INFO 54142 --- [UIdashboard] [scheduling-1] c.c.uidashboard.schedule.SchedulerUtil   : Generated number for assigning a status to a task: 4
2024-08-25T11:40:52.494+03:30  INFO 54142 --- [UIdashboard] [scheduling-1] c.c.uidashboard.service.TaskService      : updating, task id: 135
2024-08-25T11:40:52.494+03:30 DEBUG 54142 --- [UIdashboard] [scheduling-1] c.ceadar.uidashboard.schedule.Scheduler  : task 135 , Task 135 is updated
2024-08-25T11:40:52.494+03:30  INFO 54142 --- [UIdashboard] [scheduling-1] c.c.uidashboard.schedule.SchedulerUtil   : Generated number for assigning a status to a task: 4
2024-08-25T11:40:52.494+03:30  INFO 54142 --- [UIdashboard] [scheduling-1] c.c.uidashboard.service.TaskService      : updating, task id: 136
2024-08-25T11:40:52.495+03:30 DEBUG 54142 --- [UIdashboard] [scheduling-1] c.ceadar.uidashboard.schedule.Scheduler  : task 136 , Task 136 is updated
2024-08-25T11:41:18.489+03:30  INFO 54142 --- [UIdashboard] [scheduling-1] c.ceadar.uidashboard.schedule.Scheduler  : add new batch task to database at 2024-08-25T11:41:18.489539
2024-08-25T11:41:18.497+03:30  INFO 54142 --- [UIdashboard] [scheduling-1] c.c.uidashboard.schedule.SchedulerUtil   : Generating new tasks
2024-08-25T11:41:18.499+03:30  INFO 54142 --- [UIdashboard] [scheduling-1] c.c.uidashboard.schedule.SchedulerUtil   : Generated number for assigning a status to a task: 0
2024-08-25T11:41:18.499+03:30  INFO 54142 --- [UIdashboard] [scheduling-1] c.c.uidashboard.schedule.SchedulerUtil   : Random LocalDateTime created for field CreateAt
2024-08-25T11:41:18.499+03:30  INFO 54142 --- [UIdashboard] [scheduling-1] c.c.uidashboard.schedule.SchedulerUtil   : Generated number for assigning a status to a task: 3
2024-08-25T11:41:18.499+03:30  INFO 54142 --- [UIdashboard] [scheduling-1] c.c.uidashboard.schedule.SchedulerUtil   : Random LocalDateTime created for field CreateAt
2024-08-25T11:41:18.499+03:30  INFO 54142 --- [UIdashboard] [scheduling-1] c.c.uidashboard.schedule.SchedulerUtil   : Generated number for assigning a status to a task: 2
2024-08-25T11:41:18.499+03:30  INFO 54142 --- [UIdashboard] [scheduling-1] c.c.uidashboard.schedule.SchedulerUtil   : Random LocalDateTime created for field CreateAt
2024-08-25T11:41:18.499+03:30  INFO 54142 --- [UIdashboard] [scheduling-1] c.c.uidashboard.schedule.SchedulerUtil   : Generated number for assigning a status to a task: 2
2024-08-25T11:41:18.499+03:30  INFO 54142 --- [UIdashboard] [scheduling-1] c.c.uidashboard.schedule.SchedulerUtil   : Random LocalDateTime created for field CreateAt
2024-08-25T11:41:18.501+03:30  INFO 54142 --- [UIdashboard] [scheduling-1] c.ceadar.uidashboard.schedule.Scheduler  : add new batch task finished at 2024-08-25T11:41:18.500998
2024-08-25T11:41:43.593+03:30  INFO 54142 --- [UIdashboard] [SpringApplicationShutdownHook] j.LocalContainerEntityManagerFactoryBean : Closing JPA EntityManagerFactory for persistence unit 'default'
2024-08-25T11:41:43.598+03:30  INFO 54142 --- [UIdashboard] [SpringApplicationShutdownHook] com.zaxxer.hikari.HikariDataSource       : HikariPool-1 - Shutdown initiated...
2024-08-25T11:41:43.600+03:30  INFO 54142 --- [UIdashboard] [SpringApplicationShutdownHook] com.zaxxer.hikari.HikariDataSource       : HikariPool-1 - Shutdown completed.
2024-08-25T11:41:46.395+03:30  INFO 54608 --- [UIdashboard] [main] c.c.uidashboard.UIdashboardApplication   : Starting UIdashboardApplication using Java 21.0.3 with PID 54608 (/Users/Admin/Documents/JavaProjects/UIdashboard/target/classes started by Admin in /Users/Admin/Documents/JavaProjects/UIdashboard)
2024-08-25T11:41:46.395+03:30 DEBUG 54608 --- [UIdashboard] [main] c.c.uidashboard.UIdashboardApplication   : Running with Spring Boot v3.3.2, Spring v6.1.11
2024-08-25T11:41:46.396+03:30  INFO 54608 --- [UIdashboard] [main] c.c.uidashboard.UIdashboardApplication   : The following 1 profile is active: "docker"
2024-08-25T11:41:46.671+03:30  INFO 54608 --- [UIdashboard] [main] .s.d.r.c.RepositoryConfigurationDelegate : Bootstrapping Spring Data JPA repositories in DEFAULT mode.
2024-08-25T11:41:46.697+03:30  INFO 54608 --- [UIdashboard] [main] .s.d.r.c.RepositoryConfigurationDelegate : Finished Spring Data repository scanning in 22 ms. Found 1 JPA repository interface.
2024-08-25T11:41:46.916+03:30  INFO 54608 --- [UIdashboard] [main] o.s.b.w.embedded.tomcat.TomcatWebServer  : Tomcat initialized with port 8081 (http)
2024-08-25T11:41:46.921+03:30  INFO 54608 --- [UIdashboard] [main] o.apache.catalina.core.StandardService   : Starting service [Tomcat]
2024-08-25T11:41:46.922+03:30  INFO 54608 --- [UIdashboard] [main] o.apache.catalina.core.StandardEngine    : Starting Servlet engine: [Apache Tomcat/10.1.26]
2024-08-25T11:41:46.941+03:30  INFO 54608 --- [UIdashboard] [main] o.a.c.c.C.[Tomcat].[localhost].[/]       : Initializing Spring embedded WebApplicationContext
2024-08-25T11:41:46.942+03:30  INFO 54608 --- [UIdashboard] [main] w.s.c.ServletWebServerApplicationContext : Root WebApplicationContext: initialization completed in 527 ms
2024-08-25T11:41:46.956+03:30  INFO 54608 --- [UIdashboard] [main] com.zaxxer.hikari.HikariDataSource       : HikariPool-1 - Starting...
2024-08-25T11:41:47.046+03:30  INFO 54608 --- [UIdashboard] [main] com.zaxxer.hikari.pool.HikariPool        : HikariPool-1 - Added connection conn0: url=jdbc:h2:mem:testdb user=SA
2024-08-25T11:41:47.047+03:30  INFO 54608 --- [UIdashboard] [main] com.zaxxer.hikari.HikariDataSource       : HikariPool-1 - Start completed.
2024-08-25T11:41:47.052+03:30  INFO 54608 --- [UIdashboard] [main] o.s.b.a.h2.H2ConsoleAutoConfiguration    : H2 console available at '/h2-console'. Database available at 'jdbc:h2:mem:testdb'
2024-08-25T11:41:47.112+03:30  INFO 54608 --- [UIdashboard] [main] o.hibernate.jpa.internal.util.LogHelper  : HHH000204: Processing PersistenceUnitInfo [name: default]
2024-08-25T11:41:47.146+03:30  INFO 54608 --- [UIdashboard] [main] org.hibernate.Version                    : HHH000412: Hibernate ORM core version 6.5.2.Final
2024-08-25T11:41:47.163+03:30  INFO 54608 --- [UIdashboard] [main] o.h.c.internal.RegionFactoryInitiator    : HHH000026: Second-level cache disabled
2024-08-25T11:41:47.310+03:30  INFO 54608 --- [UIdashboard] [main] o.s.o.j.p.SpringPersistenceUnitInfo      : No LoadTimeWeaver setup: ignoring JPA class transformer
2024-08-25T11:41:47.333+03:30  WARN 54608 --- [UIdashboard] [main] org.hibernate.orm.deprecation            : HHH90000025: H2Dialect does not need to be specified explicitly using 'hibernate.dialect' (remove the property setting and it will be selected by default)
2024-08-25T11:41:47.734+03:30  INFO 54608 --- [UIdashboard] [main] o.h.e.t.j.p.i.JtaPlatformInitiator       : HHH000489: No JTA platform available (set 'hibernate.transaction.jta.platform' to enable JTA platform integration)
2024-08-25T11:41:47.754+03:30  INFO 54608 --- [UIdashboard] [main] j.LocalContainerEntityManagerFactoryBean : Initialized JPA EntityManagerFactory for persistence unit 'default'
2024-08-25T11:41:47.911+03:30  WARN 54608 --- [UIdashboard] [main] JpaBaseConfiguration$JpaWebConfiguration : spring.jpa.open-in-view is enabled by default. Therefore, database queries may be performed during view rendering. Explicitly configure spring.jpa.open-in-view to disable this warning
2024-08-25T11:41:48.090+03:30  INFO 54608 --- [UIdashboard] [main] o.s.b.w.embedded.tomcat.TomcatWebServer  : Tomcat started on port 8081 (http) with context path '/'
2024-08-25T11:41:48.095+03:30  INFO 54608 --- [UIdashboard] [main] c.c.uidashboard.UIdashboardApplication   : Started UIdashboardApplication in 1.869 seconds (process running for 2.137)
2024-08-25T11:41:48.097+03:30  INFO 54608 --- [UIdashboard] [main] c.c.u.schedule.StartupListener           : Running tasks from CommandLineRunner...
2024-08-25T11:41:48.098+03:30  INFO 54608 --- [UIdashboard] [main] c.c.u.schedule.StartupListener           : creating new tasks and put them in database at 2024-08-25T11:41:48.098083
2024-08-25T11:41:48.098+03:30  INFO 54608 --- [UIdashboard] [scheduling-1] c.ceadar.uidashboard.schedule.Scheduler  : add new batch task to database at 2024-08-25T11:41:48.098124
2024-08-25T11:41:48.098+03:30  INFO 54608 --- [UIdashboard] [main] c.c.uidashboard.schedule.SchedulerUtil   : generate new task
2024-08-25T11:41:48.160+03:30  INFO 54608 --- [UIdashboard] [scheduling-1] c.ceadar.uidashboard.schedule.Scheduler  : add new batch task finished at 2024-08-25T11:41:48.160772
2024-08-25T11:41:48.190+03:30  INFO 54608 --- [UIdashboard] [scheduling-1] c.ceadar.uidashboard.schedule.Scheduler  : tasks fetching from database for update, count: 0
2024-08-25T11:41:48.229+03:30  INFO 54608 --- [UIdashboard] [main] c.c.uidashboard.schedule.SchedulerUtil   : Generated number for assigning a status to a task: 2
2024-08-25T11:41:48.229+03:30  INFO 54608 --- [UIdashboard] [main] c.c.uidashboard.schedule.SchedulerUtil   : Random LocalDateTime created for field CreateAt
2024-08-25T11:41:48.229+03:30  INFO 54608 --- [UIdashboard] [main] c.c.uidashboard.schedule.SchedulerUtil   : Generated number for assigning a status to a task: 4
2024-08-25T11:41:48.229+03:30  INFO 54608 --- [UIdashboard] [main] c.c.uidashboard.schedule.SchedulerUtil   : Random LocalDateTime created for field CreateAt
2024-08-25T11:41:48.229+03:30  INFO 54608 --- [UIdashboard] [main] c.c.uidashboard.schedule.SchedulerUtil   : Generated number for assigning a status to a task: 2
2024-08-25T11:41:48.229+03:30  INFO 54608 --- [UIdashboard] [main] c.c.uidashboard.schedule.SchedulerUtil   : Random LocalDateTime created for field CreateAt
2024-08-25T11:41:48.229+03:30  INFO 54608 --- [UIdashboard] [main] c.c.uidashboard.schedule.SchedulerUtil   : Generated number for assigning a status to a task: 4
2024-08-25T11:41:48.229+03:30  INFO 54608 --- [UIdashboard] [main] c.c.uidashboard.schedule.SchedulerUtil   : Random LocalDateTime created for field CreateAt
2024-08-25T11:41:48.246+03:30  INFO 54608 --- [UIdashboard] [main] c.c.u.schedule.StartupListener           : Application is ready. initial new Tasks...
2024-08-25T11:41:48.249+03:30  INFO 54608 --- [UIdashboard] [main] c.c.u.schedule.StartupListener           : new task: Task 1
2024-08-25T11:41:48.249+03:30  INFO 54608 --- [UIdashboard] [main] c.c.u.schedule.StartupListener           : new task: Task 2
2024-08-25T11:41:48.249+03:30  INFO 54608 --- [UIdashboard] [main] c.c.u.schedule.StartupListener           : new task: Task 3
2024-08-25T11:41:48.249+03:30  INFO 54608 --- [UIdashboard] [main] c.c.u.schedule.StartupListener           : new task: Task 4
2024-08-25T11:41:54.152+03:30  INFO 54608 --- [UIdashboard] [http-nio-8081-exec-1] o.a.c.c.C.[Tomcat].[localhost].[/]       : Initializing Spring DispatcherServlet 'dispatcherServlet'
2024-08-25T11:41:54.152+03:30  INFO 54608 --- [UIdashboard] [http-nio-8081-exec-1] o.s.web.servlet.DispatcherServlet        : Initializing Servlet 'dispatcherServlet'
2024-08-25T11:41:54.153+03:30  INFO 54608 --- [UIdashboard] [http-nio-8081-exec-1] o.s.web.servlet.DispatcherServlet        : Completed initialization in 1 ms
2024-08-25T11:41:54.176+03:30  INFO 54608 --- [UIdashboard] [http-nio-8081-exec-1] c.c.u.controller.TaskController          : get AllTasks method is called in controller, 4 tasks found
2024-08-25T11:42:47.098+03:30  INFO 54608 --- [UIdashboard] [scheduling-1] c.ceadar.uidashboard.schedule.Scheduler  : add new batch task to database at 2024-08-25T11:42:47.098064
2024-08-25T11:42:47.106+03:30  INFO 54608 --- [UIdashboard] [scheduling-1] c.c.uidashboard.schedule.SchedulerUtil   : generate new task
2024-08-25T11:42:47.110+03:30  INFO 54608 --- [UIdashboard] [scheduling-1] c.c.uidashboard.schedule.SchedulerUtil   : Generated number for assigning a status to a task: 4
2024-08-25T11:42:47.110+03:30  INFO 54608 --- [UIdashboard] [scheduling-1] c.c.uidashboard.schedule.SchedulerUtil   : Random LocalDateTime created for field CreateAt
2024-08-25T11:42:47.110+03:30  INFO 54608 --- [UIdashboard] [scheduling-1] c.c.uidashboard.schedule.SchedulerUtil   : Generated number for assigning a status to a task: 1
2024-08-25T11:42:47.110+03:30  INFO 54608 --- [UIdashboard] [scheduling-1] c.c.uidashboard.schedule.SchedulerUtil   : Random LocalDateTime created for field CreateAt
2024-08-25T11:42:47.110+03:30  INFO 54608 --- [UIdashboard] [scheduling-1] c.c.uidashboard.schedule.SchedulerUtil   : Generated number for assigning a status to a task: 2
2024-08-25T11:42:47.110+03:30  INFO 54608 --- [UIdashboard] [scheduling-1] c.c.uidashboard.schedule.SchedulerUtil   : Random LocalDateTime created for field CreateAt
2024-08-25T11:42:47.110+03:30  INFO 54608 --- [UIdashboard] [scheduling-1] c.c.uidashboard.schedule.SchedulerUtil   : Generated number for assigning a status to a task: 0
2024-08-25T11:42:47.110+03:30  INFO 54608 --- [UIdashboard] [scheduling-1] c.c.uidashboard.schedule.SchedulerUtil   : Random LocalDateTime created for field CreateAt
2024-08-25T11:42:47.113+03:30  INFO 54608 --- [UIdashboard] [scheduling-1] c.ceadar.uidashboard.schedule.Scheduler  : add new batch task finished at 2024-08-25T11:42:47.113618
2024-08-25T11:42:48.107+03:30  INFO 54608 --- [UIdashboard] [scheduling-1] c.ceadar.uidashboard.schedule.Scheduler  : tasks fetching from database for update, count: 8
2024-08-25T11:42:48.108+03:30  INFO 54608 --- [UIdashboard] [scheduling-1] c.c.uidashboard.schedule.SchedulerUtil   : Generated number for assigning a status to a task: 3
2024-08-25T11:42:48.109+03:30  INFO 54608 --- [UIdashboard] [scheduling-1] c.c.uidashboard.service.TaskService      : updating, task id: 1
2024-08-25T11:42:48.127+03:30 DEBUG 54608 --- [UIdashboard] [scheduling-1] c.ceadar.uidashboard.schedule.Scheduler  : task 1 , Task 1 is updated
2024-08-25T11:42:48.127+03:30  INFO 54608 --- [UIdashboard] [scheduling-1] c.c.uidashboard.schedule.SchedulerUtil   : Generated number for assigning a status to a task: 3
2024-08-25T11:42:48.127+03:30  INFO 54608 --- [UIdashboard] [scheduling-1] c.c.uidashboard.service.TaskService      : updating, task id: 2
2024-08-25T11:42:48.129+03:30 DEBUG 54608 --- [UIdashboard] [scheduling-1] c.ceadar.uidashboard.schedule.Scheduler  : task 2 , Task 2 is updated
2024-08-25T11:42:48.129+03:30  INFO 54608 --- [UIdashboard] [scheduling-1] c.c.uidashboard.schedule.SchedulerUtil   : Generated number for assigning a status to a task: 1
2024-08-25T11:42:48.129+03:30  INFO 54608 --- [UIdashboard] [scheduling-1] c.c.uidashboard.service.TaskService      : updating, task id: 3
2024-08-25T11:42:48.130+03:30 DEBUG 54608 --- [UIdashboard] [scheduling-1] c.ceadar.uidashboard.schedule.Scheduler  : task 3 , Task 3 is updated
2024-08-25T11:42:48.130+03:30  INFO 54608 --- [UIdashboard] [scheduling-1] c.c.uidashboard.schedule.SchedulerUtil   : Generated number for assigning a status to a task: 4
2024-08-25T11:42:48.130+03:30  INFO 54608 --- [UIdashboard] [scheduling-1] c.c.uidashboard.service.TaskService      : updating, task id: 4
2024-08-25T11:42:48.131+03:30 DEBUG 54608 --- [UIdashboard] [scheduling-1] c.ceadar.uidashboard.schedule.Scheduler  : task 4 , Task 4 is updated
2024-08-25T11:42:48.131+03:30  INFO 54608 --- [UIdashboard] [scheduling-1] c.c.uidashboard.schedule.SchedulerUtil   : Generated number for assigning a status to a task: 4
2024-08-25T11:42:48.131+03:30  INFO 54608 --- [UIdashboard] [scheduling-1] c.c.uidashboard.service.TaskService      : updating, task id: 5
2024-08-25T11:42:48.132+03:30 DEBUG 54608 --- [UIdashboard] [scheduling-1] c.ceadar.uidashboard.schedule.Scheduler  : task 5 , Task 5 is updated
2024-08-25T11:42:48.132+03:30  INFO 54608 --- [UIdashboard] [scheduling-1] c.c.uidashboard.schedule.SchedulerUtil   : Generated number for assigning a status to a task: 2
2024-08-25T11:42:48.132+03:30  INFO 54608 --- [UIdashboard] [scheduling-1] c.c.uidashboard.service.TaskService      : updating, task id: 6
2024-08-25T11:42:48.133+03:30 DEBUG 54608 --- [UIdashboard] [scheduling-1] c.ceadar.uidashboard.schedule.Scheduler  : task 6 , Task 6 is updated
2024-08-25T11:42:48.134+03:30  INFO 54608 --- [UIdashboard] [scheduling-1] c.c.uidashboard.schedule.SchedulerUtil   : Generated number for assigning a status to a task: 2
2024-08-25T11:42:48.134+03:30  INFO 54608 --- [UIdashboard] [scheduling-1] c.c.uidashboard.service.TaskService      : updating, task id: 7
2024-08-25T11:42:48.134+03:30 DEBUG 54608 --- [UIdashboard] [scheduling-1] c.ceadar.uidashboard.schedule.Scheduler  : task 7 , Task 7 is updated
2024-08-25T11:42:48.134+03:30  INFO 54608 --- [UIdashboard] [scheduling-1] c.c.uidashboard.schedule.SchedulerUtil   : Generated number for assigning a status to a task: 2
2024-08-25T11:42:48.134+03:30  INFO 54608 --- [UIdashboard] [scheduling-1] c.c.uidashboard.service.TaskService      : updating, task id: 8
2024-08-25T11:42:48.135+03:30 DEBUG 54608 --- [UIdashboard] [scheduling-1] c.ceadar.uidashboard.schedule.Scheduler  : task 8 , Task 8 is updated
2024-08-25T11:43:46.098+03:30  INFO 54608 --- [UIdashboard] [scheduling-1] c.ceadar.uidashboard.schedule.Scheduler  : add new batch task to database at 2024-08-25T11:43:46.098257
2024-08-25T11:43:46.106+03:30  INFO 54608 --- [UIdashboard] [scheduling-1] c.c.uidashboard.schedule.SchedulerUtil   : generate new task
2024-08-25T11:43:46.107+03:30  INFO 54608 --- [UIdashboard] [scheduling-1] c.c.uidashboard.schedule.SchedulerUtil   : Generated number for assigning a status to a task: 4
2024-08-25T11:43:46.107+03:30  INFO 54608 --- [UIdashboard] [scheduling-1] c.c.uidashboard.schedule.SchedulerUtil   : Random LocalDateTime created for field CreateAt
2024-08-25T11:43:46.107+03:30  INFO 54608 --- [UIdashboard] [scheduling-1] c.c.uidashboard.schedule.SchedulerUtil   : Generated number for assigning a status to a task: 3
2024-08-25T11:43:46.107+03:30  INFO 54608 --- [UIdashboard] [scheduling-1] c.c.uidashboard.schedule.SchedulerUtil   : Random LocalDateTime created for field CreateAt
2024-08-25T11:43:46.108+03:30  INFO 54608 --- [UIdashboard] [scheduling-1] c.c.uidashboard.schedule.SchedulerUtil   : Generated number for assigning a status to a task: 4
2024-08-25T11:43:46.108+03:30  INFO 54608 --- [UIdashboard] [scheduling-1] c.c.uidashboard.schedule.SchedulerUtil   : Random LocalDateTime created for field CreateAt
2024-08-25T11:43:46.108+03:30  INFO 54608 --- [UIdashboard] [scheduling-1] c.c.uidashboard.schedule.SchedulerUtil   : Generated number for assigning a status to a task: 4
2024-08-25T11:43:46.108+03:30  INFO 54608 --- [UIdashboard] [scheduling-1] c.c.uidashboard.schedule.SchedulerUtil   : Random LocalDateTime created for field CreateAt
2024-08-25T11:43:46.110+03:30  INFO 54608 --- [UIdashboard] [scheduling-1] c.ceadar.uidashboard.schedule.Scheduler  : add new batch task finished at 2024-08-25T11:43:46.110720
2024-08-25T11:43:48.102+03:30  INFO 54608 --- [UIdashboard] [scheduling-1] c.ceadar.uidashboard.schedule.Scheduler  : tasks fetching from database for update, count: 8
2024-08-25T11:43:48.103+03:30  INFO 54608 --- [UIdashboard] [scheduling-1] c.c.uidashboard.schedule.SchedulerUtil   : Generated number for assigning a status to a task: 1
2024-08-25T11:43:48.103+03:30  INFO 54608 --- [UIdashboard] [scheduling-1] c.c.uidashboard.service.TaskService      : updating, task id: 3
2024-08-25T11:43:48.105+03:30 DEBUG 54608 --- [UIdashboard] [scheduling-1] c.ceadar.uidashboard.schedule.Scheduler  : task 3 , Task 3 is updated
2024-08-25T11:43:48.105+03:30  INFO 54608 --- [UIdashboard] [scheduling-1] c.c.uidashboard.schedule.SchedulerUtil   : Generated number for assigning a status to a task: 1
2024-08-25T11:43:48.105+03:30  INFO 54608 --- [UIdashboard] [scheduling-1] c.c.uidashboard.service.TaskService      : updating, task id: 6
2024-08-25T11:43:48.107+03:30 DEBUG 54608 --- [UIdashboard] [scheduling-1] c.ceadar.uidashboard.schedule.Scheduler  : task 6 , Task 6 is updated
2024-08-25T11:43:48.107+03:30  INFO 54608 --- [UIdashboard] [scheduling-1] c.c.uidashboard.schedule.SchedulerUtil   : Generated number for assigning a status to a task: 0
2024-08-25T11:43:48.107+03:30  INFO 54608 --- [UIdashboard] [scheduling-1] c.c.uidashboard.service.TaskService      : updating, task id: 7
2024-08-25T11:43:48.108+03:30 DEBUG 54608 --- [UIdashboard] [scheduling-1] c.ceadar.uidashboard.schedule.Scheduler  : task 7 , Task 7 is updated
2024-08-25T11:43:48.108+03:30  INFO 54608 --- [UIdashboard] [scheduling-1] c.c.uidashboard.schedule.SchedulerUtil   : Generated number for assigning a status to a task: 3
2024-08-25T11:43:48.108+03:30  INFO 54608 --- [UIdashboard] [scheduling-1] c.c.uidashboard.service.TaskService      : updating, task id: 8
2024-08-25T11:43:48.110+03:30 DEBUG 54608 --- [UIdashboard] [scheduling-1] c.ceadar.uidashboard.schedule.Scheduler  : task 8 , Task 8 is updated
2024-08-25T11:43:48.110+03:30  INFO 54608 --- [UIdashboard] [scheduling-1] c.c.uidashboard.schedule.SchedulerUtil   : Generated number for assigning a status to a task: 3
2024-08-25T11:43:48.110+03:30  INFO 54608 --- [UIdashboard] [scheduling-1] c.c.uidashboard.service.TaskService      : updating, task id: 9
2024-08-25T11:43:48.111+03:30 DEBUG 54608 --- [UIdashboard] [scheduling-1] c.ceadar.uidashboard.schedule.Scheduler  : task 9 , Task 9 is updated
2024-08-25T11:43:48.111+03:30  INFO 54608 --- [UIdashboard] [scheduling-1] c.c.uidashboard.schedule.SchedulerUtil   : Generated number for assigning a status to a task: 0
2024-08-25T11:43:48.111+03:30  INFO 54608 --- [UIdashboard] [scheduling-1] c.c.uidashboard.service.TaskService      : updating, task id: 10
2024-08-25T11:43:48.113+03:30 DEBUG 54608 --- [UIdashboard] [scheduling-1] c.ceadar.uidashboard.schedule.Scheduler  : task 10 , Task 10 is updated
2024-08-25T11:43:48.113+03:30  INFO 54608 --- [UIdashboard] [scheduling-1] c.c.uidashboard.schedule.SchedulerUtil   : Generated number for assigning a status to a task: 1
2024-08-25T11:43:48.113+03:30  INFO 54608 --- [UIdashboard] [scheduling-1] c.c.uidashboard.service.TaskService      : updating, task id: 11
2024-08-25T11:43:48.114+03:30 DEBUG 54608 --- [UIdashboard] [scheduling-1] c.ceadar.uidashboard.schedule.Scheduler  : task 11 , Task 11 is updated
2024-08-25T11:43:48.114+03:30  INFO 54608 --- [UIdashboard] [scheduling-1] c.c.uidashboard.schedule.SchedulerUtil   : Generated number for assigning a status to a task: 1
2024-08-25T11:43:48.114+03:30  INFO 54608 --- [UIdashboard] [scheduling-1] c.c.uidashboard.service.TaskService      : updating, task id: 12
2024-08-25T11:43:48.115+03:30 DEBUG 54608 --- [UIdashboard] [scheduling-1] c.ceadar.uidashboard.schedule.Scheduler  : task 12 , Task 12 is updated
2024-08-25T11:43:54.117+03:30  INFO 54608 --- [UIdashboard] [http-nio-8081-exec-3] c.c.u.controller.TaskController          : get AllTasks method is called in controller, 12 tasks found
2024-08-25T11:44:45.100+03:30  INFO 54608 --- [UIdashboard] [scheduling-1] c.ceadar.uidashboard.schedule.Scheduler  : add new batch task to database at 2024-08-25T11:44:45.100727
2024-08-25T11:44:45.109+03:30  INFO 54608 --- [UIdashboard] [scheduling-1] c.c.uidashboard.schedule.SchedulerUtil   : generate new task
2024-08-25T11:44:45.110+03:30  INFO 54608 --- [UIdashboard] [scheduling-1] c.c.uidashboard.schedule.SchedulerUtil   : Generated number for assigning a status to a task: 0
2024-08-25T11:44:45.110+03:30  INFO 54608 --- [UIdashboard] [scheduling-1] c.c.uidashboard.schedule.SchedulerUtil   : Random LocalDateTime created for field CreateAt
2024-08-25T11:44:45.110+03:30  INFO 54608 --- [UIdashboard] [scheduling-1] c.c.uidashboard.schedule.SchedulerUtil   : Generated number for assigning a status to a task: 3
2024-08-25T11:44:45.110+03:30  INFO 54608 --- [UIdashboard] [scheduling-1] c.c.uidashboard.schedule.SchedulerUtil   : Random LocalDateTime created for field CreateAt
2024-08-25T11:44:45.111+03:30  INFO 54608 --- [UIdashboard] [scheduling-1] c.c.uidashboard.schedule.SchedulerUtil   : Generated number for assigning a status to a task: 4
2024-08-25T11:44:45.111+03:30  INFO 54608 --- [UIdashboard] [scheduling-1] c.c.uidashboard.schedule.SchedulerUtil   : Random LocalDateTime created for field CreateAt
2024-08-25T11:44:45.111+03:30  INFO 54608 --- [UIdashboard] [scheduling-1] c.c.uidashboard.schedule.SchedulerUtil   : Generated number for assigning a status to a task: 4
2024-08-25T11:44:45.111+03:30  INFO 54608 --- [UIdashboard] [scheduling-1] c.c.uidashboard.schedule.SchedulerUtil   : Random LocalDateTime created for field CreateAt
2024-08-25T11:44:45.113+03:30  INFO 54608 --- [UIdashboard] [scheduling-1] c.ceadar.uidashboard.schedule.Scheduler  : add new batch task finished at 2024-08-25T11:44:45.113956
2024-08-25T11:44:48.106+03:30  INFO 54608 --- [UIdashboard] [scheduling-1] c.ceadar.uidashboard.schedule.Scheduler  : tasks fetching from database for update, count: 10
2024-08-25T11:44:48.106+03:30  INFO 54608 --- [UIdashboard] [scheduling-1] c.c.uidashboard.schedule.SchedulerUtil   : Generated number for assigning a status to a task: 0
2024-08-25T11:44:48.106+03:30  INFO 54608 --- [UIdashboard] [scheduling-1] c.c.uidashboard.service.TaskService      : updating, task id: 3
2024-08-25T11:44:48.109+03:30 DEBUG 54608 --- [UIdashboard] [scheduling-1] c.ceadar.uidashboard.schedule.Scheduler  : task 3 , Task 3 is updated
2024-08-25T11:44:48.109+03:30  INFO 54608 --- [UIdashboard] [scheduling-1] c.c.uidashboard.schedule.SchedulerUtil   : Generated number for assigning a status to a task: 4
2024-08-25T11:44:48.109+03:30  INFO 54608 --- [UIdashboard] [scheduling-1] c.c.uidashboard.service.TaskService      : updating, task id: 6
2024-08-25T11:44:48.110+03:30 DEBUG 54608 --- [UIdashboard] [scheduling-1] c.ceadar.uidashboard.schedule.Scheduler  : task 6 , Task 6 is updated
2024-08-25T11:44:48.110+03:30  INFO 54608 --- [UIdashboard] [scheduling-1] c.c.uidashboard.schedule.SchedulerUtil   : Generated number for assigning a status to a task: 1
2024-08-25T11:44:48.110+03:30  INFO 54608 --- [UIdashboard] [scheduling-1] c.c.uidashboard.service.TaskService      : updating, task id: 7
2024-08-25T11:44:48.112+03:30 DEBUG 54608 --- [UIdashboard] [scheduling-1] c.ceadar.uidashboard.schedule.Scheduler  : task 7 , Task 7 is updated
2024-08-25T11:44:48.112+03:30  INFO 54608 --- [UIdashboard] [scheduling-1] c.c.uidashboard.schedule.SchedulerUtil   : Generated number for assigning a status to a task: 0
2024-08-25T11:44:48.112+03:30  INFO 54608 --- [UIdashboard] [scheduling-1] c.c.uidashboard.service.TaskService      : updating, task id: 10
2024-08-25T11:44:48.113+03:30 DEBUG 54608 --- [UIdashboard] [scheduling-1] c.ceadar.uidashboard.schedule.Scheduler  : task 10 , Task 10 is updated
2024-08-25T11:44:48.113+03:30  INFO 54608 --- [UIdashboard] [scheduling-1] c.c.uidashboard.schedule.SchedulerUtil   : Generated number for assigning a status to a task: 3
2024-08-25T11:44:48.113+03:30  INFO 54608 --- [UIdashboard] [scheduling-1] c.c.uidashboard.service.TaskService      : updating, task id: 11
2024-08-25T11:44:48.114+03:30 DEBUG 54608 --- [UIdashboard] [scheduling-1] c.ceadar.uidashboard.schedule.Scheduler  : task 11 , Task 11 is updated
2024-08-25T11:44:48.114+03:30  INFO 54608 --- [UIdashboard] [scheduling-1] c.c.uidashboard.schedule.SchedulerUtil   : Generated number for assigning a status to a task: 4
2024-08-25T11:44:48.114+03:30  INFO 54608 --- [UIdashboard] [scheduling-1] c.c.uidashboard.service.TaskService      : updating, task id: 12
2024-08-25T11:44:48.116+03:30 DEBUG 54608 --- [UIdashboard] [scheduling-1] c.ceadar.uidashboard.schedule.Scheduler  : task 12 , Task 12 is updated
2024-08-25T11:44:48.116+03:30  INFO 54608 --- [UIdashboard] [scheduling-1] c.c.uidashboard.schedule.SchedulerUtil   : Generated number for assigning a status to a task: 2
2024-08-25T11:44:48.116+03:30  INFO 54608 --- [UIdashboard] [scheduling-1] c.c.uidashboard.service.TaskService      : updating, task id: 13
2024-08-25T11:44:48.117+03:30 DEBUG 54608 --- [UIdashboard] [scheduling-1] c.ceadar.uidashboard.schedule.Scheduler  : task 13 , Task 13 is updated
2024-08-25T11:44:48.117+03:30  INFO 54608 --- [UIdashboard] [scheduling-1] c.c.uidashboard.schedule.SchedulerUtil   : Generated number for assigning a status to a task: 1
2024-08-25T11:44:48.117+03:30  INFO 54608 --- [UIdashboard] [scheduling-1] c.c.uidashboard.service.TaskService      : updating, task id: 14
2024-08-25T11:44:48.118+03:30 DEBUG 54608 --- [UIdashboard] [scheduling-1] c.ceadar.uidashboard.schedule.Scheduler  : task 14 , Task 14 is updated
2024-08-25T11:44:48.118+03:30  INFO 54608 --- [UIdashboard] [scheduling-1] c.c.uidashboard.schedule.SchedulerUtil   : Generated number for assigning a status to a task: 2
2024-08-25T11:44:48.118+03:30  INFO 54608 --- [UIdashboard] [scheduling-1] c.c.uidashboard.service.TaskService      : updating, task id: 15
2024-08-25T11:44:48.119+03:30 DEBUG 54608 --- [UIdashboard] [scheduling-1] c.ceadar.uidashboard.schedule.Scheduler  : task 15 , Task 15 is updated
2024-08-25T11:44:48.119+03:30  INFO 54608 --- [UIdashboard] [scheduling-1] c.c.uidashboard.schedule.SchedulerUtil   : Generated number for assigning a status to a task: 4
2024-08-25T11:44:48.119+03:30  INFO 54608 --- [UIdashboard] [scheduling-1] c.c.uidashboard.service.TaskService      : updating, task id: 16
2024-08-25T11:44:48.120+03:30 DEBUG 54608 --- [UIdashboard] [scheduling-1] c.ceadar.uidashboard.schedule.Scheduler  : task 16 , Task 16 is updated
2024-08-25T11:45:44.099+03:30  INFO 54608 --- [UIdashboard] [scheduling-1] c.ceadar.uidashboard.schedule.Scheduler  : add new batch task to database at 2024-08-25T11:45:44.099355
2024-08-25T11:45:44.110+03:30  INFO 54608 --- [UIdashboard] [scheduling-1] c.c.uidashboard.schedule.SchedulerUtil   : generate new task
2024-08-25T11:45:44.111+03:30  INFO 54608 --- [UIdashboard] [scheduling-1] c.c.uidashboard.schedule.SchedulerUtil   : Generated number for assigning a status to a task: 3
2024-08-25T11:45:44.111+03:30  INFO 54608 --- [UIdashboard] [scheduling-1] c.c.uidashboard.schedule.SchedulerUtil   : Random LocalDateTime created for field CreateAt
2024-08-25T11:45:44.111+03:30  INFO 54608 --- [UIdashboard] [scheduling-1] c.c.uidashboard.schedule.SchedulerUtil   : Generated number for assigning a status to a task: 0
2024-08-25T11:45:44.111+03:30  INFO 54608 --- [UIdashboard] [scheduling-1] c.c.uidashboard.schedule.SchedulerUtil   : Random LocalDateTime created for field CreateAt
2024-08-25T11:45:44.111+03:30  INFO 54608 --- [UIdashboard] [scheduling-1] c.c.uidashboard.schedule.SchedulerUtil   : Generated number for assigning a status to a task: 2
2024-08-25T11:45:44.111+03:30  INFO 54608 --- [UIdashboard] [scheduling-1] c.c.uidashboard.schedule.SchedulerUtil   : Random LocalDateTime created for field CreateAt
2024-08-25T11:45:44.111+03:30  INFO 54608 --- [UIdashboard] [scheduling-1] c.c.uidashboard.schedule.SchedulerUtil   : Generated number for assigning a status to a task: 1
2024-08-25T11:45:44.111+03:30  INFO 54608 --- [UIdashboard] [scheduling-1] c.c.uidashboard.schedule.SchedulerUtil   : Random LocalDateTime created for field CreateAt
2024-08-25T11:45:44.115+03:30  INFO 54608 --- [UIdashboard] [scheduling-1] c.ceadar.uidashboard.schedule.Scheduler  : add new batch task finished at 2024-08-25T11:45:44.115245
2024-08-25T11:45:48.104+03:30  INFO 54608 --- [UIdashboard] [scheduling-1] c.ceadar.uidashboard.schedule.Scheduler  : tasks fetching from database for update, count: 10
2024-08-25T11:45:48.104+03:30  INFO 54608 --- [UIdashboard] [scheduling-1] c.c.uidashboard.schedule.SchedulerUtil   : Generated number for assigning a status to a task: 4
2024-08-25T11:45:48.105+03:30  INFO 54608 --- [UIdashboard] [scheduling-1] c.c.uidashboard.service.TaskService      : updating, task id: 3
2024-08-25T11:45:48.108+03:30 DEBUG 54608 --- [UIdashboard] [scheduling-1] c.ceadar.uidashboard.schedule.Scheduler  : task 3 , Task 3 is updated
2024-08-25T11:45:48.109+03:30  INFO 54608 --- [UIdashboard] [scheduling-1] c.c.uidashboard.schedule.SchedulerUtil   : Generated number for assigning a status to a task: 1
2024-08-25T11:45:48.109+03:30  INFO 54608 --- [UIdashboard] [scheduling-1] c.c.uidashboard.service.TaskService      : updating, task id: 7
2024-08-25T11:45:48.110+03:30 DEBUG 54608 --- [UIdashboard] [scheduling-1] c.ceadar.uidashboard.schedule.Scheduler  : task 7 , Task 7 is updated
2024-08-25T11:45:48.110+03:30  INFO 54608 --- [UIdashboard] [scheduling-1] c.c.uidashboard.schedule.SchedulerUtil   : Generated number for assigning a status to a task: 0
2024-08-25T11:45:48.110+03:30  INFO 54608 --- [UIdashboard] [scheduling-1] c.c.uidashboard.service.TaskService      : updating, task id: 10
2024-08-25T11:45:48.111+03:30 DEBUG 54608 --- [UIdashboard] [scheduling-1] c.ceadar.uidashboard.schedule.Scheduler  : task 10 , Task 10 is updated
2024-08-25T11:45:48.111+03:30  INFO 54608 --- [UIdashboard] [scheduling-1] c.c.uidashboard.schedule.SchedulerUtil   : Generated number for assigning a status to a task: 0
2024-08-25T11:45:48.111+03:30  INFO 54608 --- [UIdashboard] [scheduling-1] c.c.uidashboard.service.TaskService      : updating, task id: 13
2024-08-25T11:45:48.112+03:30 DEBUG 54608 --- [UIdashboard] [scheduling-1] c.ceadar.uidashboard.schedule.Scheduler  : task 13 , Task 13 is updated
2024-08-25T11:45:48.112+03:30  INFO 54608 --- [UIdashboard] [scheduling-1] c.c.uidashboard.schedule.SchedulerUtil   : Generated number for assigning a status to a task: 4
2024-08-25T11:45:48.112+03:30  INFO 54608 --- [UIdashboard] [scheduling-1] c.c.uidashboard.service.TaskService      : updating, task id: 14
2024-08-25T11:45:48.114+03:30 DEBUG 54608 --- [UIdashboard] [scheduling-1] c.ceadar.uidashboard.schedule.Scheduler  : task 14 , Task 14 is updated
2024-08-25T11:45:48.114+03:30  INFO 54608 --- [UIdashboard] [scheduling-1] c.c.uidashboard.schedule.SchedulerUtil   : Generated number for assigning a status to a task: 2
2024-08-25T11:45:48.114+03:30  INFO 54608 --- [UIdashboard] [scheduling-1] c.c.uidashboard.service.TaskService      : updating, task id: 15
2024-08-25T11:45:48.115+03:30 DEBUG 54608 --- [UIdashboard] [scheduling-1] c.ceadar.uidashboard.schedule.Scheduler  : task 15 , Task 15 is updated
2024-08-25T11:45:48.115+03:30  INFO 54608 --- [UIdashboard] [scheduling-1] c.c.uidashboard.schedule.SchedulerUtil   : Generated number for assigning a status to a task: 2
2024-08-25T11:45:48.115+03:30  INFO 54608 --- [UIdashboard] [scheduling-1] c.c.uidashboard.service.TaskService      : updating, task id: 17
2024-08-25T11:45:48.116+03:30 DEBUG 54608 --- [UIdashboard] [scheduling-1] c.ceadar.uidashboard.schedule.Scheduler  : task 17 , Task 17 is updated
2024-08-25T11:45:48.116+03:30  INFO 54608 --- [UIdashboard] [scheduling-1] c.c.uidashboard.schedule.SchedulerUtil   : Generated number for assigning a status to a task: 0
2024-08-25T11:45:48.116+03:30  INFO 54608 --- [UIdashboard] [scheduling-1] c.c.uidashboard.service.TaskService      : updating, task id: 18
2024-08-25T11:45:48.117+03:30 DEBUG 54608 --- [UIdashboard] [scheduling-1] c.ceadar.uidashboard.schedule.Scheduler  : task 18 , Task 18 is updated
2024-08-25T11:45:48.117+03:30  INFO 54608 --- [UIdashboard] [scheduling-1] c.c.uidashboard.schedule.SchedulerUtil   : Generated number for assigning a status to a task: 4
2024-08-25T11:45:48.117+03:30  INFO 54608 --- [UIdashboard] [scheduling-1] c.c.uidashboard.service.TaskService      : updating, task id: 19
2024-08-25T11:45:48.118+03:30 DEBUG 54608 --- [UIdashboard] [scheduling-1] c.ceadar.uidashboard.schedule.Scheduler  : task 19 , Task 19 is updated
2024-08-25T11:45:48.118+03:30  INFO 54608 --- [UIdashboard] [scheduling-1] c.c.uidashboard.schedule.SchedulerUtil   : Generated number for assigning a status to a task: 4
2024-08-25T11:45:48.118+03:30  INFO 54608 --- [UIdashboard] [scheduling-1] c.c.uidashboard.service.TaskService      : updating, task id: 20
2024-08-25T11:45:48.119+03:30 DEBUG 54608 --- [UIdashboard] [scheduling-1] c.ceadar.uidashboard.schedule.Scheduler  : task 20 , Task 20 is updated
2024-08-25T11:45:54.112+03:30  INFO 54608 --- [UIdashboard] [http-nio-8081-exec-5] c.c.u.controller.TaskController          : get AllTasks method is called in controller, 20 tasks found
2024-08-25T11:46:43.101+03:30  INFO 54608 --- [UIdashboard] [scheduling-1] c.ceadar.uidashboard.schedule.Scheduler  : add new batch task to database at 2024-08-25T11:46:43.101906
2024-08-25T11:46:43.110+03:30  INFO 54608 --- [UIdashboard] [scheduling-1] c.c.uidashboard.schedule.SchedulerUtil   : generate new task
2024-08-25T11:46:43.111+03:30  INFO 54608 --- [UIdashboard] [scheduling-1] c.c.uidashboard.schedule.SchedulerUtil   : Generated number for assigning a status to a task: 4
2024-08-25T11:46:43.111+03:30  INFO 54608 --- [UIdashboard] [scheduling-1] c.c.uidashboard.schedule.SchedulerUtil   : Random LocalDateTime created for field CreateAt
2024-08-25T11:46:43.112+03:30  INFO 54608 --- [UIdashboard] [scheduling-1] c.c.uidashboard.schedule.SchedulerUtil   : Generated number for assigning a status to a task: 3
2024-08-25T11:46:43.112+03:30  INFO 54608 --- [UIdashboard] [scheduling-1] c.c.uidashboard.schedule.SchedulerUtil   : Random LocalDateTime created for field CreateAt
2024-08-25T11:46:43.112+03:30  INFO 54608 --- [UIdashboard] [scheduling-1] c.c.uidashboard.schedule.SchedulerUtil   : Generated number for assigning a status to a task: 4
2024-08-25T11:46:43.112+03:30  INFO 54608 --- [UIdashboard] [scheduling-1] c.c.uidashboard.schedule.SchedulerUtil   : Random LocalDateTime created for field CreateAt
2024-08-25T11:46:43.112+03:30  INFO 54608 --- [UIdashboard] [scheduling-1] c.c.uidashboard.schedule.SchedulerUtil   : Generated number for assigning a status to a task: 2
2024-08-25T11:46:43.112+03:30  INFO 54608 --- [UIdashboard] [scheduling-1] c.c.uidashboard.schedule.SchedulerUtil   : Random LocalDateTime created for field CreateAt
2024-08-25T11:46:43.114+03:30  INFO 54608 --- [UIdashboard] [scheduling-1] c.ceadar.uidashboard.schedule.Scheduler  : add new batch task finished at 2024-08-25T11:46:43.114603
2024-08-25T11:46:48.105+03:30  INFO 54608 --- [UIdashboard] [scheduling-1] c.ceadar.uidashboard.schedule.Scheduler  : tasks fetching from database for update, count: 10
2024-08-25T11:46:48.106+03:30  INFO 54608 --- [UIdashboard] [scheduling-1] c.c.uidashboard.schedule.SchedulerUtil   : Generated number for assigning a status to a task: 3
2024-08-25T11:46:48.106+03:30  INFO 54608 --- [UIdashboard] [scheduling-1] c.c.uidashboard.service.TaskService      : updating, task id: 7
2024-08-25T11:46:48.109+03:30 DEBUG 54608 --- [UIdashboard] [scheduling-1] c.ceadar.uidashboard.schedule.Scheduler  : task 7 , Task 7 is updated
2024-08-25T11:46:48.109+03:30  INFO 54608 --- [UIdashboard] [scheduling-1] c.c.uidashboard.schedule.SchedulerUtil   : Generated number for assigning a status to a task: 0
2024-08-25T11:46:48.109+03:30  INFO 54608 --- [UIdashboard] [scheduling-1] c.c.uidashboard.service.TaskService      : updating, task id: 10
2024-08-25T11:46:48.110+03:30 DEBUG 54608 --- [UIdashboard] [scheduling-1] c.ceadar.uidashboard.schedule.Scheduler  : task 10 , Task 10 is updated
2024-08-25T11:46:48.110+03:30  INFO 54608 --- [UIdashboard] [scheduling-1] c.c.uidashboard.schedule.SchedulerUtil   : Generated number for assigning a status to a task: 4
2024-08-25T11:46:48.110+03:30  INFO 54608 --- [UIdashboard] [scheduling-1] c.c.uidashboard.service.TaskService      : updating, task id: 13
2024-08-25T11:46:48.112+03:30 DEBUG 54608 --- [UIdashboard] [scheduling-1] c.ceadar.uidashboard.schedule.Scheduler  : task 13 , Task 13 is updated
2024-08-25T11:46:48.112+03:30  INFO 54608 --- [UIdashboard] [scheduling-1] c.c.uidashboard.schedule.SchedulerUtil   : Generated number for assigning a status to a task: 3
2024-08-25T11:46:48.112+03:30  INFO 54608 --- [UIdashboard] [scheduling-1] c.c.uidashboard.service.TaskService      : updating, task id: 15
2024-08-25T11:46:48.113+03:30 DEBUG 54608 --- [UIdashboard] [scheduling-1] c.ceadar.uidashboard.schedule.Scheduler  : task 15 , Task 15 is updated
2024-08-25T11:46:48.113+03:30  INFO 54608 --- [UIdashboard] [scheduling-1] c.c.uidashboard.schedule.SchedulerUtil   : Generated number for assigning a status to a task: 4
2024-08-25T11:46:48.113+03:30  INFO 54608 --- [UIdashboard] [scheduling-1] c.c.uidashboard.service.TaskService      : updating, task id: 17
2024-08-25T11:46:48.114+03:30 DEBUG 54608 --- [UIdashboard] [scheduling-1] c.ceadar.uidashboard.schedule.Scheduler  : task 17 , Task 17 is updated
2024-08-25T11:46:48.114+03:30  INFO 54608 --- [UIdashboard] [scheduling-1] c.c.uidashboard.schedule.SchedulerUtil   : Generated number for assigning a status to a task: 4
2024-08-25T11:46:48.114+03:30  INFO 54608 --- [UIdashboard] [scheduling-1] c.c.uidashboard.service.TaskService      : updating, task id: 18
2024-08-25T11:46:48.116+03:30 DEBUG 54608 --- [UIdashboard] [scheduling-1] c.ceadar.uidashboard.schedule.Scheduler  : task 18 , Task 18 is updated
2024-08-25T11:46:48.116+03:30  INFO 54608 --- [UIdashboard] [scheduling-1] c.c.uidashboard.schedule.SchedulerUtil   : Generated number for assigning a status to a task: 3
2024-08-25T11:46:48.116+03:30  INFO 54608 --- [UIdashboard] [scheduling-1] c.c.uidashboard.service.TaskService      : updating, task id: 21
2024-08-25T11:46:48.117+03:30 DEBUG 54608 --- [UIdashboard] [scheduling-1] c.ceadar.uidashboard.schedule.Scheduler  : task 21 , Task 21 is updated
2024-08-25T11:46:48.117+03:30  INFO 54608 --- [UIdashboard] [scheduling-1] c.c.uidashboard.schedule.SchedulerUtil   : Generated number for assigning a status to a task: 3
2024-08-25T11:46:48.117+03:30  INFO 54608 --- [UIdashboard] [scheduling-1] c.c.uidashboard.service.TaskService      : updating, task id: 22
2024-08-25T11:46:48.118+03:30 DEBUG 54608 --- [UIdashboard] [scheduling-1] c.ceadar.uidashboard.schedule.Scheduler  : task 22 , Task 22 is updated
2024-08-25T11:46:48.118+03:30  INFO 54608 --- [UIdashboard] [scheduling-1] c.c.uidashboard.schedule.SchedulerUtil   : Generated number for assigning a status to a task: 1
2024-08-25T11:46:48.118+03:30  INFO 54608 --- [UIdashboard] [scheduling-1] c.c.uidashboard.service.TaskService      : updating, task id: 23
2024-08-25T11:46:48.119+03:30 DEBUG 54608 --- [UIdashboard] [scheduling-1] c.ceadar.uidashboard.schedule.Scheduler  : task 23 , Task 23 is updated
2024-08-25T11:46:48.119+03:30  INFO 54608 --- [UIdashboard] [scheduling-1] c.c.uidashboard.schedule.SchedulerUtil   : Generated number for assigning a status to a task: 2
2024-08-25T11:46:48.119+03:30  INFO 54608 --- [UIdashboard] [scheduling-1] c.c.uidashboard.service.TaskService      : updating, task id: 24
2024-08-25T11:46:48.120+03:30 DEBUG 54608 --- [UIdashboard] [scheduling-1] c.ceadar.uidashboard.schedule.Scheduler  : task 24 , Task 24 is updated
2024-08-25T11:46:54.870+03:30  INFO 54608 --- [UIdashboard] [http-nio-8081-exec-7] c.c.u.controller.TaskController          : get AllTasks method is called in controller, 24 tasks found
2024-08-25T11:56:10.453+03:30  WARN 54608 --- [UIdashboard] [HikariPool-1 housekeeper] com.zaxxer.hikari.pool.HikariPool        : HikariPool-1 - Thread starvation or clock leap detected (housekeeper delta=9m23s275ms).
2024-08-25T11:56:35.368+03:30  INFO 54608 --- [UIdashboard] [scheduling-1] c.ceadar.uidashboard.schedule.Scheduler  : add new batch task to database at 2024-08-25T11:56:35.368519
2024-08-25T11:56:35.379+03:30  INFO 54608 --- [UIdashboard] [scheduling-1] c.c.uidashboard.schedule.SchedulerUtil   : generate new task
2024-08-25T11:56:35.381+03:30  INFO 54608 --- [UIdashboard] [scheduling-1] c.c.uidashboard.schedule.SchedulerUtil   : Generated number for assigning a status to a task: 1
2024-08-25T11:56:35.381+03:30  INFO 54608 --- [UIdashboard] [scheduling-1] c.c.uidashboard.schedule.SchedulerUtil   : Random LocalDateTime created for field CreateAt
2024-08-25T11:56:35.381+03:30  INFO 54608 --- [UIdashboard] [scheduling-1] c.c.uidashboard.schedule.SchedulerUtil   : Generated number for assigning a status to a task: 1
2024-08-25T11:56:35.381+03:30  INFO 54608 --- [UIdashboard] [scheduling-1] c.c.uidashboard.schedule.SchedulerUtil   : Random LocalDateTime created for field CreateAt
2024-08-25T11:56:35.381+03:30  INFO 54608 --- [UIdashboard] [scheduling-1] c.c.uidashboard.schedule.SchedulerUtil   : Generated number for assigning a status to a task: 4
2024-08-25T11:56:35.381+03:30  INFO 54608 --- [UIdashboard] [scheduling-1] c.c.uidashboard.schedule.SchedulerUtil   : Random LocalDateTime created for field CreateAt
2024-08-25T11:56:35.381+03:30  INFO 54608 --- [UIdashboard] [scheduling-1] c.c.uidashboard.schedule.SchedulerUtil   : Generated number for assigning a status to a task: 1
2024-08-25T11:56:35.381+03:30  INFO 54608 --- [UIdashboard] [scheduling-1] c.c.uidashboard.schedule.SchedulerUtil   : Random LocalDateTime created for field CreateAt
2024-08-25T11:56:35.384+03:30  INFO 54608 --- [UIdashboard] [scheduling-1] c.ceadar.uidashboard.schedule.Scheduler  : add new batch task finished at 2024-08-25T11:56:35.384784
2024-08-25T11:56:41.380+03:30  INFO 54608 --- [UIdashboard] [scheduling-1] c.ceadar.uidashboard.schedule.Scheduler  : tasks fetching from database for update, count: 7
2024-08-25T11:56:41.381+03:30  INFO 54608 --- [UIdashboard] [scheduling-1] c.c.uidashboard.schedule.SchedulerUtil   : Generated number for assigning a status to a task: 4
2024-08-25T11:56:41.381+03:30  INFO 54608 --- [UIdashboard] [scheduling-1] c.c.uidashboard.service.TaskService      : updating, task id: 10
2024-08-25T11:56:41.384+03:30 DEBUG 54608 --- [UIdashboard] [scheduling-1] c.ceadar.uidashboard.schedule.Scheduler  : task 10 , Task 10 is updated
2024-08-25T11:56:41.384+03:30  INFO 54608 --- [UIdashboard] [scheduling-1] c.c.uidashboard.schedule.SchedulerUtil   : Generated number for assigning a status to a task: 3
2024-08-25T11:56:41.384+03:30  INFO 54608 --- [UIdashboard] [scheduling-1] c.c.uidashboard.service.TaskService      : updating, task id: 23
2024-08-25T11:56:41.386+03:30 DEBUG 54608 --- [UIdashboard] [scheduling-1] c.ceadar.uidashboard.schedule.Scheduler  : task 23 , Task 23 is updated
2024-08-25T11:56:41.386+03:30  INFO 54608 --- [UIdashboard] [scheduling-1] c.c.uidashboard.schedule.SchedulerUtil   : Generated number for assigning a status to a task: 2
2024-08-25T11:56:41.386+03:30  INFO 54608 --- [UIdashboard] [scheduling-1] c.c.uidashboard.service.TaskService      : updating, task id: 24
2024-08-25T11:56:41.386+03:30 DEBUG 54608 --- [UIdashboard] [scheduling-1] c.ceadar.uidashboard.schedule.Scheduler  : task 24 , Task 24 is updated
2024-08-25T11:56:41.386+03:30  INFO 54608 --- [UIdashboard] [scheduling-1] c.c.uidashboard.schedule.SchedulerUtil   : Generated number for assigning a status to a task: 3
2024-08-25T11:56:41.386+03:30  INFO 54608 --- [UIdashboard] [scheduling-1] c.c.uidashboard.service.TaskService      : updating, task id: 25
2024-08-25T11:56:41.387+03:30 DEBUG 54608 --- [UIdashboard] [scheduling-1] c.ceadar.uidashboard.schedule.Scheduler  : task 25 , Task 25 is updated
2024-08-25T11:56:41.387+03:30  INFO 54608 --- [UIdashboard] [scheduling-1] c.c.uidashboard.schedule.SchedulerUtil   : Generated number for assigning a status to a task: 0
2024-08-25T11:56:41.387+03:30  INFO 54608 --- [UIdashboard] [scheduling-1] c.c.uidashboard.service.TaskService      : updating, task id: 26
2024-08-25T11:56:41.388+03:30 DEBUG 54608 --- [UIdashboard] [scheduling-1] c.ceadar.uidashboard.schedule.Scheduler  : task 26 , Task 26 is updated
2024-08-25T11:56:41.388+03:30  INFO 54608 --- [UIdashboard] [scheduling-1] c.c.uidashboard.schedule.SchedulerUtil   : Generated number for assigning a status to a task: 2
2024-08-25T11:56:41.388+03:30  INFO 54608 --- [UIdashboard] [scheduling-1] c.c.uidashboard.service.TaskService      : updating, task id: 27
2024-08-25T11:56:41.389+03:30 DEBUG 54608 --- [UIdashboard] [scheduling-1] c.ceadar.uidashboard.schedule.Scheduler  : task 27 , Task 27 is updated
2024-08-25T11:56:41.389+03:30  INFO 54608 --- [UIdashboard] [scheduling-1] c.c.uidashboard.schedule.SchedulerUtil   : Generated number for assigning a status to a task: 2
2024-08-25T11:56:41.389+03:30  INFO 54608 --- [UIdashboard] [scheduling-1] c.c.uidashboard.service.TaskService      : updating, task id: 28
2024-08-25T11:56:41.390+03:30 DEBUG 54608 --- [UIdashboard] [scheduling-1] c.ceadar.uidashboard.schedule.Scheduler  : task 28 , Task 28 is updated
2024-08-25T11:56:48.384+03:30  INFO 54608 --- [UIdashboard] [http-nio-8081-exec-9] c.c.u.controller.TaskController          : get AllTasks method is called in controller, 28 tasks found
2024-08-25T11:57:34.371+03:30  INFO 54608 --- [UIdashboard] [scheduling-1] c.ceadar.uidashboard.schedule.Scheduler  : add new batch task to database at 2024-08-25T11:57:34.371635
2024-08-25T11:57:34.388+03:30  INFO 54608 --- [UIdashboard] [scheduling-1] c.c.uidashboard.schedule.SchedulerUtil   : generate new task
2024-08-25T11:57:34.390+03:30  INFO 54608 --- [UIdashboard] [scheduling-1] c.c.uidashboard.schedule.SchedulerUtil   : Generated number for assigning a status to a task: 2
2024-08-25T11:57:34.390+03:30  INFO 54608 --- [UIdashboard] [scheduling-1] c.c.uidashboard.schedule.SchedulerUtil   : Random LocalDateTime created for field CreateAt
2024-08-25T11:57:34.390+03:30  INFO 54608 --- [UIdashboard] [scheduling-1] c.c.uidashboard.schedule.SchedulerUtil   : Generated number for assigning a status to a task: 2
2024-08-25T11:57:34.390+03:30  INFO 54608 --- [UIdashboard] [scheduling-1] c.c.uidashboard.schedule.SchedulerUtil   : Random LocalDateTime created for field CreateAt
2024-08-25T11:57:34.390+03:30  INFO 54608 --- [UIdashboard] [scheduling-1] c.c.uidashboard.schedule.SchedulerUtil   : Generated number for assigning a status to a task: 1
2024-08-25T11:57:34.390+03:30  INFO 54608 --- [UIdashboard] [scheduling-1] c.c.uidashboard.schedule.SchedulerUtil   : Random LocalDateTime created for field CreateAt
2024-08-25T11:57:34.390+03:30  INFO 54608 --- [UIdashboard] [scheduling-1] c.c.uidashboard.schedule.SchedulerUtil   : Generated number for assigning a status to a task: 0
2024-08-25T11:57:34.390+03:30  INFO 54608 --- [UIdashboard] [scheduling-1] c.c.uidashboard.schedule.SchedulerUtil   : Random LocalDateTime created for field CreateAt
2024-08-25T11:57:34.392+03:30  INFO 54608 --- [UIdashboard] [scheduling-1] c.ceadar.uidashboard.schedule.Scheduler  : add new batch task finished at 2024-08-25T11:57:34.392534
2024-08-25T11:57:41.378+03:30  INFO 54608 --- [UIdashboard] [scheduling-1] c.ceadar.uidashboard.schedule.Scheduler  : tasks fetching from database for update, count: 8
2024-08-25T11:57:41.378+03:30  INFO 54608 --- [UIdashboard] [scheduling-1] c.c.uidashboard.schedule.SchedulerUtil   : Generated number for assigning a status to a task: 4
2024-08-25T11:57:41.378+03:30  INFO 54608 --- [UIdashboard] [scheduling-1] c.c.uidashboard.service.TaskService      : updating, task id: 24
2024-08-25T11:57:41.382+03:30 DEBUG 54608 --- [UIdashboard] [scheduling-1] c.ceadar.uidashboard.schedule.Scheduler  : task 24 , Task 24 is updated
2024-08-25T11:57:41.382+03:30  INFO 54608 --- [UIdashboard] [scheduling-1] c.c.uidashboard.schedule.SchedulerUtil   : Generated number for assigning a status to a task: 0
2024-08-25T11:57:41.382+03:30  INFO 54608 --- [UIdashboard] [scheduling-1] c.c.uidashboard.service.TaskService      : updating, task id: 26
2024-08-25T11:57:41.383+03:30 DEBUG 54608 --- [UIdashboard] [scheduling-1] c.ceadar.uidashboard.schedule.Scheduler  : task 26 , Task 26 is updated
2024-08-25T11:57:41.383+03:30  INFO 54608 --- [UIdashboard] [scheduling-1] c.c.uidashboard.schedule.SchedulerUtil   : Generated number for assigning a status to a task: 3
2024-08-25T11:57:41.383+03:30  INFO 54608 --- [UIdashboard] [scheduling-1] c.c.uidashboard.service.TaskService      : updating, task id: 27
2024-08-25T11:57:41.384+03:30 DEBUG 54608 --- [UIdashboard] [scheduling-1] c.ceadar.uidashboard.schedule.Scheduler  : task 27 , Task 27 is updated
2024-08-25T11:57:41.384+03:30  INFO 54608 --- [UIdashboard] [scheduling-1] c.c.uidashboard.schedule.SchedulerUtil   : Generated number for assigning a status to a task: 4
2024-08-25T11:57:41.384+03:30  INFO 54608 --- [UIdashboard] [scheduling-1] c.c.uidashboard.service.TaskService      : updating, task id: 28
2024-08-25T11:57:41.385+03:30 DEBUG 54608 --- [UIdashboard] [scheduling-1] c.ceadar.uidashboard.schedule.Scheduler  : task 28 , Task 28 is updated
2024-08-25T11:57:41.385+03:30  INFO 54608 --- [UIdashboard] [scheduling-1] c.c.uidashboard.schedule.SchedulerUtil   : Generated number for assigning a status to a task: 2
2024-08-25T11:57:41.386+03:30  INFO 54608 --- [UIdashboard] [scheduling-1] c.c.uidashboard.service.TaskService      : updating, task id: 29
2024-08-25T11:57:41.386+03:30 DEBUG 54608 --- [UIdashboard] [scheduling-1] c.ceadar.uidashboard.schedule.Scheduler  : task 29 , Task 29 is updated
2024-08-25T11:57:41.386+03:30  INFO 54608 --- [UIdashboard] [scheduling-1] c.c.uidashboard.schedule.SchedulerUtil   : Generated number for assigning a status to a task: 2
2024-08-25T11:57:41.386+03:30  INFO 54608 --- [UIdashboard] [scheduling-1] c.c.uidashboard.service.TaskService      : updating, task id: 30
2024-08-25T11:57:41.387+03:30 DEBUG 54608 --- [UIdashboard] [scheduling-1] c.ceadar.uidashboard.schedule.Scheduler  : task 30 , Task 30 is updated
2024-08-25T11:57:41.387+03:30  INFO 54608 --- [UIdashboard] [scheduling-1] c.c.uidashboard.schedule.SchedulerUtil   : Generated number for assigning a status to a task: 1
2024-08-25T11:57:41.387+03:30  INFO 54608 --- [UIdashboard] [scheduling-1] c.c.uidashboard.service.TaskService      : updating, task id: 31
2024-08-25T11:57:41.388+03:30 DEBUG 54608 --- [UIdashboard] [scheduling-1] c.ceadar.uidashboard.schedule.Scheduler  : task 31 , Task 31 is updated
2024-08-25T11:57:41.388+03:30  INFO 54608 --- [UIdashboard] [scheduling-1] c.c.uidashboard.schedule.SchedulerUtil   : Generated number for assigning a status to a task: 3
2024-08-25T11:57:41.388+03:30  INFO 54608 --- [UIdashboard] [scheduling-1] c.c.uidashboard.service.TaskService      : updating, task id: 32
2024-08-25T11:57:41.389+03:30 DEBUG 54608 --- [UIdashboard] [scheduling-1] c.ceadar.uidashboard.schedule.Scheduler  : task 32 , Task 32 is updated
2024-08-25T11:57:48.389+03:30  INFO 54608 --- [UIdashboard] [http-nio-8081-exec-1] c.c.u.controller.TaskController          : get AllTasks method is called in controller, 32 tasks found
2024-08-25T11:58:33.368+03:30  INFO 54608 --- [UIdashboard] [scheduling-1] c.ceadar.uidashboard.schedule.Scheduler  : add new batch task to database at 2024-08-25T11:58:33.368564
2024-08-25T11:58:33.377+03:30  INFO 54608 --- [UIdashboard] [scheduling-1] c.c.uidashboard.schedule.SchedulerUtil   : generate new task
2024-08-25T11:58:33.378+03:30  INFO 54608 --- [UIdashboard] [scheduling-1] c.c.uidashboard.schedule.SchedulerUtil   : Generated number for assigning a status to a task: 1
2024-08-25T11:58:33.378+03:30  INFO 54608 --- [UIdashboard] [scheduling-1] c.c.uidashboard.schedule.SchedulerUtil   : Random LocalDateTime created for field CreateAt
2024-08-25T11:58:33.378+03:30  INFO 54608 --- [UIdashboard] [scheduling-1] c.c.uidashboard.schedule.SchedulerUtil   : Generated number for assigning a status to a task: 1
2024-08-25T11:58:33.378+03:30  INFO 54608 --- [UIdashboard] [scheduling-1] c.c.uidashboard.schedule.SchedulerUtil   : Random LocalDateTime created for field CreateAt
2024-08-25T11:58:33.378+03:30  INFO 54608 --- [UIdashboard] [scheduling-1] c.c.uidashboard.schedule.SchedulerUtil   : Generated number for assigning a status to a task: 3
2024-08-25T11:58:33.378+03:30  INFO 54608 --- [UIdashboard] [scheduling-1] c.c.uidashboard.schedule.SchedulerUtil   : Random LocalDateTime created for field CreateAt
2024-08-25T11:58:33.378+03:30  INFO 54608 --- [UIdashboard] [scheduling-1] c.c.uidashboard.schedule.SchedulerUtil   : Generated number for assigning a status to a task: 0
2024-08-25T11:58:33.378+03:30  INFO 54608 --- [UIdashboard] [scheduling-1] c.c.uidashboard.schedule.SchedulerUtil   : Random LocalDateTime created for field CreateAt
2024-08-25T11:58:33.380+03:30  INFO 54608 --- [UIdashboard] [scheduling-1] c.ceadar.uidashboard.schedule.Scheduler  : add new batch task finished at 2024-08-25T11:58:33.380952
2024-08-25T11:58:41.371+03:30  INFO 54608 --- [UIdashboard] [scheduling-1] c.ceadar.uidashboard.schedule.Scheduler  : tasks fetching from database for update, count: 8
2024-08-25T11:58:41.371+03:30  INFO 54608 --- [UIdashboard] [scheduling-1] c.c.uidashboard.schedule.SchedulerUtil   : Generated number for assigning a status to a task: 1
2024-08-25T11:58:41.371+03:30  INFO 54608 --- [UIdashboard] [scheduling-1] c.c.uidashboard.service.TaskService      : updating, task id: 26
2024-08-25T11:58:41.373+03:30 DEBUG 54608 --- [UIdashboard] [scheduling-1] c.ceadar.uidashboard.schedule.Scheduler  : task 26 , Task 26 is updated
2024-08-25T11:58:41.373+03:30  INFO 54608 --- [UIdashboard] [scheduling-1] c.c.uidashboard.schedule.SchedulerUtil   : Generated number for assigning a status to a task: 2
2024-08-25T11:58:41.373+03:30  INFO 54608 --- [UIdashboard] [scheduling-1] c.c.uidashboard.service.TaskService      : updating, task id: 29
2024-08-25T11:58:41.374+03:30 DEBUG 54608 --- [UIdashboard] [scheduling-1] c.ceadar.uidashboard.schedule.Scheduler  : task 29 , Task 29 is updated
2024-08-25T11:58:41.374+03:30  INFO 54608 --- [UIdashboard] [scheduling-1] c.c.uidashboard.schedule.SchedulerUtil   : Generated number for assigning a status to a task: 2
2024-08-25T11:58:41.374+03:30  INFO 54608 --- [UIdashboard] [scheduling-1] c.c.uidashboard.service.TaskService      : updating, task id: 30
2024-08-25T11:58:41.375+03:30 DEBUG 54608 --- [UIdashboard] [scheduling-1] c.ceadar.uidashboard.schedule.Scheduler  : task 30 , Task 30 is updated
2024-08-25T11:58:41.375+03:30  INFO 54608 --- [UIdashboard] [scheduling-1] c.c.uidashboard.schedule.SchedulerUtil   : Generated number for assigning a status to a task: 3
2024-08-25T11:58:41.375+03:30  INFO 54608 --- [UIdashboard] [scheduling-1] c.c.uidashboard.service.TaskService      : updating, task id: 31
2024-08-25T11:58:41.376+03:30 DEBUG 54608 --- [UIdashboard] [scheduling-1] c.ceadar.uidashboard.schedule.Scheduler  : task 31 , Task 31 is updated
2024-08-25T11:58:41.376+03:30  INFO 54608 --- [UIdashboard] [scheduling-1] c.c.uidashboard.schedule.SchedulerUtil   : Generated number for assigning a status to a task: 3
2024-08-25T11:58:41.376+03:30  INFO 54608 --- [UIdashboard] [scheduling-1] c.c.uidashboard.service.TaskService      : updating, task id: 33
2024-08-25T11:58:41.377+03:30 DEBUG 54608 --- [UIdashboard] [scheduling-1] c.ceadar.uidashboard.schedule.Scheduler  : task 33 , Task 33 is updated
2024-08-25T11:58:41.377+03:30  INFO 54608 --- [UIdashboard] [scheduling-1] c.c.uidashboard.schedule.SchedulerUtil   : Generated number for assigning a status to a task: 3
2024-08-25T11:58:41.377+03:30  INFO 54608 --- [UIdashboard] [scheduling-1] c.c.uidashboard.service.TaskService      : updating, task id: 34
2024-08-25T11:58:41.378+03:30 DEBUG 54608 --- [UIdashboard] [scheduling-1] c.ceadar.uidashboard.schedule.Scheduler  : task 34 , Task 34 is updated
2024-08-25T11:58:41.378+03:30  INFO 54608 --- [UIdashboard] [scheduling-1] c.c.uidashboard.schedule.SchedulerUtil   : Generated number for assigning a status to a task: 4
2024-08-25T11:58:41.378+03:30  INFO 54608 --- [UIdashboard] [scheduling-1] c.c.uidashboard.service.TaskService      : updating, task id: 35
2024-08-25T11:58:41.378+03:30 DEBUG 54608 --- [UIdashboard] [scheduling-1] c.ceadar.uidashboard.schedule.Scheduler  : task 35 , Task 35 is updated
2024-08-25T11:58:41.378+03:30  INFO 54608 --- [UIdashboard] [scheduling-1] c.c.uidashboard.schedule.SchedulerUtil   : Generated number for assigning a status to a task: 4
2024-08-25T11:58:41.378+03:30  INFO 54608 --- [UIdashboard] [scheduling-1] c.c.uidashboard.service.TaskService      : updating, task id: 36
2024-08-25T11:58:41.379+03:30 DEBUG 54608 --- [UIdashboard] [scheduling-1] c.ceadar.uidashboard.schedule.Scheduler  : task 36 , Task 36 is updated
2024-08-25T11:58:48.383+03:30  INFO 54608 --- [UIdashboard] [http-nio-8081-exec-3] c.c.u.controller.TaskController          : get AllTasks method is called in controller, 36 tasks found
2024-08-25T11:59:32.368+03:30  INFO 54608 --- [UIdashboard] [scheduling-1] c.ceadar.uidashboard.schedule.Scheduler  : add new batch task to database at 2024-08-25T11:59:32.368300
2024-08-25T11:59:32.373+03:30  INFO 54608 --- [UIdashboard] [scheduling-1] c.c.uidashboard.schedule.SchedulerUtil   : generate new task
2024-08-25T11:59:32.375+03:30  INFO 54608 --- [UIdashboard] [scheduling-1] c.c.uidashboard.schedule.SchedulerUtil   : Generated number for assigning a status to a task: 2
2024-08-25T11:59:32.375+03:30  INFO 54608 --- [UIdashboard] [scheduling-1] c.c.uidashboard.schedule.SchedulerUtil   : Random LocalDateTime created for field CreateAt
2024-08-25T11:59:32.375+03:30  INFO 54608 --- [UIdashboard] [scheduling-1] c.c.uidashboard.schedule.SchedulerUtil   : Generated number for assigning a status to a task: 0
2024-08-25T11:59:32.375+03:30  INFO 54608 --- [UIdashboard] [scheduling-1] c.c.uidashboard.schedule.SchedulerUtil   : Random LocalDateTime created for field CreateAt
2024-08-25T11:59:32.375+03:30  INFO 54608 --- [UIdashboard] [scheduling-1] c.c.uidashboard.schedule.SchedulerUtil   : Generated number for assigning a status to a task: 1
2024-08-25T11:59:32.375+03:30  INFO 54608 --- [UIdashboard] [scheduling-1] c.c.uidashboard.schedule.SchedulerUtil   : Random LocalDateTime created for field CreateAt
2024-08-25T11:59:32.375+03:30  INFO 54608 --- [UIdashboard] [scheduling-1] c.c.uidashboard.schedule.SchedulerUtil   : Generated number for assigning a status to a task: 4
2024-08-25T11:59:32.375+03:30  INFO 54608 --- [UIdashboard] [scheduling-1] c.c.uidashboard.schedule.SchedulerUtil   : Random LocalDateTime created for field CreateAt
2024-08-25T11:59:32.377+03:30  INFO 54608 --- [UIdashboard] [scheduling-1] c.ceadar.uidashboard.schedule.Scheduler  : add new batch task finished at 2024-08-25T11:59:32.377791
2024-08-25T11:59:41.371+03:30  INFO 54608 --- [UIdashboard] [scheduling-1] c.ceadar.uidashboard.schedule.Scheduler  : tasks fetching from database for update, count: 7
2024-08-25T11:59:41.371+03:30  INFO 54608 --- [UIdashboard] [scheduling-1] c.c.uidashboard.schedule.SchedulerUtil   : Generated number for assigning a status to a task: 0
2024-08-25T11:59:41.371+03:30  INFO 54608 --- [UIdashboard] [scheduling-1] c.c.uidashboard.service.TaskService      : updating, task id: 26
2024-08-25T11:59:41.373+03:30 DEBUG 54608 --- [UIdashboard] [scheduling-1] c.ceadar.uidashboard.schedule.Scheduler  : task 26 , Task 26 is updated
2024-08-25T11:59:41.373+03:30  INFO 54608 --- [UIdashboard] [scheduling-1] c.c.uidashboard.schedule.SchedulerUtil   : Generated number for assigning a status to a task: 3
2024-08-25T11:59:41.373+03:30  INFO 54608 --- [UIdashboard] [scheduling-1] c.c.uidashboard.service.TaskService      : updating, task id: 29
2024-08-25T11:59:41.374+03:30 DEBUG 54608 --- [UIdashboard] [scheduling-1] c.ceadar.uidashboard.schedule.Scheduler  : task 29 , Task 29 is updated
2024-08-25T11:59:41.374+03:30  INFO 54608 --- [UIdashboard] [scheduling-1] c.c.uidashboard.schedule.SchedulerUtil   : Generated number for assigning a status to a task: 1
2024-08-25T11:59:41.374+03:30  INFO 54608 --- [UIdashboard] [scheduling-1] c.c.uidashboard.service.TaskService      : updating, task id: 30
2024-08-25T11:59:41.375+03:30 DEBUG 54608 --- [UIdashboard] [scheduling-1] c.ceadar.uidashboard.schedule.Scheduler  : task 30 , Task 30 is updated
2024-08-25T11:59:41.375+03:30  INFO 54608 --- [UIdashboard] [scheduling-1] c.c.uidashboard.schedule.SchedulerUtil   : Generated number for assigning a status to a task: 0
2024-08-25T11:59:41.375+03:30  INFO 54608 --- [UIdashboard] [scheduling-1] c.c.uidashboard.service.TaskService      : updating, task id: 37
2024-08-25T11:59:41.376+03:30 DEBUG 54608 --- [UIdashboard] [scheduling-1] c.ceadar.uidashboard.schedule.Scheduler  : task 37 , Task 37 is updated
2024-08-25T11:59:41.377+03:30  INFO 54608 --- [UIdashboard] [scheduling-1] c.c.uidashboard.schedule.SchedulerUtil   : Generated number for assigning a status to a task: 3
2024-08-25T11:59:41.377+03:30  INFO 54608 --- [UIdashboard] [scheduling-1] c.c.uidashboard.service.TaskService      : updating, task id: 38
2024-08-25T11:59:41.378+03:30 DEBUG 54608 --- [UIdashboard] [scheduling-1] c.ceadar.uidashboard.schedule.Scheduler  : task 38 , Task 38 is updated
2024-08-25T11:59:41.378+03:30  INFO 54608 --- [UIdashboard] [scheduling-1] c.c.uidashboard.schedule.SchedulerUtil   : Generated number for assigning a status to a task: 4
2024-08-25T11:59:41.378+03:30  INFO 54608 --- [UIdashboard] [scheduling-1] c.c.uidashboard.service.TaskService      : updating, task id: 39
2024-08-25T11:59:41.378+03:30 DEBUG 54608 --- [UIdashboard] [scheduling-1] c.ceadar.uidashboard.schedule.Scheduler  : task 39 , Task 39 is updated
2024-08-25T11:59:41.378+03:30  INFO 54608 --- [UIdashboard] [scheduling-1] c.c.uidashboard.schedule.SchedulerUtil   : Generated number for assigning a status to a task: 0
2024-08-25T11:59:41.379+03:30  INFO 54608 --- [UIdashboard] [scheduling-1] c.c.uidashboard.service.TaskService      : updating, task id: 40
2024-08-25T11:59:41.380+03:30 DEBUG 54608 --- [UIdashboard] [scheduling-1] c.ceadar.uidashboard.schedule.Scheduler  : task 40 , Task 40 is updated
2024-08-25T11:59:48.391+03:30  INFO 54608 --- [UIdashboard] [http-nio-8081-exec-5] c.c.u.controller.TaskController          : get AllTasks method is called in controller, 40 tasks found
2024-08-25T12:00:31.371+03:30  INFO 54608 --- [UIdashboard] [scheduling-1] c.ceadar.uidashboard.schedule.Scheduler  : add new batch task to database at 2024-08-25T12:00:31.371561
2024-08-25T12:00:31.378+03:30  INFO 54608 --- [UIdashboard] [scheduling-1] c.c.uidashboard.schedule.SchedulerUtil   : generate new task
2024-08-25T12:00:31.380+03:30  INFO 54608 --- [UIdashboard] [scheduling-1] c.c.uidashboard.schedule.SchedulerUtil   : Generated number for assigning a status to a task: 1
2024-08-25T12:00:31.380+03:30  INFO 54608 --- [UIdashboard] [scheduling-1] c.c.uidashboard.schedule.SchedulerUtil   : Random LocalDateTime created for field CreateAt
2024-08-25T12:00:31.380+03:30  INFO 54608 --- [UIdashboard] [scheduling-1] c.c.uidashboard.schedule.SchedulerUtil   : Generated number for assigning a status to a task: 1
2024-08-25T12:00:31.380+03:30  INFO 54608 --- [UIdashboard] [scheduling-1] c.c.uidashboard.schedule.SchedulerUtil   : Random LocalDateTime created for field CreateAt
2024-08-25T12:00:31.380+03:30  INFO 54608 --- [UIdashboard] [scheduling-1] c.c.uidashboard.schedule.SchedulerUtil   : Generated number for assigning a status to a task: 0
2024-08-25T12:00:31.380+03:30  INFO 54608 --- [UIdashboard] [scheduling-1] c.c.uidashboard.schedule.SchedulerUtil   : Random LocalDateTime created for field CreateAt
2024-08-25T12:00:31.380+03:30  INFO 54608 --- [UIdashboard] [scheduling-1] c.c.uidashboard.schedule.SchedulerUtil   : Generated number for assigning a status to a task: 4
2024-08-25T12:00:31.380+03:30  INFO 54608 --- [UIdashboard] [scheduling-1] c.c.uidashboard.schedule.SchedulerUtil   : Random LocalDateTime created for field CreateAt
2024-08-25T12:00:31.383+03:30  INFO 54608 --- [UIdashboard] [scheduling-1] c.ceadar.uidashboard.schedule.Scheduler  : add new batch task finished at 2024-08-25T12:00:31.383808
2024-08-25T12:00:41.373+03:30  INFO 54608 --- [UIdashboard] [scheduling-1] c.ceadar.uidashboard.schedule.Scheduler  : tasks fetching from database for update, count: 8
2024-08-25T12:00:41.374+03:30  INFO 54608 --- [UIdashboard] [scheduling-1] c.c.uidashboard.schedule.SchedulerUtil   : Generated number for assigning a status to a task: 2
2024-08-25T12:00:41.374+03:30  INFO 54608 --- [UIdashboard] [scheduling-1] c.c.uidashboard.service.TaskService      : updating, task id: 26
2024-08-25T12:00:41.377+03:30 DEBUG 54608 --- [UIdashboard] [scheduling-1] c.ceadar.uidashboard.schedule.Scheduler  : task 26 , Task 26 is updated
2024-08-25T12:00:41.377+03:30  INFO 54608 --- [UIdashboard] [scheduling-1] c.c.uidashboard.schedule.SchedulerUtil   : Generated number for assigning a status to a task: 1
2024-08-25T12:00:41.377+03:30  INFO 54608 --- [UIdashboard] [scheduling-1] c.c.uidashboard.service.TaskService      : updating, task id: 30
2024-08-25T12:00:41.378+03:30 DEBUG 54608 --- [UIdashboard] [scheduling-1] c.ceadar.uidashboard.schedule.Scheduler  : task 30 , Task 30 is updated
2024-08-25T12:00:41.378+03:30  INFO 54608 --- [UIdashboard] [scheduling-1] c.c.uidashboard.schedule.SchedulerUtil   : Generated number for assigning a status to a task: 1
2024-08-25T12:00:41.378+03:30  INFO 54608 --- [UIdashboard] [scheduling-1] c.c.uidashboard.service.TaskService      : updating, task id: 37
2024-08-25T12:00:41.379+03:30 DEBUG 54608 --- [UIdashboard] [scheduling-1] c.ceadar.uidashboard.schedule.Scheduler  : task 37 , Task 37 is updated
2024-08-25T12:00:41.379+03:30  INFO 54608 --- [UIdashboard] [scheduling-1] c.c.uidashboard.schedule.SchedulerUtil   : Generated number for assigning a status to a task: 3
2024-08-25T12:00:41.379+03:30  INFO 54608 --- [UIdashboard] [scheduling-1] c.c.uidashboard.service.TaskService      : updating, task id: 40
2024-08-25T12:00:41.380+03:30 DEBUG 54608 --- [UIdashboard] [scheduling-1] c.ceadar.uidashboard.schedule.Scheduler  : task 40 , Task 40 is updated
2024-08-25T12:00:41.380+03:30  INFO 54608 --- [UIdashboard] [scheduling-1] c.c.uidashboard.schedule.SchedulerUtil   : Generated number for assigning a status to a task: 1
2024-08-25T12:00:41.380+03:30  INFO 54608 --- [UIdashboard] [scheduling-1] c.c.uidashboard.service.TaskService      : updating, task id: 41
2024-08-25T12:00:41.381+03:30 DEBUG 54608 --- [UIdashboard] [scheduling-1] c.ceadar.uidashboard.schedule.Scheduler  : task 41 , Task 41 is updated
2024-08-25T12:00:41.381+03:30  INFO 54608 --- [UIdashboard] [scheduling-1] c.c.uidashboard.schedule.SchedulerUtil   : Generated number for assigning a status to a task: 3
2024-08-25T12:00:41.381+03:30  INFO 54608 --- [UIdashboard] [scheduling-1] c.c.uidashboard.service.TaskService      : updating, task id: 42
2024-08-25T12:00:41.382+03:30 DEBUG 54608 --- [UIdashboard] [scheduling-1] c.ceadar.uidashboard.schedule.Scheduler  : task 42 , Task 42 is updated
2024-08-25T12:00:41.382+03:30  INFO 54608 --- [UIdashboard] [scheduling-1] c.c.uidashboard.schedule.SchedulerUtil   : Generated number for assigning a status to a task: 1
2024-08-25T12:00:41.382+03:30  INFO 54608 --- [UIdashboard] [scheduling-1] c.c.uidashboard.service.TaskService      : updating, task id: 43
2024-08-25T12:00:41.383+03:30 DEBUG 54608 --- [UIdashboard] [scheduling-1] c.ceadar.uidashboard.schedule.Scheduler  : task 43 , Task 43 is updated
2024-08-25T12:00:41.383+03:30  INFO 54608 --- [UIdashboard] [scheduling-1] c.c.uidashboard.schedule.SchedulerUtil   : Generated number for assigning a status to a task: 3
2024-08-25T12:00:41.383+03:30  INFO 54608 --- [UIdashboard] [scheduling-1] c.c.uidashboard.service.TaskService      : updating, task id: 44
2024-08-25T12:00:41.383+03:30 DEBUG 54608 --- [UIdashboard] [scheduling-1] c.ceadar.uidashboard.schedule.Scheduler  : task 44 , Task 44 is updated
2024-08-25T12:01:21.410+03:30  INFO 54608 --- [UIdashboard] [http-nio-8081-exec-7] c.c.u.controller.TaskController          : get AllTasks method is called in controller, 44 tasks found
2024-08-25T12:01:30.369+03:30  INFO 54608 --- [UIdashboard] [scheduling-1] c.ceadar.uidashboard.schedule.Scheduler  : add new batch task to database at 2024-08-25T12:01:30.369486
2024-08-25T12:01:30.375+03:30  INFO 54608 --- [UIdashboard] [scheduling-1] c.c.uidashboard.schedule.SchedulerUtil   : generate new task
2024-08-25T12:01:30.377+03:30  INFO 54608 --- [UIdashboard] [scheduling-1] c.c.uidashboard.schedule.SchedulerUtil   : Generated number for assigning a status to a task: 1
2024-08-25T12:01:30.377+03:30  INFO 54608 --- [UIdashboard] [scheduling-1] c.c.uidashboard.schedule.SchedulerUtil   : Random LocalDateTime created for field CreateAt
2024-08-25T12:01:30.377+03:30  INFO 54608 --- [UIdashboard] [scheduling-1] c.c.uidashboard.schedule.SchedulerUtil   : Generated number for assigning a status to a task: 1
2024-08-25T12:01:30.377+03:30  INFO 54608 --- [UIdashboard] [scheduling-1] c.c.uidashboard.schedule.SchedulerUtil   : Random LocalDateTime created for field CreateAt
2024-08-25T12:01:30.377+03:30  INFO 54608 --- [UIdashboard] [scheduling-1] c.c.uidashboard.schedule.SchedulerUtil   : Generated number for assigning a status to a task: 3
2024-08-25T12:01:30.377+03:30  INFO 54608 --- [UIdashboard] [scheduling-1] c.c.uidashboard.schedule.SchedulerUtil   : Random LocalDateTime created for field CreateAt
2024-08-25T12:01:30.377+03:30  INFO 54608 --- [UIdashboard] [scheduling-1] c.c.uidashboard.schedule.SchedulerUtil   : Generated number for assigning a status to a task: 0
2024-08-25T12:01:30.377+03:30  INFO 54608 --- [UIdashboard] [scheduling-1] c.c.uidashboard.schedule.SchedulerUtil   : Random LocalDateTime created for field CreateAt
2024-08-25T12:01:30.380+03:30  INFO 54608 --- [UIdashboard] [scheduling-1] c.ceadar.uidashboard.schedule.Scheduler  : add new batch task finished at 2024-08-25T12:01:30.380354
2024-08-25T12:01:41.373+03:30  INFO 54608 --- [UIdashboard] [scheduling-1] c.ceadar.uidashboard.schedule.Scheduler  : tasks fetching from database for update, count: 9
2024-08-25T12:01:41.374+03:30  INFO 54608 --- [UIdashboard] [scheduling-1] c.c.uidashboard.schedule.SchedulerUtil   : Generated number for assigning a status to a task: 2
2024-08-25T12:01:41.375+03:30  INFO 54608 --- [UIdashboard] [scheduling-1] c.c.uidashboard.service.TaskService      : updating, task id: 26
2024-08-25T12:01:41.377+03:30 DEBUG 54608 --- [UIdashboard] [scheduling-1] c.ceadar.uidashboard.schedule.Scheduler  : task 26 , Task 26 is updated
2024-08-25T12:01:41.377+03:30  INFO 54608 --- [UIdashboard] [scheduling-1] c.c.uidashboard.schedule.SchedulerUtil   : Generated number for assigning a status to a task: 4
2024-08-25T12:01:41.377+03:30  INFO 54608 --- [UIdashboard] [scheduling-1] c.c.uidashboard.service.TaskService      : updating, task id: 30
2024-08-25T12:01:41.379+03:30 DEBUG 54608 --- [UIdashboard] [scheduling-1] c.ceadar.uidashboard.schedule.Scheduler  : task 30 , Task 30 is updated
2024-08-25T12:01:41.380+03:30  INFO 54608 --- [UIdashboard] [scheduling-1] c.c.uidashboard.schedule.SchedulerUtil   : Generated number for assigning a status to a task: 3
2024-08-25T12:01:41.380+03:30  INFO 54608 --- [UIdashboard] [scheduling-1] c.c.uidashboard.service.TaskService      : updating, task id: 37
2024-08-25T12:01:41.381+03:30 DEBUG 54608 --- [UIdashboard] [scheduling-1] c.ceadar.uidashboard.schedule.Scheduler  : task 37 , Task 37 is updated
2024-08-25T12:01:41.381+03:30  INFO 54608 --- [UIdashboard] [scheduling-1] c.c.uidashboard.schedule.SchedulerUtil   : Generated number for assigning a status to a task: 2
2024-08-25T12:01:41.381+03:30  INFO 54608 --- [UIdashboard] [scheduling-1] c.c.uidashboard.service.TaskService      : updating, task id: 41
2024-08-25T12:01:41.382+03:30 DEBUG 54608 --- [UIdashboard] [scheduling-1] c.ceadar.uidashboard.schedule.Scheduler  : task 41 , Task 41 is updated
2024-08-25T12:01:41.382+03:30  INFO 54608 --- [UIdashboard] [scheduling-1] c.c.uidashboard.schedule.SchedulerUtil   : Generated number for assigning a status to a task: 2
2024-08-25T12:01:41.382+03:30  INFO 54608 --- [UIdashboard] [scheduling-1] c.c.uidashboard.service.TaskService      : updating, task id: 43
2024-08-25T12:01:41.383+03:30 DEBUG 54608 --- [UIdashboard] [scheduling-1] c.ceadar.uidashboard.schedule.Scheduler  : task 43 , Task 43 is updated
2024-08-25T12:01:41.383+03:30  INFO 54608 --- [UIdashboard] [scheduling-1] c.c.uidashboard.schedule.SchedulerUtil   : Generated number for assigning a status to a task: 3
2024-08-25T12:01:41.383+03:30  INFO 54608 --- [UIdashboard] [scheduling-1] c.c.uidashboard.service.TaskService      : updating, task id: 45
2024-08-25T12:01:41.384+03:30 DEBUG 54608 --- [UIdashboard] [scheduling-1] c.ceadar.uidashboard.schedule.Scheduler  : task 45 , Task 45 is updated
2024-08-25T12:01:41.384+03:30  INFO 54608 --- [UIdashboard] [scheduling-1] c.c.uidashboard.schedule.SchedulerUtil   : Generated number for assigning a status to a task: 2
2024-08-25T12:01:41.384+03:30  INFO 54608 --- [UIdashboard] [scheduling-1] c.c.uidashboard.service.TaskService      : updating, task id: 46
2024-08-25T12:01:41.384+03:30 DEBUG 54608 --- [UIdashboard] [scheduling-1] c.ceadar.uidashboard.schedule.Scheduler  : task 46 , Task 46 is updated
2024-08-25T12:01:41.384+03:30  INFO 54608 --- [UIdashboard] [scheduling-1] c.c.uidashboard.schedule.SchedulerUtil   : Generated number for assigning a status to a task: 1
2024-08-25T12:01:41.384+03:30  INFO 54608 --- [UIdashboard] [scheduling-1] c.c.uidashboard.service.TaskService      : updating, task id: 47
2024-08-25T12:01:41.386+03:30 DEBUG 54608 --- [UIdashboard] [scheduling-1] c.ceadar.uidashboard.schedule.Scheduler  : task 47 , Task 47 is updated
2024-08-25T12:01:41.386+03:30  INFO 54608 --- [UIdashboard] [scheduling-1] c.c.uidashboard.schedule.SchedulerUtil   : Generated number for assigning a status to a task: 0
2024-08-25T12:01:41.386+03:30  INFO 54608 --- [UIdashboard] [scheduling-1] c.c.uidashboard.service.TaskService      : updating, task id: 48
2024-08-25T12:01:41.386+03:30 DEBUG 54608 --- [UIdashboard] [scheduling-1] c.ceadar.uidashboard.schedule.Scheduler  : task 48 , Task 48 is updated
2024-08-25T12:02:22.377+03:30  INFO 54608 --- [UIdashboard] [http-nio-8081-exec-9] c.c.u.controller.TaskController          : get AllTasks method is called in controller, 48 tasks found
2024-08-25T12:02:29.367+03:30  INFO 54608 --- [UIdashboard] [scheduling-1] c.ceadar.uidashboard.schedule.Scheduler  : add new batch task to database at 2024-08-25T12:02:29.367359
2024-08-25T12:02:29.372+03:30  INFO 54608 --- [UIdashboard] [scheduling-1] c.c.uidashboard.schedule.SchedulerUtil   : generate new task
2024-08-25T12:02:29.374+03:30  INFO 54608 --- [UIdashboard] [scheduling-1] c.c.uidashboard.schedule.SchedulerUtil   : Generated number for assigning a status to a task: 3
2024-08-25T12:02:29.374+03:30  INFO 54608 --- [UIdashboard] [scheduling-1] c.c.uidashboard.schedule.SchedulerUtil   : Random LocalDateTime created for field CreateAt
2024-08-25T12:02:29.374+03:30  INFO 54608 --- [UIdashboard] [scheduling-1] c.c.uidashboard.schedule.SchedulerUtil   : Generated number for assigning a status to a task: 4
2024-08-25T12:02:29.374+03:30  INFO 54608 --- [UIdashboard] [scheduling-1] c.c.uidashboard.schedule.SchedulerUtil   : Random LocalDateTime created for field CreateAt
2024-08-25T12:02:29.374+03:30  INFO 54608 --- [UIdashboard] [scheduling-1] c.c.uidashboard.schedule.SchedulerUtil   : Generated number for assigning a status to a task: 3
2024-08-25T12:02:29.374+03:30  INFO 54608 --- [UIdashboard] [scheduling-1] c.c.uidashboard.schedule.SchedulerUtil   : Random LocalDateTime created for field CreateAt
2024-08-25T12:02:29.374+03:30  INFO 54608 --- [UIdashboard] [scheduling-1] c.c.uidashboard.schedule.SchedulerUtil   : Generated number for assigning a status to a task: 1
2024-08-25T12:02:29.374+03:30  INFO 54608 --- [UIdashboard] [scheduling-1] c.c.uidashboard.schedule.SchedulerUtil   : Random LocalDateTime created for field CreateAt
2024-08-25T12:02:29.383+03:30  INFO 54608 --- [UIdashboard] [scheduling-1] c.ceadar.uidashboard.schedule.Scheduler  : add new batch task finished at 2024-08-25T12:02:29.383956
2024-08-25T12:02:41.374+03:30  INFO 54608 --- [UIdashboard] [scheduling-1] c.ceadar.uidashboard.schedule.Scheduler  : tasks fetching from database for update, count: 10
2024-08-25T12:02:41.375+03:30  INFO 54608 --- [UIdashboard] [scheduling-1] c.c.uidashboard.schedule.SchedulerUtil   : Generated number for assigning a status to a task: 3
2024-08-25T12:02:41.375+03:30  INFO 54608 --- [UIdashboard] [scheduling-1] c.c.uidashboard.service.TaskService      : updating, task id: 26
2024-08-25T12:02:41.379+03:30 DEBUG 54608 --- [UIdashboard] [scheduling-1] c.ceadar.uidashboard.schedule.Scheduler  : task 26 , Task 26 is updated
2024-08-25T12:02:41.379+03:30  INFO 54608 --- [UIdashboard] [scheduling-1] c.c.uidashboard.schedule.SchedulerUtil   : Generated number for assigning a status to a task: 3
2024-08-25T12:02:41.380+03:30  INFO 54608 --- [UIdashboard] [scheduling-1] c.c.uidashboard.service.TaskService      : updating, task id: 41
2024-08-25T12:02:41.381+03:30 DEBUG 54608 --- [UIdashboard] [scheduling-1] c.ceadar.uidashboard.schedule.Scheduler  : task 41 , Task 41 is updated
2024-08-25T12:02:41.381+03:30  INFO 54608 --- [UIdashboard] [scheduling-1] c.c.uidashboard.schedule.SchedulerUtil   : Generated number for assigning a status to a task: 4
2024-08-25T12:02:41.381+03:30  INFO 54608 --- [UIdashboard] [scheduling-1] c.c.uidashboard.service.TaskService      : updating, task id: 43
2024-08-25T12:02:41.382+03:30 DEBUG 54608 --- [UIdashboard] [scheduling-1] c.ceadar.uidashboard.schedule.Scheduler  : task 43 , Task 43 is updated
2024-08-25T12:02:41.382+03:30  INFO 54608 --- [UIdashboard] [scheduling-1] c.c.uidashboard.schedule.SchedulerUtil   : Generated number for assigning a status to a task: 3
2024-08-25T12:02:41.382+03:30  INFO 54608 --- [UIdashboard] [scheduling-1] c.c.uidashboard.service.TaskService      : updating, task id: 46
2024-08-25T12:02:41.383+03:30 DEBUG 54608 --- [UIdashboard] [scheduling-1] c.ceadar.uidashboard.schedule.Scheduler  : task 46 , Task 46 is updated
2024-08-25T12:02:41.383+03:30  INFO 54608 --- [UIdashboard] [scheduling-1] c.c.uidashboard.schedule.SchedulerUtil   : Generated number for assigning a status to a task: 4
2024-08-25T12:02:41.383+03:30  INFO 54608 --- [UIdashboard] [scheduling-1] c.c.uidashboard.service.TaskService      : updating, task id: 47
2024-08-25T12:02:41.384+03:30 DEBUG 54608 --- [UIdashboard] [scheduling-1] c.ceadar.uidashboard.schedule.Scheduler  : task 47 , Task 47 is updated
2024-08-25T12:02:41.384+03:30  INFO 54608 --- [UIdashboard] [scheduling-1] c.c.uidashboard.schedule.SchedulerUtil   : Generated number for assigning a status to a task: 2
2024-08-25T12:02:41.384+03:30  INFO 54608 --- [UIdashboard] [scheduling-1] c.c.uidashboard.service.TaskService      : updating, task id: 48
2024-08-25T12:02:41.385+03:30 DEBUG 54608 --- [UIdashboard] [scheduling-1] c.ceadar.uidashboard.schedule.Scheduler  : task 48 , Task 48 is updated
2024-08-25T12:02:41.385+03:30  INFO 54608 --- [UIdashboard] [scheduling-1] c.c.uidashboard.schedule.SchedulerUtil   : Generated number for assigning a status to a task: 2
2024-08-25T12:02:41.385+03:30  INFO 54608 --- [UIdashboard] [scheduling-1] c.c.uidashboard.service.TaskService      : updating, task id: 49
2024-08-25T12:02:41.386+03:30 DEBUG 54608 --- [UIdashboard] [scheduling-1] c.ceadar.uidashboard.schedule.Scheduler  : task 49 , Task 49 is updated
2024-08-25T12:02:41.386+03:30  INFO 54608 --- [UIdashboard] [scheduling-1] c.c.uidashboard.schedule.SchedulerUtil   : Generated number for assigning a status to a task: 3
2024-08-25T12:02:41.386+03:30  INFO 54608 --- [UIdashboard] [scheduling-1] c.c.uidashboard.service.TaskService      : updating, task id: 50
2024-08-25T12:02:41.387+03:30 DEBUG 54608 --- [UIdashboard] [scheduling-1] c.ceadar.uidashboard.schedule.Scheduler  : task 50 , Task 50 is updated
2024-08-25T12:02:41.387+03:30  INFO 54608 --- [UIdashboard] [scheduling-1] c.c.uidashboard.schedule.SchedulerUtil   : Generated number for assigning a status to a task: 0
2024-08-25T12:02:41.387+03:30  INFO 54608 --- [UIdashboard] [scheduling-1] c.c.uidashboard.service.TaskService      : updating, task id: 51
2024-08-25T12:02:41.388+03:30 DEBUG 54608 --- [UIdashboard] [scheduling-1] c.ceadar.uidashboard.schedule.Scheduler  : task 51 , Task 51 is updated
2024-08-25T12:02:41.388+03:30  INFO 54608 --- [UIdashboard] [scheduling-1] c.c.uidashboard.schedule.SchedulerUtil   : Generated number for assigning a status to a task: 2
2024-08-25T12:02:41.388+03:30  INFO 54608 --- [UIdashboard] [scheduling-1] c.c.uidashboard.service.TaskService      : updating, task id: 52
2024-08-25T12:02:41.389+03:30 DEBUG 54608 --- [UIdashboard] [scheduling-1] c.ceadar.uidashboard.schedule.Scheduler  : task 52 , Task 52 is updated
2024-08-25T12:03:23.379+03:30  INFO 54608 --- [UIdashboard] [http-nio-8081-exec-1] c.c.u.controller.TaskController          : get AllTasks method is called in controller, 52 tasks found
2024-08-25T12:03:28.368+03:30  INFO 54608 --- [UIdashboard] [scheduling-1] c.ceadar.uidashboard.schedule.Scheduler  : add new batch task to database at 2024-08-25T12:03:28.368488
2024-08-25T12:03:28.373+03:30  INFO 54608 --- [UIdashboard] [scheduling-1] c.c.uidashboard.schedule.SchedulerUtil   : generate new task
2024-08-25T12:03:28.375+03:30  INFO 54608 --- [UIdashboard] [scheduling-1] c.c.uidashboard.schedule.SchedulerUtil   : Generated number for assigning a status to a task: 2
2024-08-25T12:03:28.375+03:30  INFO 54608 --- [UIdashboard] [scheduling-1] c.c.uidashboard.schedule.SchedulerUtil   : Random LocalDateTime created for field CreateAt
2024-08-25T12:03:28.375+03:30  INFO 54608 --- [UIdashboard] [scheduling-1] c.c.uidashboard.schedule.SchedulerUtil   : Generated number for assigning a status to a task: 4
2024-08-25T12:03:28.376+03:30  INFO 54608 --- [UIdashboard] [scheduling-1] c.c.uidashboard.schedule.SchedulerUtil   : Random LocalDateTime created for field CreateAt
2024-08-25T12:03:28.376+03:30  INFO 54608 --- [UIdashboard] [scheduling-1] c.c.uidashboard.schedule.SchedulerUtil   : Generated number for assigning a status to a task: 0
2024-08-25T12:03:28.376+03:30  INFO 54608 --- [UIdashboard] [scheduling-1] c.c.uidashboard.schedule.SchedulerUtil   : Random LocalDateTime created for field CreateAt
2024-08-25T12:03:28.376+03:30  INFO 54608 --- [UIdashboard] [scheduling-1] c.c.uidashboard.schedule.SchedulerUtil   : Generated number for assigning a status to a task: 0
2024-08-25T12:03:28.376+03:30  INFO 54608 --- [UIdashboard] [scheduling-1] c.c.uidashboard.schedule.SchedulerUtil   : Random LocalDateTime created for field CreateAt
2024-08-25T12:03:28.378+03:30  INFO 54608 --- [UIdashboard] [scheduling-1] c.ceadar.uidashboard.schedule.Scheduler  : add new batch task finished at 2024-08-25T12:03:28.378228
2024-08-25T12:03:41.375+03:30  INFO 54608 --- [UIdashboard] [scheduling-1] c.ceadar.uidashboard.schedule.Scheduler  : tasks fetching from database for update, count: 8
2024-08-25T12:03:41.376+03:30  INFO 54608 --- [UIdashboard] [scheduling-1] c.c.uidashboard.schedule.SchedulerUtil   : Generated number for assigning a status to a task: 1
2024-08-25T12:03:41.376+03:30  INFO 54608 --- [UIdashboard] [scheduling-1] c.c.uidashboard.service.TaskService      : updating, task id: 48
2024-08-25T12:03:41.380+03:30 DEBUG 54608 --- [UIdashboard] [scheduling-1] c.ceadar.uidashboard.schedule.Scheduler  : task 48 , Task 48 is updated
2024-08-25T12:03:41.380+03:30  INFO 54608 --- [UIdashboard] [scheduling-1] c.c.uidashboard.schedule.SchedulerUtil   : Generated number for assigning a status to a task: 4
2024-08-25T12:03:41.380+03:30  INFO 54608 --- [UIdashboard] [scheduling-1] c.c.uidashboard.service.TaskService      : updating, task id: 49
2024-08-25T12:03:41.381+03:30 DEBUG 54608 --- [UIdashboard] [scheduling-1] c.ceadar.uidashboard.schedule.Scheduler  : task 49 , Task 49 is updated
2024-08-25T12:03:41.381+03:30  INFO 54608 --- [UIdashboard] [scheduling-1] c.c.uidashboard.schedule.SchedulerUtil   : Generated number for assigning a status to a task: 1
2024-08-25T12:03:41.381+03:30  INFO 54608 --- [UIdashboard] [scheduling-1] c.c.uidashboard.service.TaskService      : updating, task id: 51
2024-08-25T12:03:41.382+03:30 DEBUG 54608 --- [UIdashboard] [scheduling-1] c.ceadar.uidashboard.schedule.Scheduler  : task 51 , Task 51 is updated
2024-08-25T12:03:41.382+03:30  INFO 54608 --- [UIdashboard] [scheduling-1] c.c.uidashboard.schedule.SchedulerUtil   : Generated number for assigning a status to a task: 0
2024-08-25T12:03:41.382+03:30  INFO 54608 --- [UIdashboard] [scheduling-1] c.c.uidashboard.service.TaskService      : updating, task id: 52
2024-08-25T12:03:41.383+03:30 DEBUG 54608 --- [UIdashboard] [scheduling-1] c.ceadar.uidashboard.schedule.Scheduler  : task 52 , Task 52 is updated
2024-08-25T12:03:41.383+03:30  INFO 54608 --- [UIdashboard] [scheduling-1] c.c.uidashboard.schedule.SchedulerUtil   : Generated number for assigning a status to a task: 1
2024-08-25T12:03:41.383+03:30  INFO 54608 --- [UIdashboard] [scheduling-1] c.c.uidashboard.service.TaskService      : updating, task id: 53
2024-08-25T12:03:41.384+03:30 DEBUG 54608 --- [UIdashboard] [scheduling-1] c.ceadar.uidashboard.schedule.Scheduler  : task 53 , Task 53 is updated
2024-08-25T12:03:41.384+03:30  INFO 54608 --- [UIdashboard] [scheduling-1] c.c.uidashboard.schedule.SchedulerUtil   : Generated number for assigning a status to a task: 3
2024-08-25T12:03:41.384+03:30  INFO 54608 --- [UIdashboard] [scheduling-1] c.c.uidashboard.service.TaskService      : updating, task id: 54
2024-08-25T12:03:41.385+03:30 DEBUG 54608 --- [UIdashboard] [scheduling-1] c.ceadar.uidashboard.schedule.Scheduler  : task 54 , Task 54 is updated
2024-08-25T12:03:41.385+03:30  INFO 54608 --- [UIdashboard] [scheduling-1] c.c.uidashboard.schedule.SchedulerUtil   : Generated number for assigning a status to a task: 3
2024-08-25T12:03:41.385+03:30  INFO 54608 --- [UIdashboard] [scheduling-1] c.c.uidashboard.service.TaskService      : updating, task id: 55
2024-08-25T12:03:41.385+03:30 DEBUG 54608 --- [UIdashboard] [scheduling-1] c.ceadar.uidashboard.schedule.Scheduler  : task 55 , Task 55 is updated
2024-08-25T12:03:41.386+03:30  INFO 54608 --- [UIdashboard] [scheduling-1] c.c.uidashboard.schedule.SchedulerUtil   : Generated number for assigning a status to a task: 2
2024-08-25T12:03:41.386+03:30  INFO 54608 --- [UIdashboard] [scheduling-1] c.c.uidashboard.service.TaskService      : updating, task id: 56
2024-08-25T12:03:41.386+03:30 DEBUG 54608 --- [UIdashboard] [scheduling-1] c.ceadar.uidashboard.schedule.Scheduler  : task 56 , Task 56 is updated
2024-08-25T12:04:24.396+03:30  INFO 54608 --- [UIdashboard] [http-nio-8081-exec-3] c.c.u.controller.TaskController          : get AllTasks method is called in controller, 56 tasks found
2024-08-25T12:04:27.367+03:30  INFO 54608 --- [UIdashboard] [scheduling-1] c.ceadar.uidashboard.schedule.Scheduler  : add new batch task to database at 2024-08-25T12:04:27.367787
2024-08-25T12:04:27.373+03:30  INFO 54608 --- [UIdashboard] [scheduling-1] c.c.uidashboard.schedule.SchedulerUtil   : generate new task
2024-08-25T12:04:27.375+03:30  INFO 54608 --- [UIdashboard] [scheduling-1] c.c.uidashboard.schedule.SchedulerUtil   : Generated number for assigning a status to a task: 1
2024-08-25T12:04:27.375+03:30  INFO 54608 --- [UIdashboard] [scheduling-1] c.c.uidashboard.schedule.SchedulerUtil   : Random LocalDateTime created for field CreateAt
2024-08-25T12:04:27.375+03:30  INFO 54608 --- [UIdashboard] [scheduling-1] c.c.uidashboard.schedule.SchedulerUtil   : Generated number for assigning a status to a task: 3
2024-08-25T12:04:27.376+03:30  INFO 54608 --- [UIdashboard] [scheduling-1] c.c.uidashboard.schedule.SchedulerUtil   : Random LocalDateTime created for field CreateAt
2024-08-25T12:04:27.376+03:30  INFO 54608 --- [UIdashboard] [scheduling-1] c.c.uidashboard.schedule.SchedulerUtil   : Generated number for assigning a status to a task: 1
2024-08-25T12:04:27.376+03:30  INFO 54608 --- [UIdashboard] [scheduling-1] c.c.uidashboard.schedule.SchedulerUtil   : Random LocalDateTime created for field CreateAt
2024-08-25T12:04:27.376+03:30  INFO 54608 --- [UIdashboard] [scheduling-1] c.c.uidashboard.schedule.SchedulerUtil   : Generated number for assigning a status to a task: 3
2024-08-25T12:04:27.376+03:30  INFO 54608 --- [UIdashboard] [scheduling-1] c.c.uidashboard.schedule.SchedulerUtil   : Random LocalDateTime created for field CreateAt
2024-08-25T12:04:27.380+03:30  INFO 54608 --- [UIdashboard] [scheduling-1] c.ceadar.uidashboard.schedule.Scheduler  : add new batch task finished at 2024-08-25T12:04:27.380417
2024-08-25T12:04:41.348+03:30  INFO 54608 --- [UIdashboard] [scheduling-1] c.ceadar.uidashboard.schedule.Scheduler  : tasks fetching from database for update, count: 9
2024-08-25T12:04:41.349+03:30  INFO 54608 --- [UIdashboard] [scheduling-1] c.c.uidashboard.schedule.SchedulerUtil   : Generated number for assigning a status to a task: 4
2024-08-25T12:04:41.350+03:30  INFO 54608 --- [UIdashboard] [scheduling-1] c.c.uidashboard.service.TaskService      : updating, task id: 48
2024-08-25T12:04:41.353+03:30 DEBUG 54608 --- [UIdashboard] [scheduling-1] c.ceadar.uidashboard.schedule.Scheduler  : task 48 , Task 48 is updated
2024-08-25T12:04:41.353+03:30  INFO 54608 --- [UIdashboard] [scheduling-1] c.c.uidashboard.schedule.SchedulerUtil   : Generated number for assigning a status to a task: 2
2024-08-25T12:04:41.354+03:30  INFO 54608 --- [UIdashboard] [scheduling-1] c.c.uidashboard.service.TaskService      : updating, task id: 51
2024-08-25T12:04:41.355+03:30 DEBUG 54608 --- [UIdashboard] [scheduling-1] c.ceadar.uidashboard.schedule.Scheduler  : task 51 , Task 51 is updated
2024-08-25T12:04:41.355+03:30  INFO 54608 --- [UIdashboard] [scheduling-1] c.c.uidashboard.schedule.SchedulerUtil   : Generated number for assigning a status to a task: 2
2024-08-25T12:04:41.355+03:30  INFO 54608 --- [UIdashboard] [scheduling-1] c.c.uidashboard.service.TaskService      : updating, task id: 52
2024-08-25T12:04:41.356+03:30 DEBUG 54608 --- [UIdashboard] [scheduling-1] c.ceadar.uidashboard.schedule.Scheduler  : task 52 , Task 52 is updated
2024-08-25T12:04:41.356+03:30  INFO 54608 --- [UIdashboard] [scheduling-1] c.c.uidashboard.schedule.SchedulerUtil   : Generated number for assigning a status to a task: 4
2024-08-25T12:04:41.356+03:30  INFO 54608 --- [UIdashboard] [scheduling-1] c.c.uidashboard.service.TaskService      : updating, task id: 53
2024-08-25T12:04:41.357+03:30 DEBUG 54608 --- [UIdashboard] [scheduling-1] c.ceadar.uidashboard.schedule.Scheduler  : task 53 , Task 53 is updated
2024-08-25T12:04:41.357+03:30  INFO 54608 --- [UIdashboard] [scheduling-1] c.c.uidashboard.schedule.SchedulerUtil   : Generated number for assigning a status to a task: 4
2024-08-25T12:04:41.357+03:30  INFO 54608 --- [UIdashboard] [scheduling-1] c.c.uidashboard.service.TaskService      : updating, task id: 56
2024-08-25T12:04:41.358+03:30 DEBUG 54608 --- [UIdashboard] [scheduling-1] c.ceadar.uidashboard.schedule.Scheduler  : task 56 , Task 56 is updated
2024-08-25T12:04:41.358+03:30  INFO 54608 --- [UIdashboard] [scheduling-1] c.c.uidashboard.schedule.SchedulerUtil   : Generated number for assigning a status to a task: 2
2024-08-25T12:04:41.358+03:30  INFO 54608 --- [UIdashboard] [scheduling-1] c.c.uidashboard.service.TaskService      : updating, task id: 57
2024-08-25T12:04:41.359+03:30 DEBUG 54608 --- [UIdashboard] [scheduling-1] c.ceadar.uidashboard.schedule.Scheduler  : task 57 , Task 57 is updated
2024-08-25T12:04:41.359+03:30  INFO 54608 --- [UIdashboard] [scheduling-1] c.c.uidashboard.schedule.SchedulerUtil   : Generated number for assigning a status to a task: 3
2024-08-25T12:04:41.359+03:30  INFO 54608 --- [UIdashboard] [scheduling-1] c.c.uidashboard.service.TaskService      : updating, task id: 58
2024-08-25T12:04:41.360+03:30 DEBUG 54608 --- [UIdashboard] [scheduling-1] c.ceadar.uidashboard.schedule.Scheduler  : task 58 , Task 58 is updated
2024-08-25T12:04:41.360+03:30  INFO 54608 --- [UIdashboard] [scheduling-1] c.c.uidashboard.schedule.SchedulerUtil   : Generated number for assigning a status to a task: 2
2024-08-25T12:04:41.360+03:30  INFO 54608 --- [UIdashboard] [scheduling-1] c.c.uidashboard.service.TaskService      : updating, task id: 59
2024-08-25T12:04:41.361+03:30 DEBUG 54608 --- [UIdashboard] [scheduling-1] c.ceadar.uidashboard.schedule.Scheduler  : task 59 , Task 59 is updated
2024-08-25T12:04:41.361+03:30  INFO 54608 --- [UIdashboard] [scheduling-1] c.c.uidashboard.schedule.SchedulerUtil   : Generated number for assigning a status to a task: 3
2024-08-25T12:04:41.361+03:30  INFO 54608 --- [UIdashboard] [scheduling-1] c.c.uidashboard.service.TaskService      : updating, task id: 60
2024-08-25T12:04:41.362+03:30 DEBUG 54608 --- [UIdashboard] [scheduling-1] c.ceadar.uidashboard.schedule.Scheduler  : task 60 , Task 60 is updated
2024-08-25T12:05:25.341+03:30  INFO 54608 --- [UIdashboard] [http-nio-8081-exec-5] c.c.u.controller.TaskController          : get AllTasks method is called in controller, 60 tasks found
2024-08-25T12:05:26.326+03:30  INFO 54608 --- [UIdashboard] [scheduling-1] c.ceadar.uidashboard.schedule.Scheduler  : add new batch task to database at 2024-08-25T12:05:26.325972
2024-08-25T12:05:26.333+03:30  INFO 54608 --- [UIdashboard] [scheduling-1] c.c.uidashboard.schedule.SchedulerUtil   : generate new task
2024-08-25T12:05:26.335+03:30  INFO 54608 --- [UIdashboard] [scheduling-1] c.c.uidashboard.schedule.SchedulerUtil   : Generated number for assigning a status to a task: 3
2024-08-25T12:05:26.335+03:30  INFO 54608 --- [UIdashboard] [scheduling-1] c.c.uidashboard.schedule.SchedulerUtil   : Random LocalDateTime created for field CreateAt
2024-08-25T12:05:26.335+03:30  INFO 54608 --- [UIdashboard] [scheduling-1] c.c.uidashboard.schedule.SchedulerUtil   : Generated number for assigning a status to a task: 3
2024-08-25T12:05:26.335+03:30  INFO 54608 --- [UIdashboard] [scheduling-1] c.c.uidashboard.schedule.SchedulerUtil   : Random LocalDateTime created for field CreateAt
2024-08-25T12:05:26.335+03:30  INFO 54608 --- [UIdashboard] [scheduling-1] c.c.uidashboard.schedule.SchedulerUtil   : Generated number for assigning a status to a task: 2
2024-08-25T12:05:26.335+03:30  INFO 54608 --- [UIdashboard] [scheduling-1] c.c.uidashboard.schedule.SchedulerUtil   : Random LocalDateTime created for field CreateAt
2024-08-25T12:05:26.335+03:30  INFO 54608 --- [UIdashboard] [scheduling-1] c.c.uidashboard.schedule.SchedulerUtil   : Generated number for assigning a status to a task: 0
2024-08-25T12:05:26.335+03:30  INFO 54608 --- [UIdashboard] [scheduling-1] c.c.uidashboard.schedule.SchedulerUtil   : Random LocalDateTime created for field CreateAt
2024-08-25T12:05:26.338+03:30  INFO 54608 --- [UIdashboard] [scheduling-1] c.ceadar.uidashboard.schedule.Scheduler  : add new batch task finished at 2024-08-25T12:05:26.338327
2024-08-25T12:05:41.327+03:30  INFO 54608 --- [UIdashboard] [scheduling-1] c.ceadar.uidashboard.schedule.Scheduler  : tasks fetching from database for update, count: 8
2024-08-25T12:05:41.329+03:30  INFO 54608 --- [UIdashboard] [scheduling-1] c.c.uidashboard.schedule.SchedulerUtil   : Generated number for assigning a status to a task: 2
2024-08-25T12:05:41.329+03:30  INFO 54608 --- [UIdashboard] [scheduling-1] c.c.uidashboard.service.TaskService      : updating, task id: 51
2024-08-25T12:05:41.330+03:30 DEBUG 54608 --- [UIdashboard] [scheduling-1] c.ceadar.uidashboard.schedule.Scheduler  : task 51 , Task 51 is updated
2024-08-25T12:05:41.330+03:30  INFO 54608 --- [UIdashboard] [scheduling-1] c.c.uidashboard.schedule.SchedulerUtil   : Generated number for assigning a status to a task: 3
2024-08-25T12:05:41.330+03:30  INFO 54608 --- [UIdashboard] [scheduling-1] c.c.uidashboard.service.TaskService      : updating, task id: 52
2024-08-25T12:05:41.332+03:30 DEBUG 54608 --- [UIdashboard] [scheduling-1] c.ceadar.uidashboard.schedule.Scheduler  : task 52 , Task 52 is updated
2024-08-25T12:05:41.332+03:30  INFO 54608 --- [UIdashboard] [scheduling-1] c.c.uidashboard.schedule.SchedulerUtil   : Generated number for assigning a status to a task: 0
2024-08-25T12:05:41.332+03:30  INFO 54608 --- [UIdashboard] [scheduling-1] c.c.uidashboard.service.TaskService      : updating, task id: 57
2024-08-25T12:05:41.332+03:30 DEBUG 54608 --- [UIdashboard] [scheduling-1] c.ceadar.uidashboard.schedule.Scheduler  : task 57 , Task 57 is updated
2024-08-25T12:05:41.333+03:30  INFO 54608 --- [UIdashboard] [scheduling-1] c.c.uidashboard.schedule.SchedulerUtil   : Generated number for assigning a status to a task: 4
2024-08-25T12:05:41.333+03:30  INFO 54608 --- [UIdashboard] [scheduling-1] c.c.uidashboard.service.TaskService      : updating, task id: 59
2024-08-25T12:05:41.333+03:30 DEBUG 54608 --- [UIdashboard] [scheduling-1] c.ceadar.uidashboard.schedule.Scheduler  : task 59 , Task 59 is updated
2024-08-25T12:05:41.333+03:30  INFO 54608 --- [UIdashboard] [scheduling-1] c.c.uidashboard.schedule.SchedulerUtil   : Generated number for assigning a status to a task: 2
2024-08-25T12:05:41.333+03:30  INFO 54608 --- [UIdashboard] [scheduling-1] c.c.uidashboard.service.TaskService      : updating, task id: 61
2024-08-25T12:05:41.334+03:30 DEBUG 54608 --- [UIdashboard] [scheduling-1] c.ceadar.uidashboard.schedule.Scheduler  : task 61 , Task 61 is updated
2024-08-25T12:05:41.334+03:30  INFO 54608 --- [UIdashboard] [scheduling-1] c.c.uidashboard.schedule.SchedulerUtil   : Generated number for assigning a status to a task: 2
2024-08-25T12:05:41.334+03:30  INFO 54608 --- [UIdashboard] [scheduling-1] c.c.uidashboard.service.TaskService      : updating, task id: 62
2024-08-25T12:05:41.334+03:30 DEBUG 54608 --- [UIdashboard] [scheduling-1] c.ceadar.uidashboard.schedule.Scheduler  : task 62 , Task 62 is updated
2024-08-25T12:05:41.334+03:30  INFO 54608 --- [UIdashboard] [scheduling-1] c.c.uidashboard.schedule.SchedulerUtil   : Generated number for assigning a status to a task: 1
2024-08-25T12:05:41.334+03:30  INFO 54608 --- [UIdashboard] [scheduling-1] c.c.uidashboard.service.TaskService      : updating, task id: 63
2024-08-25T12:05:41.335+03:30 DEBUG 54608 --- [UIdashboard] [scheduling-1] c.ceadar.uidashboard.schedule.Scheduler  : task 63 , Task 63 is updated
2024-08-25T12:05:41.335+03:30  INFO 54608 --- [UIdashboard] [scheduling-1] c.c.uidashboard.schedule.SchedulerUtil   : Generated number for assigning a status to a task: 3
2024-08-25T12:05:41.335+03:30  INFO 54608 --- [UIdashboard] [scheduling-1] c.c.uidashboard.service.TaskService      : updating, task id: 64
2024-08-25T12:05:41.337+03:30 DEBUG 54608 --- [UIdashboard] [scheduling-1] c.ceadar.uidashboard.schedule.Scheduler  : task 64 , Task 64 is updated
2024-08-25T12:06:25.324+03:30  INFO 54608 --- [UIdashboard] [scheduling-1] c.ceadar.uidashboard.schedule.Scheduler  : add new batch task to database at 2024-08-25T12:06:25.324713
2024-08-25T12:06:25.330+03:30  INFO 54608 --- [UIdashboard] [scheduling-1] c.c.uidashboard.schedule.SchedulerUtil   : generate new task
2024-08-25T12:06:25.332+03:30  INFO 54608 --- [UIdashboard] [scheduling-1] c.c.uidashboard.schedule.SchedulerUtil   : Generated number for assigning a status to a task: 2
2024-08-25T12:06:25.332+03:30  INFO 54608 --- [UIdashboard] [scheduling-1] c.c.uidashboard.schedule.SchedulerUtil   : Random LocalDateTime created for field CreateAt
2024-08-25T12:06:25.332+03:30  INFO 54608 --- [UIdashboard] [scheduling-1] c.c.uidashboard.schedule.SchedulerUtil   : Generated number for assigning a status to a task: 4
2024-08-25T12:06:25.332+03:30  INFO 54608 --- [UIdashboard] [scheduling-1] c.c.uidashboard.schedule.SchedulerUtil   : Random LocalDateTime created for field CreateAt
2024-08-25T12:06:25.332+03:30  INFO 54608 --- [UIdashboard] [scheduling-1] c.c.uidashboard.schedule.SchedulerUtil   : Generated number for assigning a status to a task: 0
2024-08-25T12:06:25.332+03:30  INFO 54608 --- [UIdashboard] [scheduling-1] c.c.uidashboard.schedule.SchedulerUtil   : Random LocalDateTime created for field CreateAt
2024-08-25T12:06:25.332+03:30  INFO 54608 --- [UIdashboard] [scheduling-1] c.c.uidashboard.schedule.SchedulerUtil   : Generated number for assigning a status to a task: 2
2024-08-25T12:06:25.332+03:30  INFO 54608 --- [UIdashboard] [scheduling-1] c.c.uidashboard.schedule.SchedulerUtil   : Random LocalDateTime created for field CreateAt
2024-08-25T12:06:25.335+03:30  INFO 54608 --- [UIdashboard] [scheduling-1] c.ceadar.uidashboard.schedule.Scheduler  : add new batch task finished at 2024-08-25T12:06:25.335127
2024-08-25T12:06:26.336+03:30  INFO 54608 --- [UIdashboard] [http-nio-8081-exec-7] c.c.u.controller.TaskController          : get AllTasks method is called in controller, 68 tasks found
2024-08-25T12:06:41.329+03:30  INFO 54608 --- [UIdashboard] [scheduling-1] c.ceadar.uidashboard.schedule.Scheduler  : tasks fetching from database for update, count: 9
2024-08-25T12:06:41.330+03:30  INFO 54608 --- [UIdashboard] [scheduling-1] c.c.uidashboard.schedule.SchedulerUtil   : Generated number for assigning a status to a task: 1
2024-08-25T12:06:41.330+03:30  INFO 54608 --- [UIdashboard] [scheduling-1] c.c.uidashboard.service.TaskService      : updating, task id: 51
2024-08-25T12:06:41.332+03:30 DEBUG 54608 --- [UIdashboard] [scheduling-1] c.ceadar.uidashboard.schedule.Scheduler  : task 51 , Task 51 is updated
2024-08-25T12:06:41.332+03:30  INFO 54608 --- [UIdashboard] [scheduling-1] c.c.uidashboard.schedule.SchedulerUtil   : Generated number for assigning a status to a task: 2
2024-08-25T12:06:41.332+03:30  INFO 54608 --- [UIdashboard] [scheduling-1] c.c.uidashboard.service.TaskService      : updating, task id: 57
2024-08-25T12:06:41.333+03:30 DEBUG 54608 --- [UIdashboard] [scheduling-1] c.ceadar.uidashboard.schedule.Scheduler  : task 57 , Task 57 is updated
2024-08-25T12:06:41.333+03:30  INFO 54608 --- [UIdashboard] [scheduling-1] c.c.uidashboard.schedule.SchedulerUtil   : Generated number for assigning a status to a task: 1
2024-08-25T12:06:41.333+03:30  INFO 54608 --- [UIdashboard] [scheduling-1] c.c.uidashboard.service.TaskService      : updating, task id: 61
2024-08-25T12:06:41.333+03:30 DEBUG 54608 --- [UIdashboard] [scheduling-1] c.ceadar.uidashboard.schedule.Scheduler  : task 61 , Task 61 is updated
2024-08-25T12:06:41.333+03:30  INFO 54608 --- [UIdashboard] [scheduling-1] c.c.uidashboard.schedule.SchedulerUtil   : Generated number for assigning a status to a task: 3
2024-08-25T12:06:41.333+03:30  INFO 54608 --- [UIdashboard] [scheduling-1] c.c.uidashboard.service.TaskService      : updating, task id: 62
2024-08-25T12:06:41.334+03:30 DEBUG 54608 --- [UIdashboard] [scheduling-1] c.ceadar.uidashboard.schedule.Scheduler  : task 62 , Task 62 is updated
2024-08-25T12:06:41.334+03:30  INFO 54608 --- [UIdashboard] [scheduling-1] c.c.uidashboard.schedule.SchedulerUtil   : Generated number for assigning a status to a task: 2
2024-08-25T12:06:41.334+03:30  INFO 54608 --- [UIdashboard] [scheduling-1] c.c.uidashboard.service.TaskService      : updating, task id: 63
2024-08-25T12:06:41.334+03:30 DEBUG 54608 --- [UIdashboard] [scheduling-1] c.ceadar.uidashboard.schedule.Scheduler  : task 63 , Task 63 is updated
2024-08-25T12:06:41.334+03:30  INFO 54608 --- [UIdashboard] [scheduling-1] c.c.uidashboard.schedule.SchedulerUtil   : Generated number for assigning a status to a task: 4
2024-08-25T12:06:41.334+03:30  INFO 54608 --- [UIdashboard] [scheduling-1] c.c.uidashboard.service.TaskService      : updating, task id: 65
2024-08-25T12:06:41.335+03:30 DEBUG 54608 --- [UIdashboard] [scheduling-1] c.ceadar.uidashboard.schedule.Scheduler  : task 65 , Task 65 is updated
2024-08-25T12:06:41.335+03:30  INFO 54608 --- [UIdashboard] [scheduling-1] c.c.uidashboard.schedule.SchedulerUtil   : Generated number for assigning a status to a task: 4
2024-08-25T12:06:41.335+03:30  INFO 54608 --- [UIdashboard] [scheduling-1] c.c.uidashboard.service.TaskService      : updating, task id: 66
2024-08-25T12:06:41.335+03:30 DEBUG 54608 --- [UIdashboard] [scheduling-1] c.ceadar.uidashboard.schedule.Scheduler  : task 66 , Task 66 is updated
2024-08-25T12:06:41.335+03:30  INFO 54608 --- [UIdashboard] [scheduling-1] c.c.uidashboard.schedule.SchedulerUtil   : Generated number for assigning a status to a task: 0
2024-08-25T12:06:41.335+03:30  INFO 54608 --- [UIdashboard] [scheduling-1] c.c.uidashboard.service.TaskService      : updating, task id: 67
2024-08-25T12:06:41.336+03:30 DEBUG 54608 --- [UIdashboard] [scheduling-1] c.ceadar.uidashboard.schedule.Scheduler  : task 67 , Task 67 is updated
2024-08-25T12:06:41.336+03:30  INFO 54608 --- [UIdashboard] [scheduling-1] c.c.uidashboard.schedule.SchedulerUtil   : Generated number for assigning a status to a task: 3
2024-08-25T12:06:41.336+03:30  INFO 54608 --- [UIdashboard] [scheduling-1] c.c.uidashboard.service.TaskService      : updating, task id: 68
2024-08-25T12:06:41.336+03:30 DEBUG 54608 --- [UIdashboard] [scheduling-1] c.ceadar.uidashboard.schedule.Scheduler  : task 68 , Task 68 is updated
2024-08-25T12:07:24.326+03:30  INFO 54608 --- [UIdashboard] [scheduling-1] c.ceadar.uidashboard.schedule.Scheduler  : add new batch task to database at 2024-08-25T12:07:24.326510
2024-08-25T12:07:24.347+03:30  INFO 54608 --- [UIdashboard] [scheduling-1] c.c.uidashboard.schedule.SchedulerUtil   : generate new task
2024-08-25T12:07:24.348+03:30  INFO 54608 --- [UIdashboard] [scheduling-1] c.c.uidashboard.schedule.SchedulerUtil   : Generated number for assigning a status to a task: 3
2024-08-25T12:07:24.349+03:30  INFO 54608 --- [UIdashboard] [scheduling-1] c.c.uidashboard.schedule.SchedulerUtil   : Random LocalDateTime created for field CreateAt
2024-08-25T12:07:24.349+03:30  INFO 54608 --- [UIdashboard] [scheduling-1] c.c.uidashboard.schedule.SchedulerUtil   : Generated number for assigning a status to a task: 1
2024-08-25T12:07:24.349+03:30  INFO 54608 --- [UIdashboard] [scheduling-1] c.c.uidashboard.schedule.SchedulerUtil   : Random LocalDateTime created for field CreateAt
2024-08-25T12:07:24.349+03:30  INFO 54608 --- [UIdashboard] [scheduling-1] c.c.uidashboard.schedule.SchedulerUtil   : Generated number for assigning a status to a task: 0
2024-08-25T12:07:24.349+03:30  INFO 54608 --- [UIdashboard] [scheduling-1] c.c.uidashboard.schedule.SchedulerUtil   : Random LocalDateTime created for field CreateAt
2024-08-25T12:07:24.349+03:30  INFO 54608 --- [UIdashboard] [scheduling-1] c.c.uidashboard.schedule.SchedulerUtil   : Generated number for assigning a status to a task: 2
2024-08-25T12:07:24.349+03:30  INFO 54608 --- [UIdashboard] [scheduling-1] c.c.uidashboard.schedule.SchedulerUtil   : Random LocalDateTime created for field CreateAt
2024-08-25T12:07:24.352+03:30  INFO 54608 --- [UIdashboard] [scheduling-1] c.ceadar.uidashboard.schedule.Scheduler  : add new batch task finished at 2024-08-25T12:07:24.352189
2024-08-25T12:07:27.343+03:30  INFO 54608 --- [UIdashboard] [http-nio-8081-exec-9] c.c.u.controller.TaskController          : get AllTasks method is called in controller, 72 tasks found
2024-08-25T12:07:41.330+03:30  INFO 54608 --- [UIdashboard] [scheduling-1] c.ceadar.uidashboard.schedule.Scheduler  : tasks fetching from database for update, count: 9
2024-08-25T12:07:41.331+03:30  INFO 54608 --- [UIdashboard] [scheduling-1] c.c.uidashboard.schedule.SchedulerUtil   : Generated number for assigning a status to a task: 0
2024-08-25T12:07:41.331+03:30  INFO 54608 --- [UIdashboard] [scheduling-1] c.c.uidashboard.service.TaskService      : updating, task id: 51
2024-08-25T12:07:41.335+03:30 DEBUG 54608 --- [UIdashboard] [scheduling-1] c.ceadar.uidashboard.schedule.Scheduler  : task 51 , Task 51 is updated
2024-08-25T12:07:41.335+03:30  INFO 54608 --- [UIdashboard] [scheduling-1] c.c.uidashboard.schedule.SchedulerUtil   : Generated number for assigning a status to a task: 0
2024-08-25T12:07:41.335+03:30  INFO 54608 --- [UIdashboard] [scheduling-1] c.c.uidashboard.service.TaskService      : updating, task id: 57
2024-08-25T12:07:41.336+03:30 DEBUG 54608 --- [UIdashboard] [scheduling-1] c.ceadar.uidashboard.schedule.Scheduler  : task 57 , Task 57 is updated
2024-08-25T12:07:41.336+03:30  INFO 54608 --- [UIdashboard] [scheduling-1] c.c.uidashboard.schedule.SchedulerUtil   : Generated number for assigning a status to a task: 3
2024-08-25T12:07:41.336+03:30  INFO 54608 --- [UIdashboard] [scheduling-1] c.c.uidashboard.service.TaskService      : updating, task id: 61
2024-08-25T12:07:41.337+03:30 DEBUG 54608 --- [UIdashboard] [scheduling-1] c.ceadar.uidashboard.schedule.Scheduler  : task 61 , Task 61 is updated
2024-08-25T12:07:41.337+03:30  INFO 54608 --- [UIdashboard] [scheduling-1] c.c.uidashboard.schedule.SchedulerUtil   : Generated number for assigning a status to a task: 3
2024-08-25T12:07:41.337+03:30  INFO 54608 --- [UIdashboard] [scheduling-1] c.c.uidashboard.service.TaskService      : updating, task id: 63
2024-08-25T12:07:41.337+03:30 DEBUG 54608 --- [UIdashboard] [scheduling-1] c.ceadar.uidashboard.schedule.Scheduler  : task 63 , Task 63 is updated
2024-08-25T12:07:41.338+03:30  INFO 54608 --- [UIdashboard] [scheduling-1] c.c.uidashboard.schedule.SchedulerUtil   : Generated number for assigning a status to a task: 4
2024-08-25T12:07:41.338+03:30  INFO 54608 --- [UIdashboard] [scheduling-1] c.c.uidashboard.service.TaskService      : updating, task id: 67
2024-08-25T12:07:41.338+03:30 DEBUG 54608 --- [UIdashboard] [scheduling-1] c.ceadar.uidashboard.schedule.Scheduler  : task 67 , Task 67 is updated
2024-08-25T12:07:41.338+03:30  INFO 54608 --- [UIdashboard] [scheduling-1] c.c.uidashboard.schedule.SchedulerUtil   : Generated number for assigning a status to a task: 3
2024-08-25T12:07:41.338+03:30  INFO 54608 --- [UIdashboard] [scheduling-1] c.c.uidashboard.service.TaskService      : updating, task id: 69
2024-08-25T12:07:41.339+03:30 DEBUG 54608 --- [UIdashboard] [scheduling-1] c.ceadar.uidashboard.schedule.Scheduler  : task 69 , Task 69 is updated
2024-08-25T12:07:41.339+03:30  INFO 54608 --- [UIdashboard] [scheduling-1] c.c.uidashboard.schedule.SchedulerUtil   : Generated number for assigning a status to a task: 3
2024-08-25T12:07:41.339+03:30  INFO 54608 --- [UIdashboard] [scheduling-1] c.c.uidashboard.service.TaskService      : updating, task id: 70
2024-08-25T12:07:41.340+03:30 DEBUG 54608 --- [UIdashboard] [scheduling-1] c.ceadar.uidashboard.schedule.Scheduler  : task 70 , Task 70 is updated
2024-08-25T12:07:41.340+03:30  INFO 54608 --- [UIdashboard] [scheduling-1] c.c.uidashboard.schedule.SchedulerUtil   : Generated number for assigning a status to a task: 4
2024-08-25T12:07:41.340+03:30  INFO 54608 --- [UIdashboard] [scheduling-1] c.c.uidashboard.service.TaskService      : updating, task id: 71
2024-08-25T12:07:41.341+03:30 DEBUG 54608 --- [UIdashboard] [scheduling-1] c.ceadar.uidashboard.schedule.Scheduler  : task 71 , Task 71 is updated
2024-08-25T12:07:41.341+03:30  INFO 54608 --- [UIdashboard] [scheduling-1] c.c.uidashboard.schedule.SchedulerUtil   : Generated number for assigning a status to a task: 1
2024-08-25T12:07:41.341+03:30  INFO 54608 --- [UIdashboard] [scheduling-1] c.c.uidashboard.service.TaskService      : updating, task id: 72
2024-08-25T12:07:41.341+03:30 DEBUG 54608 --- [UIdashboard] [scheduling-1] c.ceadar.uidashboard.schedule.Scheduler  : task 72 , Task 72 is updated
2024-08-25T12:08:23.324+03:30  INFO 54608 --- [UIdashboard] [scheduling-1] c.ceadar.uidashboard.schedule.Scheduler  : add new batch task to database at 2024-08-25T12:08:23.324667
2024-08-25T12:08:23.331+03:30  INFO 54608 --- [UIdashboard] [scheduling-1] c.c.uidashboard.schedule.SchedulerUtil   : generate new task
2024-08-25T12:08:23.332+03:30  INFO 54608 --- [UIdashboard] [scheduling-1] c.c.uidashboard.schedule.SchedulerUtil   : Generated number for assigning a status to a task: 2
2024-08-25T12:08:23.332+03:30  INFO 54608 --- [UIdashboard] [scheduling-1] c.c.uidashboard.schedule.SchedulerUtil   : Random LocalDateTime created for field CreateAt
2024-08-25T12:08:23.332+03:30  INFO 54608 --- [UIdashboard] [scheduling-1] c.c.uidashboard.schedule.SchedulerUtil   : Generated number for assigning a status to a task: 4
2024-08-25T12:08:23.332+03:30  INFO 54608 --- [UIdashboard] [scheduling-1] c.c.uidashboard.schedule.SchedulerUtil   : Random LocalDateTime created for field CreateAt
2024-08-25T12:08:23.332+03:30  INFO 54608 --- [UIdashboard] [scheduling-1] c.c.uidashboard.schedule.SchedulerUtil   : Generated number for assigning a status to a task: 3
2024-08-25T12:08:23.332+03:30  INFO 54608 --- [UIdashboard] [scheduling-1] c.c.uidashboard.schedule.SchedulerUtil   : Random LocalDateTime created for field CreateAt
2024-08-25T12:08:23.333+03:30  INFO 54608 --- [UIdashboard] [scheduling-1] c.c.uidashboard.schedule.SchedulerUtil   : Generated number for assigning a status to a task: 4
2024-08-25T12:08:23.333+03:30  INFO 54608 --- [UIdashboard] [scheduling-1] c.c.uidashboard.schedule.SchedulerUtil   : Random LocalDateTime created for field CreateAt
2024-08-25T12:08:23.335+03:30  INFO 54608 --- [UIdashboard] [scheduling-1] c.ceadar.uidashboard.schedule.Scheduler  : add new batch task finished at 2024-08-25T12:08:23.335673
2024-08-25T12:08:28.340+03:30  INFO 54608 --- [UIdashboard] [http-nio-8081-exec-1] c.c.u.controller.TaskController          : get AllTasks method is called in controller, 76 tasks found
2024-08-25T12:08:41.331+03:30  INFO 54608 --- [UIdashboard] [scheduling-1] c.ceadar.uidashboard.schedule.Scheduler  : tasks fetching from database for update, count: 7
2024-08-25T12:08:41.332+03:30  INFO 54608 --- [UIdashboard] [scheduling-1] c.c.uidashboard.schedule.SchedulerUtil   : Generated number for assigning a status to a task: 3
2024-08-25T12:08:41.332+03:30  INFO 54608 --- [UIdashboard] [scheduling-1] c.c.uidashboard.service.TaskService      : updating, task id: 51
2024-08-25T12:08:41.340+03:30 DEBUG 54608 --- [UIdashboard] [scheduling-1] c.ceadar.uidashboard.schedule.Scheduler  : task 51 , Task 51 is updated
2024-08-25T12:08:41.340+03:30  INFO 54608 --- [UIdashboard] [scheduling-1] c.c.uidashboard.schedule.SchedulerUtil   : Generated number for assigning a status to a task: 0
2024-08-25T12:08:41.340+03:30  INFO 54608 --- [UIdashboard] [scheduling-1] c.c.uidashboard.service.TaskService      : updating, task id: 57
2024-08-25T12:08:41.341+03:30 DEBUG 54608 --- [UIdashboard] [scheduling-1] c.ceadar.uidashboard.schedule.Scheduler  : task 57 , Task 57 is updated
2024-08-25T12:08:41.341+03:30  INFO 54608 --- [UIdashboard] [scheduling-1] c.c.uidashboard.schedule.SchedulerUtil   : Generated number for assigning a status to a task: 0
2024-08-25T12:08:41.341+03:30  INFO 54608 --- [UIdashboard] [scheduling-1] c.c.uidashboard.service.TaskService      : updating, task id: 72
2024-08-25T12:08:41.342+03:30 DEBUG 54608 --- [UIdashboard] [scheduling-1] c.ceadar.uidashboard.schedule.Scheduler  : task 72 , Task 72 is updated
2024-08-25T12:08:41.342+03:30  INFO 54608 --- [UIdashboard] [scheduling-1] c.c.uidashboard.schedule.SchedulerUtil   : Generated number for assigning a status to a task: 3
2024-08-25T12:08:41.342+03:30  INFO 54608 --- [UIdashboard] [scheduling-1] c.c.uidashboard.service.TaskService      : updating, task id: 73
2024-08-25T12:08:41.343+03:30 DEBUG 54608 --- [UIdashboard] [scheduling-1] c.ceadar.uidashboard.schedule.Scheduler  : task 73 , Task 73 is updated
2024-08-25T12:08:41.343+03:30  INFO 54608 --- [UIdashboard] [scheduling-1] c.c.uidashboard.schedule.SchedulerUtil   : Generated number for assigning a status to a task: 2
2024-08-25T12:08:41.343+03:30  INFO 54608 --- [UIdashboard] [scheduling-1] c.c.uidashboard.service.TaskService      : updating, task id: 74
2024-08-25T12:08:41.343+03:30 DEBUG 54608 --- [UIdashboard] [scheduling-1] c.ceadar.uidashboard.schedule.Scheduler  : task 74 , Task 74 is updated
2024-08-25T12:08:41.343+03:30  INFO 54608 --- [UIdashboard] [scheduling-1] c.c.uidashboard.schedule.SchedulerUtil   : Generated number for assigning a status to a task: 2
2024-08-25T12:08:41.343+03:30  INFO 54608 --- [UIdashboard] [scheduling-1] c.c.uidashboard.service.TaskService      : updating, task id: 75
2024-08-25T12:08:41.344+03:30 DEBUG 54608 --- [UIdashboard] [scheduling-1] c.ceadar.uidashboard.schedule.Scheduler  : task 75 , Task 75 is updated
2024-08-25T12:08:41.344+03:30  INFO 54608 --- [UIdashboard] [scheduling-1] c.c.uidashboard.schedule.SchedulerUtil   : Generated number for assigning a status to a task: 0
2024-08-25T12:08:41.344+03:30  INFO 54608 --- [UIdashboard] [scheduling-1] c.c.uidashboard.service.TaskService      : updating, task id: 76
2024-08-25T12:08:41.345+03:30 DEBUG 54608 --- [UIdashboard] [scheduling-1] c.ceadar.uidashboard.schedule.Scheduler  : task 76 , Task 76 is updated
2024-08-25T12:09:22.325+03:30  INFO 54608 --- [UIdashboard] [scheduling-1] c.ceadar.uidashboard.schedule.Scheduler  : add new batch task to database at 2024-08-25T12:09:22.325211
2024-08-25T12:09:22.332+03:30  INFO 54608 --- [UIdashboard] [scheduling-1] c.c.uidashboard.schedule.SchedulerUtil   : generate new task
2024-08-25T12:09:22.334+03:30  INFO 54608 --- [UIdashboard] [scheduling-1] c.c.uidashboard.schedule.SchedulerUtil   : Generated number for assigning a status to a task: 1
2024-08-25T12:09:22.334+03:30  INFO 54608 --- [UIdashboard] [scheduling-1] c.c.uidashboard.schedule.SchedulerUtil   : Random LocalDateTime created for field CreateAt
2024-08-25T12:09:22.334+03:30  INFO 54608 --- [UIdashboard] [scheduling-1] c.c.uidashboard.schedule.SchedulerUtil   : Generated number for assigning a status to a task: 3
2024-08-25T12:09:22.334+03:30  INFO 54608 --- [UIdashboard] [scheduling-1] c.c.uidashboard.schedule.SchedulerUtil   : Random LocalDateTime created for field CreateAt
2024-08-25T12:09:22.334+03:30  INFO 54608 --- [UIdashboard] [scheduling-1] c.c.uidashboard.schedule.SchedulerUtil   : Generated number for assigning a status to a task: 2
2024-08-25T12:09:22.334+03:30  INFO 54608 --- [UIdashboard] [scheduling-1] c.c.uidashboard.schedule.SchedulerUtil   : Random LocalDateTime created for field CreateAt
2024-08-25T12:09:22.334+03:30  INFO 54608 --- [UIdashboard] [scheduling-1] c.c.uidashboard.schedule.SchedulerUtil   : Generated number for assigning a status to a task: 4
2024-08-25T12:09:22.334+03:30  INFO 54608 --- [UIdashboard] [scheduling-1] c.c.uidashboard.schedule.SchedulerUtil   : Random LocalDateTime created for field CreateAt
2024-08-25T12:09:22.336+03:30  INFO 54608 --- [UIdashboard] [scheduling-1] c.ceadar.uidashboard.schedule.Scheduler  : add new batch task finished at 2024-08-25T12:09:22.336670
2024-08-25T12:09:29.369+03:30  INFO 54608 --- [UIdashboard] [http-nio-8081-exec-3] c.c.u.controller.TaskController          : get AllTasks method is called in controller, 80 tasks found
2024-08-25T12:09:41.331+03:30  INFO 54608 --- [UIdashboard] [scheduling-1] c.ceadar.uidashboard.schedule.Scheduler  : tasks fetching from database for update, count: 9
2024-08-25T12:09:41.332+03:30  INFO 54608 --- [UIdashboard] [scheduling-1] c.c.uidashboard.schedule.SchedulerUtil   : Generated number for assigning a status to a task: 3
2024-08-25T12:09:41.332+03:30  INFO 54608 --- [UIdashboard] [scheduling-1] c.c.uidashboard.service.TaskService      : updating, task id: 57
2024-08-25T12:09:41.335+03:30 DEBUG 54608 --- [UIdashboard] [scheduling-1] c.ceadar.uidashboard.schedule.Scheduler  : task 57 , Task 57 is updated
2024-08-25T12:09:41.335+03:30  INFO 54608 --- [UIdashboard] [scheduling-1] c.c.uidashboard.schedule.SchedulerUtil   : Generated number for assigning a status to a task: 3
2024-08-25T12:09:41.335+03:30  INFO 54608 --- [UIdashboard] [scheduling-1] c.c.uidashboard.service.TaskService      : updating, task id: 72
2024-08-25T12:09:41.337+03:30 DEBUG 54608 --- [UIdashboard] [scheduling-1] c.ceadar.uidashboard.schedule.Scheduler  : task 72 , Task 72 is updated
2024-08-25T12:09:41.337+03:30  INFO 54608 --- [UIdashboard] [scheduling-1] c.c.uidashboard.schedule.SchedulerUtil   : Generated number for assigning a status to a task: 2
2024-08-25T12:09:41.337+03:30  INFO 54608 --- [UIdashboard] [scheduling-1] c.c.uidashboard.service.TaskService      : updating, task id: 74
2024-08-25T12:09:41.338+03:30 DEBUG 54608 --- [UIdashboard] [scheduling-1] c.ceadar.uidashboard.schedule.Scheduler  : task 74 , Task 74 is updated
2024-08-25T12:09:41.338+03:30  INFO 54608 --- [UIdashboard] [scheduling-1] c.c.uidashboard.schedule.SchedulerUtil   : Generated number for assigning a status to a task: 3
2024-08-25T12:09:41.338+03:30  INFO 54608 --- [UIdashboard] [scheduling-1] c.c.uidashboard.service.TaskService      : updating, task id: 75
2024-08-25T12:09:41.339+03:30 DEBUG 54608 --- [UIdashboard] [scheduling-1] c.ceadar.uidashboard.schedule.Scheduler  : task 75 , Task 75 is updated
2024-08-25T12:09:41.339+03:30  INFO 54608 --- [UIdashboard] [scheduling-1] c.c.uidashboard.schedule.SchedulerUtil   : Generated number for assigning a status to a task: 3
2024-08-25T12:09:41.339+03:30  INFO 54608 --- [UIdashboard] [scheduling-1] c.c.uidashboard.service.TaskService      : updating, task id: 76
2024-08-25T12:09:41.340+03:30 DEBUG 54608 --- [UIdashboard] [scheduling-1] c.ceadar.uidashboard.schedule.Scheduler  : task 76 , Task 76 is updated
2024-08-25T12:09:41.340+03:30  INFO 54608 --- [UIdashboard] [scheduling-1] c.c.uidashboard.schedule.SchedulerUtil   : Generated number for assigning a status to a task: 4
2024-08-25T12:09:41.340+03:30  INFO 54608 --- [UIdashboard] [scheduling-1] c.c.uidashboard.service.TaskService      : updating, task id: 77
2024-08-25T12:09:41.340+03:30 DEBUG 54608 --- [UIdashboard] [scheduling-1] c.ceadar.uidashboard.schedule.Scheduler  : task 77 , Task 77 is updated
2024-08-25T12:09:41.340+03:30  INFO 54608 --- [UIdashboard] [scheduling-1] c.c.uidashboard.schedule.SchedulerUtil   : Generated number for assigning a status to a task: 0
2024-08-25T12:09:41.340+03:30  INFO 54608 --- [UIdashboard] [scheduling-1] c.c.uidashboard.service.TaskService      : updating, task id: 78
2024-08-25T12:09:41.341+03:30 DEBUG 54608 --- [UIdashboard] [scheduling-1] c.ceadar.uidashboard.schedule.Scheduler  : task 78 , Task 78 is updated
2024-08-25T12:09:41.341+03:30  INFO 54608 --- [UIdashboard] [scheduling-1] c.c.uidashboard.schedule.SchedulerUtil   : Generated number for assigning a status to a task: 0
2024-08-25T12:09:41.341+03:30  INFO 54608 --- [UIdashboard] [scheduling-1] c.c.uidashboard.service.TaskService      : updating, task id: 79
2024-08-25T12:09:41.342+03:30 DEBUG 54608 --- [UIdashboard] [scheduling-1] c.ceadar.uidashboard.schedule.Scheduler  : task 79 , Task 79 is updated
2024-08-25T12:09:41.342+03:30  INFO 54608 --- [UIdashboard] [scheduling-1] c.c.uidashboard.schedule.SchedulerUtil   : Generated number for assigning a status to a task: 2
2024-08-25T12:09:41.342+03:30  INFO 54608 --- [UIdashboard] [scheduling-1] c.c.uidashboard.service.TaskService      : updating, task id: 80
2024-08-25T12:09:41.342+03:30 DEBUG 54608 --- [UIdashboard] [scheduling-1] c.ceadar.uidashboard.schedule.Scheduler  : task 80 , Task 80 is updated
2024-08-25T12:10:21.321+03:30  INFO 54608 --- [UIdashboard] [scheduling-1] c.ceadar.uidashboard.schedule.Scheduler  : add new batch task to database at 2024-08-25T12:10:21.321554
2024-08-25T12:10:21.331+03:30  INFO 54608 --- [UIdashboard] [scheduling-1] c.c.uidashboard.schedule.SchedulerUtil   : generate new task
2024-08-25T12:10:21.332+03:30  INFO 54608 --- [UIdashboard] [scheduling-1] c.c.uidashboard.schedule.SchedulerUtil   : Generated number for assigning a status to a task: 3
2024-08-25T12:10:21.332+03:30  INFO 54608 --- [UIdashboard] [scheduling-1] c.c.uidashboard.schedule.SchedulerUtil   : Random LocalDateTime created for field CreateAt
2024-08-25T12:10:21.332+03:30  INFO 54608 --- [UIdashboard] [scheduling-1] c.c.uidashboard.schedule.SchedulerUtil   : Generated number for assigning a status to a task: 3
2024-08-25T12:10:21.332+03:30  INFO 54608 --- [UIdashboard] [scheduling-1] c.c.uidashboard.schedule.SchedulerUtil   : Random LocalDateTime created for field CreateAt
2024-08-25T12:10:21.332+03:30  INFO 54608 --- [UIdashboard] [scheduling-1] c.c.uidashboard.schedule.SchedulerUtil   : Generated number for assigning a status to a task: 2
2024-08-25T12:10:21.332+03:30  INFO 54608 --- [UIdashboard] [scheduling-1] c.c.uidashboard.schedule.SchedulerUtil   : Random LocalDateTime created for field CreateAt
2024-08-25T12:10:21.332+03:30  INFO 54608 --- [UIdashboard] [scheduling-1] c.c.uidashboard.schedule.SchedulerUtil   : Generated number for assigning a status to a task: 4
2024-08-25T12:10:21.332+03:30  INFO 54608 --- [UIdashboard] [scheduling-1] c.c.uidashboard.schedule.SchedulerUtil   : Random LocalDateTime created for field CreateAt
2024-08-25T12:10:21.334+03:30  INFO 54608 --- [UIdashboard] [scheduling-1] c.ceadar.uidashboard.schedule.Scheduler  : add new batch task finished at 2024-08-25T12:10:21.334535
2024-08-25T12:10:30.329+03:30  INFO 54608 --- [UIdashboard] [http-nio-8081-exec-5] c.c.u.controller.TaskController          : get AllTasks method is called in controller, 84 tasks found
2024-08-25T12:10:41.326+03:30  INFO 54608 --- [UIdashboard] [scheduling-1] c.ceadar.uidashboard.schedule.Scheduler  : tasks fetching from database for update, count: 8
2024-08-25T12:10:41.327+03:30  INFO 54608 --- [UIdashboard] [scheduling-1] c.c.uidashboard.schedule.SchedulerUtil   : Generated number for assigning a status to a task: 0
2024-08-25T12:10:41.327+03:30  INFO 54608 --- [UIdashboard] [scheduling-1] c.c.uidashboard.service.TaskService      : updating, task id: 74
2024-08-25T12:10:41.330+03:30 DEBUG 54608 --- [UIdashboard] [scheduling-1] c.ceadar.uidashboard.schedule.Scheduler  : task 74 , Task 74 is updated
2024-08-25T12:10:41.330+03:30  INFO 54608 --- [UIdashboard] [scheduling-1] c.c.uidashboard.schedule.SchedulerUtil   : Generated number for assigning a status to a task: 2
2024-08-25T12:10:41.330+03:30  INFO 54608 --- [UIdashboard] [scheduling-1] c.c.uidashboard.service.TaskService      : updating, task id: 78
2024-08-25T12:10:41.331+03:30 DEBUG 54608 --- [UIdashboard] [scheduling-1] c.ceadar.uidashboard.schedule.Scheduler  : task 78 , Task 78 is updated
2024-08-25T12:10:41.331+03:30  INFO 54608 --- [UIdashboard] [scheduling-1] c.c.uidashboard.schedule.SchedulerUtil   : Generated number for assigning a status to a task: 2
2024-08-25T12:10:41.331+03:30  INFO 54608 --- [UIdashboard] [scheduling-1] c.c.uidashboard.service.TaskService      : updating, task id: 79
2024-08-25T12:10:41.332+03:30 DEBUG 54608 --- [UIdashboard] [scheduling-1] c.ceadar.uidashboard.schedule.Scheduler  : task 79 , Task 79 is updated
2024-08-25T12:10:41.332+03:30  INFO 54608 --- [UIdashboard] [scheduling-1] c.c.uidashboard.schedule.SchedulerUtil   : Generated number for assigning a status to a task: 2
2024-08-25T12:10:41.332+03:30  INFO 54608 --- [UIdashboard] [scheduling-1] c.c.uidashboard.service.TaskService      : updating, task id: 80
2024-08-25T12:10:41.332+03:30 DEBUG 54608 --- [UIdashboard] [scheduling-1] c.ceadar.uidashboard.schedule.Scheduler  : task 80 , Task 80 is updated
2024-08-25T12:10:41.333+03:30  INFO 54608 --- [UIdashboard] [scheduling-1] c.c.uidashboard.schedule.SchedulerUtil   : Generated number for assigning a status to a task: 4
2024-08-25T12:10:41.333+03:30  INFO 54608 --- [UIdashboard] [scheduling-1] c.c.uidashboard.service.TaskService      : updating, task id: 81
2024-08-25T12:10:41.333+03:30 DEBUG 54608 --- [UIdashboard] [scheduling-1] c.ceadar.uidashboard.schedule.Scheduler  : task 81 , Task 81 is updated
2024-08-25T12:10:41.333+03:30  INFO 54608 --- [UIdashboard] [scheduling-1] c.c.uidashboard.schedule.SchedulerUtil   : Generated number for assigning a status to a task: 1
2024-08-25T12:10:41.333+03:30  INFO 54608 --- [UIdashboard] [scheduling-1] c.c.uidashboard.service.TaskService      : updating, task id: 82
2024-08-25T12:10:41.334+03:30 DEBUG 54608 --- [UIdashboard] [scheduling-1] c.ceadar.uidashboard.schedule.Scheduler  : task 82 , Task 82 is updated
2024-08-25T12:10:41.334+03:30  INFO 54608 --- [UIdashboard] [scheduling-1] c.c.uidashboard.schedule.SchedulerUtil   : Generated number for assigning a status to a task: 0
2024-08-25T12:10:41.334+03:30  INFO 54608 --- [UIdashboard] [scheduling-1] c.c.uidashboard.service.TaskService      : updating, task id: 83
2024-08-25T12:10:41.335+03:30 DEBUG 54608 --- [UIdashboard] [scheduling-1] c.ceadar.uidashboard.schedule.Scheduler  : task 83 , Task 83 is updated
2024-08-25T12:10:41.335+03:30  INFO 54608 --- [UIdashboard] [scheduling-1] c.c.uidashboard.schedule.SchedulerUtil   : Generated number for assigning a status to a task: 0
2024-08-25T12:10:41.335+03:30  INFO 54608 --- [UIdashboard] [scheduling-1] c.c.uidashboard.service.TaskService      : updating, task id: 84
2024-08-25T12:10:41.335+03:30 DEBUG 54608 --- [UIdashboard] [scheduling-1] c.ceadar.uidashboard.schedule.Scheduler  : task 84 , Task 84 is updated
2024-08-25T12:11:20.318+03:30  INFO 54608 --- [UIdashboard] [scheduling-1] c.ceadar.uidashboard.schedule.Scheduler  : add new batch task to database at 2024-08-25T12:11:20.318882
2024-08-25T12:11:20.326+03:30  INFO 54608 --- [UIdashboard] [scheduling-1] c.c.uidashboard.schedule.SchedulerUtil   : generate new task
2024-08-25T12:11:20.328+03:30  INFO 54608 --- [UIdashboard] [scheduling-1] c.c.uidashboard.schedule.SchedulerUtil   : Generated number for assigning a status to a task: 2
2024-08-25T12:11:20.328+03:30  INFO 54608 --- [UIdashboard] [scheduling-1] c.c.uidashboard.schedule.SchedulerUtil   : Random LocalDateTime created for field CreateAt
2024-08-25T12:11:20.328+03:30  INFO 54608 --- [UIdashboard] [scheduling-1] c.c.uidashboard.schedule.SchedulerUtil   : Generated number for assigning a status to a task: 2
2024-08-25T12:11:20.328+03:30  INFO 54608 --- [UIdashboard] [scheduling-1] c.c.uidashboard.schedule.SchedulerUtil   : Random LocalDateTime created for field CreateAt
2024-08-25T12:11:20.328+03:30  INFO 54608 --- [UIdashboard] [scheduling-1] c.c.uidashboard.schedule.SchedulerUtil   : Generated number for assigning a status to a task: 0
2024-08-25T12:11:20.328+03:30  INFO 54608 --- [UIdashboard] [scheduling-1] c.c.uidashboard.schedule.SchedulerUtil   : Random LocalDateTime created for field CreateAt
2024-08-25T12:11:20.328+03:30  INFO 54608 --- [UIdashboard] [scheduling-1] c.c.uidashboard.schedule.SchedulerUtil   : Generated number for assigning a status to a task: 0
2024-08-25T12:11:20.328+03:30  INFO 54608 --- [UIdashboard] [scheduling-1] c.c.uidashboard.schedule.SchedulerUtil   : Random LocalDateTime created for field CreateAt
2024-08-25T12:11:20.330+03:30  INFO 54608 --- [UIdashboard] [scheduling-1] c.ceadar.uidashboard.schedule.Scheduler  : add new batch task finished at 2024-08-25T12:11:20.330239
2024-08-25T12:11:31.334+03:30  INFO 54608 --- [UIdashboard] [http-nio-8081-exec-7] c.c.u.controller.TaskController          : get AllTasks method is called in controller, 88 tasks found
2024-08-25T12:11:41.326+03:30  INFO 54608 --- [UIdashboard] [scheduling-1] c.ceadar.uidashboard.schedule.Scheduler  : tasks fetching from database for update, count: 11
2024-08-25T12:11:41.328+03:30  INFO 54608 --- [UIdashboard] [scheduling-1] c.c.uidashboard.schedule.SchedulerUtil   : Generated number for assigning a status to a task: 0
2024-08-25T12:11:41.328+03:30  INFO 54608 --- [UIdashboard] [scheduling-1] c.c.uidashboard.service.TaskService      : updating, task id: 74
2024-08-25T12:11:41.330+03:30 DEBUG 54608 --- [UIdashboard] [scheduling-1] c.ceadar.uidashboard.schedule.Scheduler  : task 74 , Task 74 is updated
2024-08-25T12:11:41.330+03:30  INFO 54608 --- [UIdashboard] [scheduling-1] c.c.uidashboard.schedule.SchedulerUtil   : Generated number for assigning a status to a task: 0
2024-08-25T12:11:41.330+03:30  INFO 54608 --- [UIdashboard] [scheduling-1] c.c.uidashboard.service.TaskService      : updating, task id: 78
2024-08-25T12:11:41.331+03:30 DEBUG 54608 --- [UIdashboard] [scheduling-1] c.ceadar.uidashboard.schedule.Scheduler  : task 78 , Task 78 is updated
2024-08-25T12:11:41.331+03:30  INFO 54608 --- [UIdashboard] [scheduling-1] c.c.uidashboard.schedule.SchedulerUtil   : Generated number for assigning a status to a task: 0
2024-08-25T12:11:41.331+03:30  INFO 54608 --- [UIdashboard] [scheduling-1] c.c.uidashboard.service.TaskService      : updating, task id: 79
2024-08-25T12:11:41.332+03:30 DEBUG 54608 --- [UIdashboard] [scheduling-1] c.ceadar.uidashboard.schedule.Scheduler  : task 79 , Task 79 is updated
2024-08-25T12:11:41.332+03:30  INFO 54608 --- [UIdashboard] [scheduling-1] c.c.uidashboard.schedule.SchedulerUtil   : Generated number for assigning a status to a task: 2
2024-08-25T12:11:41.332+03:30  INFO 54608 --- [UIdashboard] [scheduling-1] c.c.uidashboard.service.TaskService      : updating, task id: 80
2024-08-25T12:11:41.333+03:30 DEBUG 54608 --- [UIdashboard] [scheduling-1] c.ceadar.uidashboard.schedule.Scheduler  : task 80 , Task 80 is updated
2024-08-25T12:11:41.333+03:30  INFO 54608 --- [UIdashboard] [scheduling-1] c.c.uidashboard.schedule.SchedulerUtil   : Generated number for assigning a status to a task: 4
2024-08-25T12:11:41.333+03:30  INFO 54608 --- [UIdashboard] [scheduling-1] c.c.uidashboard.service.TaskService      : updating, task id: 82
2024-08-25T12:11:41.333+03:30 DEBUG 54608 --- [UIdashboard] [scheduling-1] c.ceadar.uidashboard.schedule.Scheduler  : task 82 , Task 82 is updated
2024-08-25T12:11:41.333+03:30  INFO 54608 --- [UIdashboard] [scheduling-1] c.c.uidashboard.schedule.SchedulerUtil   : Generated number for assigning a status to a task: 1
2024-08-25T12:11:41.333+03:30  INFO 54608 --- [UIdashboard] [scheduling-1] c.c.uidashboard.service.TaskService      : updating, task id: 83
2024-08-25T12:11:41.334+03:30 DEBUG 54608 --- [UIdashboard] [scheduling-1] c.ceadar.uidashboard.schedule.Scheduler  : task 83 , Task 83 is updated
2024-08-25T12:11:41.334+03:30  INFO 54608 --- [UIdashboard] [scheduling-1] c.c.uidashboard.schedule.SchedulerUtil   : Generated number for assigning a status to a task: 2
2024-08-25T12:11:41.334+03:30  INFO 54608 --- [UIdashboard] [scheduling-1] c.c.uidashboard.service.TaskService      : updating, task id: 84
2024-08-25T12:11:41.335+03:30 DEBUG 54608 --- [UIdashboard] [scheduling-1] c.ceadar.uidashboard.schedule.Scheduler  : task 84 , Task 84 is updated
2024-08-25T12:11:41.335+03:30  INFO 54608 --- [UIdashboard] [scheduling-1] c.c.uidashboard.schedule.SchedulerUtil   : Generated number for assigning a status to a task: 4
2024-08-25T12:11:41.335+03:30  INFO 54608 --- [UIdashboard] [scheduling-1] c.c.uidashboard.service.TaskService      : updating, task id: 85
2024-08-25T12:11:41.335+03:30 DEBUG 54608 --- [UIdashboard] [scheduling-1] c.ceadar.uidashboard.schedule.Scheduler  : task 85 , Task 85 is updated
2024-08-25T12:11:41.335+03:30  INFO 54608 --- [UIdashboard] [scheduling-1] c.c.uidashboard.schedule.SchedulerUtil   : Generated number for assigning a status to a task: 4
2024-08-25T12:11:41.336+03:30  INFO 54608 --- [UIdashboard] [scheduling-1] c.c.uidashboard.service.TaskService      : updating, task id: 86
2024-08-25T12:11:41.336+03:30 DEBUG 54608 --- [UIdashboard] [scheduling-1] c.ceadar.uidashboard.schedule.Scheduler  : task 86 , Task 86 is updated
2024-08-25T12:11:41.336+03:30  INFO 54608 --- [UIdashboard] [scheduling-1] c.c.uidashboard.schedule.SchedulerUtil   : Generated number for assigning a status to a task: 4
2024-08-25T12:11:41.336+03:30  INFO 54608 --- [UIdashboard] [scheduling-1] c.c.uidashboard.service.TaskService      : updating, task id: 87
2024-08-25T12:11:41.337+03:30 DEBUG 54608 --- [UIdashboard] [scheduling-1] c.ceadar.uidashboard.schedule.Scheduler  : task 87 , Task 87 is updated
2024-08-25T12:11:41.337+03:30  INFO 54608 --- [UIdashboard] [scheduling-1] c.c.uidashboard.schedule.SchedulerUtil   : Generated number for assigning a status to a task: 0
2024-08-25T12:11:41.337+03:30  INFO 54608 --- [UIdashboard] [scheduling-1] c.c.uidashboard.service.TaskService      : updating, task id: 88
2024-08-25T12:11:41.337+03:30 DEBUG 54608 --- [UIdashboard] [scheduling-1] c.ceadar.uidashboard.schedule.Scheduler  : task 88 , Task 88 is updated
2024-08-25T12:12:19.322+03:30  INFO 54608 --- [UIdashboard] [scheduling-1] c.ceadar.uidashboard.schedule.Scheduler  : add new batch task to database at 2024-08-25T12:12:19.322162
2024-08-25T12:12:19.337+03:30  INFO 54608 --- [UIdashboard] [scheduling-1] c.c.uidashboard.schedule.SchedulerUtil   : generate new task
2024-08-25T12:12:19.338+03:30  INFO 54608 --- [UIdashboard] [scheduling-1] c.c.uidashboard.schedule.SchedulerUtil   : Generated number for assigning a status to a task: 0
2024-08-25T12:12:19.339+03:30  INFO 54608 --- [UIdashboard] [scheduling-1] c.c.uidashboard.schedule.SchedulerUtil   : Random LocalDateTime created for field CreateAt
2024-08-25T12:12:19.339+03:30  INFO 54608 --- [UIdashboard] [scheduling-1] c.c.uidashboard.schedule.SchedulerUtil   : Generated number for assigning a status to a task: 0
2024-08-25T12:12:19.339+03:30  INFO 54608 --- [UIdashboard] [scheduling-1] c.c.uidashboard.schedule.SchedulerUtil   : Random LocalDateTime created for field CreateAt
2024-08-25T12:12:19.339+03:30  INFO 54608 --- [UIdashboard] [scheduling-1] c.c.uidashboard.schedule.SchedulerUtil   : Generated number for assigning a status to a task: 4
2024-08-25T12:12:19.339+03:30  INFO 54608 --- [UIdashboard] [scheduling-1] c.c.uidashboard.schedule.SchedulerUtil   : Random LocalDateTime created for field CreateAt
2024-08-25T12:12:19.339+03:30  INFO 54608 --- [UIdashboard] [scheduling-1] c.c.uidashboard.schedule.SchedulerUtil   : Generated number for assigning a status to a task: 3
2024-08-25T12:12:19.339+03:30  INFO 54608 --- [UIdashboard] [scheduling-1] c.c.uidashboard.schedule.SchedulerUtil   : Random LocalDateTime created for field CreateAt
2024-08-25T12:12:19.341+03:30  INFO 54608 --- [UIdashboard] [scheduling-1] c.ceadar.uidashboard.schedule.Scheduler  : add new batch task finished at 2024-08-25T12:12:19.341930
2024-08-25T12:12:41.325+03:30  INFO 54608 --- [UIdashboard] [scheduling-1] c.ceadar.uidashboard.schedule.Scheduler  : tasks fetching from database for update, count: 11
2024-08-25T12:12:41.327+03:30  INFO 54608 --- [UIdashboard] [scheduling-1] c.c.uidashboard.schedule.SchedulerUtil   : Generated number for assigning a status to a task: 3
2024-08-25T12:12:41.327+03:30  INFO 54608 --- [UIdashboard] [scheduling-1] c.c.uidashboard.service.TaskService      : updating, task id: 74
2024-08-25T12:12:41.330+03:30 DEBUG 54608 --- [UIdashboard] [scheduling-1] c.ceadar.uidashboard.schedule.Scheduler  : task 74 , Task 74 is updated
2024-08-25T12:12:41.330+03:30  INFO 54608 --- [UIdashboard] [scheduling-1] c.c.uidashboard.schedule.SchedulerUtil   : Generated number for assigning a status to a task: 1
2024-08-25T12:12:41.330+03:30  INFO 54608 --- [UIdashboard] [scheduling-1] c.c.uidashboard.service.TaskService      : updating, task id: 78
2024-08-25T12:12:41.331+03:30 DEBUG 54608 --- [UIdashboard] [scheduling-1] c.ceadar.uidashboard.schedule.Scheduler  : task 78 , Task 78 is updated
2024-08-25T12:12:41.331+03:30  INFO 54608 --- [UIdashboard] [scheduling-1] c.c.uidashboard.schedule.SchedulerUtil   : Generated number for assigning a status to a task: 3
2024-08-25T12:12:41.331+03:30  INFO 54608 --- [UIdashboard] [scheduling-1] c.c.uidashboard.service.TaskService      : updating, task id: 79
2024-08-25T12:12:41.332+03:30 DEBUG 54608 --- [UIdashboard] [scheduling-1] c.ceadar.uidashboard.schedule.Scheduler  : task 79 , Task 79 is updated
2024-08-25T12:12:41.332+03:30  INFO 54608 --- [UIdashboard] [scheduling-1] c.c.uidashboard.schedule.SchedulerUtil   : Generated number for assigning a status to a task: 3
2024-08-25T12:12:41.332+03:30  INFO 54608 --- [UIdashboard] [scheduling-1] c.c.uidashboard.service.TaskService      : updating, task id: 80
2024-08-25T12:12:41.332+03:30 DEBUG 54608 --- [UIdashboard] [scheduling-1] c.ceadar.uidashboard.schedule.Scheduler  : task 80 , Task 80 is updated
2024-08-25T12:12:41.333+03:30  INFO 54608 --- [UIdashboard] [scheduling-1] c.c.uidashboard.schedule.SchedulerUtil   : Generated number for assigning a status to a task: 4
2024-08-25T12:12:41.333+03:30  INFO 54608 --- [UIdashboard] [scheduling-1] c.c.uidashboard.service.TaskService      : updating, task id: 83
2024-08-25T12:12:41.333+03:30 DEBUG 54608 --- [UIdashboard] [scheduling-1] c.ceadar.uidashboard.schedule.Scheduler  : task 83 , Task 83 is updated
2024-08-25T12:12:41.333+03:30  INFO 54608 --- [UIdashboard] [scheduling-1] c.c.uidashboard.schedule.SchedulerUtil   : Generated number for assigning a status to a task: 2
2024-08-25T12:12:41.333+03:30  INFO 54608 --- [UIdashboard] [scheduling-1] c.c.uidashboard.service.TaskService      : updating, task id: 84
2024-08-25T12:12:41.334+03:30 DEBUG 54608 --- [UIdashboard] [scheduling-1] c.ceadar.uidashboard.schedule.Scheduler  : task 84 , Task 84 is updated
2024-08-25T12:12:41.334+03:30  INFO 54608 --- [UIdashboard] [scheduling-1] c.c.uidashboard.schedule.SchedulerUtil   : Generated number for assigning a status to a task: 0
2024-08-25T12:12:41.334+03:30  INFO 54608 --- [UIdashboard] [scheduling-1] c.c.uidashboard.service.TaskService      : updating, task id: 88
2024-08-25T12:12:41.334+03:30 DEBUG 54608 --- [UIdashboard] [scheduling-1] c.ceadar.uidashboard.schedule.Scheduler  : task 88 , Task 88 is updated
2024-08-25T12:12:41.334+03:30  INFO 54608 --- [UIdashboard] [scheduling-1] c.c.uidashboard.schedule.SchedulerUtil   : Generated number for assigning a status to a task: 0
2024-08-25T12:12:41.334+03:30  INFO 54608 --- [UIdashboard] [scheduling-1] c.c.uidashboard.service.TaskService      : updating, task id: 89
2024-08-25T12:12:41.335+03:30 DEBUG 54608 --- [UIdashboard] [scheduling-1] c.ceadar.uidashboard.schedule.Scheduler  : task 89 , Task 89 is updated
2024-08-25T12:12:41.335+03:30  INFO 54608 --- [UIdashboard] [scheduling-1] c.c.uidashboard.schedule.SchedulerUtil   : Generated number for assigning a status to a task: 2
2024-08-25T12:12:41.335+03:30  INFO 54608 --- [UIdashboard] [scheduling-1] c.c.uidashboard.service.TaskService      : updating, task id: 90
2024-08-25T12:12:41.335+03:30 DEBUG 54608 --- [UIdashboard] [scheduling-1] c.ceadar.uidashboard.schedule.Scheduler  : task 90 , Task 90 is updated
2024-08-25T12:12:41.335+03:30  INFO 54608 --- [UIdashboard] [scheduling-1] c.c.uidashboard.schedule.SchedulerUtil   : Generated number for assigning a status to a task: 2
2024-08-25T12:12:41.335+03:30  INFO 54608 --- [UIdashboard] [scheduling-1] c.c.uidashboard.service.TaskService      : updating, task id: 91
2024-08-25T12:12:41.336+03:30 DEBUG 54608 --- [UIdashboard] [scheduling-1] c.ceadar.uidashboard.schedule.Scheduler  : task 91 , Task 91 is updated
2024-08-25T12:12:41.336+03:30  INFO 54608 --- [UIdashboard] [scheduling-1] c.c.uidashboard.schedule.SchedulerUtil   : Generated number for assigning a status to a task: 4
2024-08-25T12:12:41.336+03:30  INFO 54608 --- [UIdashboard] [scheduling-1] c.c.uidashboard.service.TaskService      : updating, task id: 92
2024-08-25T12:12:41.337+03:30 DEBUG 54608 --- [UIdashboard] [scheduling-1] c.ceadar.uidashboard.schedule.Scheduler  : task 92 , Task 92 is updated
2024-08-25T12:13:18.320+03:30  INFO 54608 --- [UIdashboard] [scheduling-1] c.ceadar.uidashboard.schedule.Scheduler  : add new batch task to database at 2024-08-25T12:13:18.320399
2024-08-25T12:13:18.330+03:30  INFO 54608 --- [UIdashboard] [scheduling-1] c.c.uidashboard.schedule.SchedulerUtil   : generate new task
2024-08-25T12:13:18.331+03:30  INFO 54608 --- [UIdashboard] [scheduling-1] c.c.uidashboard.schedule.SchedulerUtil   : Generated number for assigning a status to a task: 4
2024-08-25T12:13:18.331+03:30  INFO 54608 --- [UIdashboard] [scheduling-1] c.c.uidashboard.schedule.SchedulerUtil   : Random LocalDateTime created for field CreateAt
2024-08-25T12:13:18.331+03:30  INFO 54608 --- [UIdashboard] [scheduling-1] c.c.uidashboard.schedule.SchedulerUtil   : Generated number for assigning a status to a task: 4
2024-08-25T12:13:18.331+03:30  INFO 54608 --- [UIdashboard] [scheduling-1] c.c.uidashboard.schedule.SchedulerUtil   : Random LocalDateTime created for field CreateAt
2024-08-25T12:13:18.331+03:30  INFO 54608 --- [UIdashboard] [scheduling-1] c.c.uidashboard.schedule.SchedulerUtil   : Generated number for assigning a status to a task: 4
2024-08-25T12:13:18.331+03:30  INFO 54608 --- [UIdashboard] [scheduling-1] c.c.uidashboard.schedule.SchedulerUtil   : Random LocalDateTime created for field CreateAt
2024-08-25T12:13:18.331+03:30  INFO 54608 --- [UIdashboard] [scheduling-1] c.c.uidashboard.schedule.SchedulerUtil   : Generated number for assigning a status to a task: 1
2024-08-25T12:13:18.331+03:30  INFO 54608 --- [UIdashboard] [scheduling-1] c.c.uidashboard.schedule.SchedulerUtil   : Random LocalDateTime created for field CreateAt
2024-08-25T12:13:18.333+03:30  INFO 54608 --- [UIdashboard] [scheduling-1] c.ceadar.uidashboard.schedule.Scheduler  : add new batch task finished at 2024-08-25T12:13:18.333868
2024-08-25T12:13:41.336+03:30  INFO 54608 --- [UIdashboard] [scheduling-1] c.ceadar.uidashboard.schedule.Scheduler  : tasks fetching from database for update, count: 10
2024-08-25T12:13:41.338+03:30  INFO 54608 --- [UIdashboard] [scheduling-1] c.c.uidashboard.schedule.SchedulerUtil   : Generated number for assigning a status to a task: 0
2024-08-25T12:13:41.338+03:30  INFO 54608 --- [UIdashboard] [scheduling-1] c.c.uidashboard.service.TaskService      : updating, task id: 78
2024-08-25T12:13:41.342+03:30 DEBUG 54608 --- [UIdashboard] [scheduling-1] c.ceadar.uidashboard.schedule.Scheduler  : task 78 , Task 78 is updated
2024-08-25T12:13:41.342+03:30  INFO 54608 --- [UIdashboard] [scheduling-1] c.c.uidashboard.schedule.SchedulerUtil   : Generated number for assigning a status to a task: 2
2024-08-25T12:13:41.342+03:30  INFO 54608 --- [UIdashboard] [scheduling-1] c.c.uidashboard.service.TaskService      : updating, task id: 84
2024-08-25T12:13:41.342+03:30 DEBUG 54608 --- [UIdashboard] [scheduling-1] c.ceadar.uidashboard.schedule.Scheduler  : task 84 , Task 84 is updated
2024-08-25T12:13:41.342+03:30  INFO 54608 --- [UIdashboard] [scheduling-1] c.c.uidashboard.schedule.SchedulerUtil   : Generated number for assigning a status to a task: 3
2024-08-25T12:13:41.343+03:30  INFO 54608 --- [UIdashboard] [scheduling-1] c.c.uidashboard.service.TaskService      : updating, task id: 88
2024-08-25T12:13:41.343+03:30 DEBUG 54608 --- [UIdashboard] [scheduling-1] c.ceadar.uidashboard.schedule.Scheduler  : task 88 , Task 88 is updated
2024-08-25T12:13:41.343+03:30  INFO 54608 --- [UIdashboard] [scheduling-1] c.c.uidashboard.schedule.SchedulerUtil   : Generated number for assigning a status to a task: 1
2024-08-25T12:13:41.343+03:30  INFO 54608 --- [UIdashboard] [scheduling-1] c.c.uidashboard.service.TaskService      : updating, task id: 89
2024-08-25T12:13:41.344+03:30 DEBUG 54608 --- [UIdashboard] [scheduling-1] c.ceadar.uidashboard.schedule.Scheduler  : task 89 , Task 89 is updated
2024-08-25T12:13:41.344+03:30  INFO 54608 --- [UIdashboard] [scheduling-1] c.c.uidashboard.schedule.SchedulerUtil   : Generated number for assigning a status to a task: 0
2024-08-25T12:13:41.344+03:30  INFO 54608 --- [UIdashboard] [scheduling-1] c.c.uidashboard.service.TaskService      : updating, task id: 90
2024-08-25T12:13:41.344+03:30 DEBUG 54608 --- [UIdashboard] [scheduling-1] c.ceadar.uidashboard.schedule.Scheduler  : task 90 , Task 90 is updated
2024-08-25T12:13:41.344+03:30  INFO 54608 --- [UIdashboard] [scheduling-1] c.c.uidashboard.schedule.SchedulerUtil   : Generated number for assigning a status to a task: 3
2024-08-25T12:13:41.344+03:30  INFO 54608 --- [UIdashboard] [scheduling-1] c.c.uidashboard.service.TaskService      : updating, task id: 91
2024-08-25T12:13:41.345+03:30 DEBUG 54608 --- [UIdashboard] [scheduling-1] c.ceadar.uidashboard.schedule.Scheduler  : task 91 , Task 91 is updated
2024-08-25T12:13:41.345+03:30  INFO 54608 --- [UIdashboard] [scheduling-1] c.c.uidashboard.schedule.SchedulerUtil   : Generated number for assigning a status to a task: 3
2024-08-25T12:13:41.345+03:30  INFO 54608 --- [UIdashboard] [scheduling-1] c.c.uidashboard.service.TaskService      : updating, task id: 93
2024-08-25T12:13:41.345+03:30 DEBUG 54608 --- [UIdashboard] [scheduling-1] c.ceadar.uidashboard.schedule.Scheduler  : task 93 , Task 93 is updated
2024-08-25T12:13:41.345+03:30  INFO 54608 --- [UIdashboard] [scheduling-1] c.c.uidashboard.schedule.SchedulerUtil   : Generated number for assigning a status to a task: 1
2024-08-25T12:13:41.346+03:30  INFO 54608 --- [UIdashboard] [scheduling-1] c.c.uidashboard.service.TaskService      : updating, task id: 94
2024-08-25T12:13:41.346+03:30 DEBUG 54608 --- [UIdashboard] [scheduling-1] c.ceadar.uidashboard.schedule.Scheduler  : task 94 , Task 94 is updated
2024-08-25T12:13:41.346+03:30  INFO 54608 --- [UIdashboard] [scheduling-1] c.c.uidashboard.schedule.SchedulerUtil   : Generated number for assigning a status to a task: 2
2024-08-25T12:13:41.346+03:30  INFO 54608 --- [UIdashboard] [scheduling-1] c.c.uidashboard.service.TaskService      : updating, task id: 95
2024-08-25T12:13:41.346+03:30 DEBUG 54608 --- [UIdashboard] [scheduling-1] c.ceadar.uidashboard.schedule.Scheduler  : task 95 , Task 95 is updated
2024-08-25T12:13:41.346+03:30  INFO 54608 --- [UIdashboard] [scheduling-1] c.c.uidashboard.schedule.SchedulerUtil   : Generated number for assigning a status to a task: 3
2024-08-25T12:13:41.346+03:30  INFO 54608 --- [UIdashboard] [scheduling-1] c.c.uidashboard.service.TaskService      : updating, task id: 96
2024-08-25T12:13:41.347+03:30 DEBUG 54608 --- [UIdashboard] [scheduling-1] c.ceadar.uidashboard.schedule.Scheduler  : task 96 , Task 96 is updated
2024-08-25T12:14:17.319+03:30  INFO 54608 --- [UIdashboard] [scheduling-1] c.ceadar.uidashboard.schedule.Scheduler  : add new batch task to database at 2024-08-25T12:14:17.319758
2024-08-25T12:14:17.325+03:30  INFO 54608 --- [UIdashboard] [scheduling-1] c.c.uidashboard.schedule.SchedulerUtil   : generate new task
2024-08-25T12:14:17.327+03:30  INFO 54608 --- [UIdashboard] [scheduling-1] c.c.uidashboard.schedule.SchedulerUtil   : Generated number for assigning a status to a task: 1
2024-08-25T12:14:17.327+03:30  INFO 54608 --- [UIdashboard] [scheduling-1] c.c.uidashboard.schedule.SchedulerUtil   : Random LocalDateTime created for field CreateAt
2024-08-25T12:14:17.327+03:30  INFO 54608 --- [UIdashboard] [scheduling-1] c.c.uidashboard.schedule.SchedulerUtil   : Generated number for assigning a status to a task: 4
2024-08-25T12:14:17.327+03:30  INFO 54608 --- [UIdashboard] [scheduling-1] c.c.uidashboard.schedule.SchedulerUtil   : Random LocalDateTime created for field CreateAt
2024-08-25T12:14:17.327+03:30  INFO 54608 --- [UIdashboard] [scheduling-1] c.c.uidashboard.schedule.SchedulerUtil   : Generated number for assigning a status to a task: 1
2024-08-25T12:14:17.327+03:30  INFO 54608 --- [UIdashboard] [scheduling-1] c.c.uidashboard.schedule.SchedulerUtil   : Random LocalDateTime created for field CreateAt
2024-08-25T12:14:17.327+03:30  INFO 54608 --- [UIdashboard] [scheduling-1] c.c.uidashboard.schedule.SchedulerUtil   : Generated number for assigning a status to a task: 3
2024-08-25T12:14:17.327+03:30  INFO 54608 --- [UIdashboard] [scheduling-1] c.c.uidashboard.schedule.SchedulerUtil   : Random LocalDateTime created for field CreateAt
2024-08-25T12:14:17.329+03:30  INFO 54608 --- [UIdashboard] [scheduling-1] c.ceadar.uidashboard.schedule.Scheduler  : add new batch task finished at 2024-08-25T12:14:17.329836
2024-08-25T12:14:41.323+03:30  INFO 54608 --- [UIdashboard] [scheduling-1] c.ceadar.uidashboard.schedule.Scheduler  : tasks fetching from database for update, count: 10
2024-08-25T12:14:41.325+03:30  INFO 54608 --- [UIdashboard] [scheduling-1] c.c.uidashboard.schedule.SchedulerUtil   : Generated number for assigning a status to a task: 2
2024-08-25T12:14:41.325+03:30  INFO 54608 --- [UIdashboard] [scheduling-1] c.c.uidashboard.service.TaskService      : updating, task id: 78
2024-08-25T12:14:41.328+03:30 DEBUG 54608 --- [UIdashboard] [scheduling-1] c.ceadar.uidashboard.schedule.Scheduler  : task 78 , Task 78 is updated
2024-08-25T12:14:41.328+03:30  INFO 54608 --- [UIdashboard] [scheduling-1] c.c.uidashboard.schedule.SchedulerUtil   : Generated number for assigning a status to a task: 3
2024-08-25T12:14:41.328+03:30  INFO 54608 --- [UIdashboard] [scheduling-1] c.c.uidashboard.service.TaskService      : updating, task id: 84
2024-08-25T12:14:41.330+03:30 DEBUG 54608 --- [UIdashboard] [scheduling-1] c.ceadar.uidashboard.schedule.Scheduler  : task 84 , Task 84 is updated
2024-08-25T12:14:41.330+03:30  INFO 54608 --- [UIdashboard] [scheduling-1] c.c.uidashboard.schedule.SchedulerUtil   : Generated number for assigning a status to a task: 2
2024-08-25T12:14:41.330+03:30  INFO 54608 --- [UIdashboard] [scheduling-1] c.c.uidashboard.service.TaskService      : updating, task id: 89
2024-08-25T12:14:41.332+03:30 DEBUG 54608 --- [UIdashboard] [scheduling-1] c.ceadar.uidashboard.schedule.Scheduler  : task 89 , Task 89 is updated
2024-08-25T12:14:41.332+03:30  INFO 54608 --- [UIdashboard] [scheduling-1] c.c.uidashboard.schedule.SchedulerUtil   : Generated number for assigning a status to a task: 3
2024-08-25T12:14:41.332+03:30  INFO 54608 --- [UIdashboard] [scheduling-1] c.c.uidashboard.service.TaskService      : updating, task id: 90
2024-08-25T12:14:41.332+03:30 DEBUG 54608 --- [UIdashboard] [scheduling-1] c.ceadar.uidashboard.schedule.Scheduler  : task 90 , Task 90 is updated
2024-08-25T12:14:41.333+03:30  INFO 54608 --- [UIdashboard] [scheduling-1] c.c.uidashboard.schedule.SchedulerUtil   : Generated number for assigning a status to a task: 0
2024-08-25T12:14:41.333+03:30  INFO 54608 --- [UIdashboard] [scheduling-1] c.c.uidashboard.service.TaskService      : updating, task id: 94
2024-08-25T12:14:41.333+03:30 DEBUG 54608 --- [UIdashboard] [scheduling-1] c.ceadar.uidashboard.schedule.Scheduler  : task 94 , Task 94 is updated
2024-08-25T12:14:41.333+03:30  INFO 54608 --- [UIdashboard] [scheduling-1] c.c.uidashboard.schedule.SchedulerUtil   : Generated number for assigning a status to a task: 0
2024-08-25T12:14:41.333+03:30  INFO 54608 --- [UIdashboard] [scheduling-1] c.c.uidashboard.service.TaskService      : updating, task id: 95
2024-08-25T12:14:41.334+03:30 DEBUG 54608 --- [UIdashboard] [scheduling-1] c.ceadar.uidashboard.schedule.Scheduler  : task 95 , Task 95 is updated
2024-08-25T12:14:41.334+03:30  INFO 54608 --- [UIdashboard] [scheduling-1] c.c.uidashboard.schedule.SchedulerUtil   : Generated number for assigning a status to a task: 3
2024-08-25T12:14:41.334+03:30  INFO 54608 --- [UIdashboard] [scheduling-1] c.c.uidashboard.service.TaskService      : updating, task id: 97
2024-08-25T12:14:41.334+03:30 DEBUG 54608 --- [UIdashboard] [scheduling-1] c.ceadar.uidashboard.schedule.Scheduler  : task 97 , Task 97 is updated
2024-08-25T12:14:41.334+03:30  INFO 54608 --- [UIdashboard] [scheduling-1] c.c.uidashboard.schedule.SchedulerUtil   : Generated number for assigning a status to a task: 2
2024-08-25T12:14:41.334+03:30  INFO 54608 --- [UIdashboard] [scheduling-1] c.c.uidashboard.service.TaskService      : updating, task id: 98
2024-08-25T12:14:41.334+03:30 DEBUG 54608 --- [UIdashboard] [scheduling-1] c.ceadar.uidashboard.schedule.Scheduler  : task 98 , Task 98 is updated
2024-08-25T12:14:41.334+03:30  INFO 54608 --- [UIdashboard] [scheduling-1] c.c.uidashboard.schedule.SchedulerUtil   : Generated number for assigning a status to a task: 0
2024-08-25T12:14:41.334+03:30  INFO 54608 --- [UIdashboard] [scheduling-1] c.c.uidashboard.service.TaskService      : updating, task id: 99
2024-08-25T12:14:41.335+03:30 DEBUG 54608 --- [UIdashboard] [scheduling-1] c.ceadar.uidashboard.schedule.Scheduler  : task 99 , Task 99 is updated
2024-08-25T12:14:41.335+03:30  INFO 54608 --- [UIdashboard] [scheduling-1] c.c.uidashboard.schedule.SchedulerUtil   : Generated number for assigning a status to a task: 2
2024-08-25T12:14:41.335+03:30  INFO 54608 --- [UIdashboard] [scheduling-1] c.c.uidashboard.service.TaskService      : updating, task id: 100
2024-08-25T12:14:41.335+03:30 DEBUG 54608 --- [UIdashboard] [scheduling-1] c.ceadar.uidashboard.schedule.Scheduler  : task 100 , Task 100 is updated
2024-08-25T12:15:16.321+03:30  INFO 54608 --- [UIdashboard] [scheduling-1] c.ceadar.uidashboard.schedule.Scheduler  : add new batch task to database at 2024-08-25T12:15:16.320948
2024-08-25T12:15:16.333+03:30  INFO 54608 --- [UIdashboard] [scheduling-1] c.c.uidashboard.schedule.SchedulerUtil   : generate new task
2024-08-25T12:15:16.335+03:30  INFO 54608 --- [UIdashboard] [scheduling-1] c.c.uidashboard.schedule.SchedulerUtil   : Generated number for assigning a status to a task: 3
2024-08-25T12:15:16.335+03:30  INFO 54608 --- [UIdashboard] [scheduling-1] c.c.uidashboard.schedule.SchedulerUtil   : Random LocalDateTime created for field CreateAt
2024-08-25T12:15:16.335+03:30  INFO 54608 --- [UIdashboard] [scheduling-1] c.c.uidashboard.schedule.SchedulerUtil   : Generated number for assigning a status to a task: 1
2024-08-25T12:15:16.335+03:30  INFO 54608 --- [UIdashboard] [scheduling-1] c.c.uidashboard.schedule.SchedulerUtil   : Random LocalDateTime created for field CreateAt
2024-08-25T12:15:16.335+03:30  INFO 54608 --- [UIdashboard] [scheduling-1] c.c.uidashboard.schedule.SchedulerUtil   : Generated number for assigning a status to a task: 4
2024-08-25T12:15:16.335+03:30  INFO 54608 --- [UIdashboard] [scheduling-1] c.c.uidashboard.schedule.SchedulerUtil   : Random LocalDateTime created for field CreateAt
2024-08-25T12:15:16.335+03:30  INFO 54608 --- [UIdashboard] [scheduling-1] c.c.uidashboard.schedule.SchedulerUtil   : Generated number for assigning a status to a task: 0
2024-08-25T12:15:16.335+03:30  INFO 54608 --- [UIdashboard] [scheduling-1] c.c.uidashboard.schedule.SchedulerUtil   : Random LocalDateTime created for field CreateAt
2024-08-25T12:15:16.337+03:30  INFO 54608 --- [UIdashboard] [scheduling-1] c.ceadar.uidashboard.schedule.Scheduler  : add new batch task finished at 2024-08-25T12:15:16.337383
2024-08-25T12:15:41.325+03:30  INFO 54608 --- [UIdashboard] [scheduling-1] c.ceadar.uidashboard.schedule.Scheduler  : tasks fetching from database for update, count: 11
2024-08-25T12:15:41.327+03:30  INFO 54608 --- [UIdashboard] [scheduling-1] c.c.uidashboard.schedule.SchedulerUtil   : Generated number for assigning a status to a task: 1
2024-08-25T12:15:41.327+03:30  INFO 54608 --- [UIdashboard] [scheduling-1] c.c.uidashboard.service.TaskService      : updating, task id: 78
2024-08-25T12:15:41.329+03:30 DEBUG 54608 --- [UIdashboard] [scheduling-1] c.ceadar.uidashboard.schedule.Scheduler  : task 78 , Task 78 is updated
2024-08-25T12:15:41.329+03:30  INFO 54608 --- [UIdashboard] [scheduling-1] c.c.uidashboard.schedule.SchedulerUtil   : Generated number for assigning a status to a task: 0
2024-08-25T12:15:41.329+03:30  INFO 54608 --- [UIdashboard] [scheduling-1] c.c.uidashboard.service.TaskService      : updating, task id: 89
2024-08-25T12:15:41.330+03:30 DEBUG 54608 --- [UIdashboard] [scheduling-1] c.ceadar.uidashboard.schedule.Scheduler  : task 89 , Task 89 is updated
2024-08-25T12:15:41.330+03:30  INFO 54608 --- [UIdashboard] [scheduling-1] c.c.uidashboard.schedule.SchedulerUtil   : Generated number for assigning a status to a task: 2
2024-08-25T12:15:41.330+03:30  INFO 54608 --- [UIdashboard] [scheduling-1] c.c.uidashboard.service.TaskService      : updating, task id: 94
2024-08-25T12:15:41.331+03:30 DEBUG 54608 --- [UIdashboard] [scheduling-1] c.ceadar.uidashboard.schedule.Scheduler  : task 94 , Task 94 is updated
2024-08-25T12:15:41.331+03:30  INFO 54608 --- [UIdashboard] [scheduling-1] c.c.uidashboard.schedule.SchedulerUtil   : Generated number for assigning a status to a task: 4
2024-08-25T12:15:41.331+03:30  INFO 54608 --- [UIdashboard] [scheduling-1] c.c.uidashboard.service.TaskService      : updating, task id: 95
2024-08-25T12:15:41.331+03:30 DEBUG 54608 --- [UIdashboard] [scheduling-1] c.ceadar.uidashboard.schedule.Scheduler  : task 95 , Task 95 is updated
2024-08-25T12:15:41.331+03:30  INFO 54608 --- [UIdashboard] [scheduling-1] c.c.uidashboard.schedule.SchedulerUtil   : Generated number for assigning a status to a task: 1
2024-08-25T12:15:41.331+03:30  INFO 54608 --- [UIdashboard] [scheduling-1] c.c.uidashboard.service.TaskService      : updating, task id: 98
2024-08-25T12:15:41.332+03:30 DEBUG 54608 --- [UIdashboard] [scheduling-1] c.ceadar.uidashboard.schedule.Scheduler  : task 98 , Task 98 is updated
2024-08-25T12:15:41.332+03:30  INFO 54608 --- [UIdashboard] [scheduling-1] c.c.uidashboard.schedule.SchedulerUtil   : Generated number for assigning a status to a task: 1
2024-08-25T12:15:41.332+03:30  INFO 54608 --- [UIdashboard] [scheduling-1] c.c.uidashboard.service.TaskService      : updating, task id: 99
2024-08-25T12:15:41.333+03:30 DEBUG 54608 --- [UIdashboard] [scheduling-1] c.ceadar.uidashboard.schedule.Scheduler  : task 99 , Task 99 is updated
2024-08-25T12:15:41.333+03:30  INFO 54608 --- [UIdashboard] [scheduling-1] c.c.uidashboard.schedule.SchedulerUtil   : Generated number for assigning a status to a task: 1
2024-08-25T12:15:41.333+03:30  INFO 54608 --- [UIdashboard] [scheduling-1] c.c.uidashboard.service.TaskService      : updating, task id: 100
2024-08-25T12:15:41.333+03:30 DEBUG 54608 --- [UIdashboard] [scheduling-1] c.ceadar.uidashboard.schedule.Scheduler  : task 100 , Task 100 is updated
2024-08-25T12:15:41.333+03:30  INFO 54608 --- [UIdashboard] [scheduling-1] c.c.uidashboard.schedule.SchedulerUtil   : Generated number for assigning a status to a task: 3
2024-08-25T12:15:41.333+03:30  INFO 54608 --- [UIdashboard] [scheduling-1] c.c.uidashboard.service.TaskService      : updating, task id: 101
2024-08-25T12:15:41.334+03:30 DEBUG 54608 --- [UIdashboard] [scheduling-1] c.ceadar.uidashboard.schedule.Scheduler  : task 101 , Task 101 is updated
2024-08-25T12:15:41.334+03:30  INFO 54608 --- [UIdashboard] [scheduling-1] c.c.uidashboard.schedule.SchedulerUtil   : Generated number for assigning a status to a task: 0
2024-08-25T12:15:41.334+03:30  INFO 54608 --- [UIdashboard] [scheduling-1] c.c.uidashboard.service.TaskService      : updating, task id: 102
2024-08-25T12:15:41.334+03:30 DEBUG 54608 --- [UIdashboard] [scheduling-1] c.ceadar.uidashboard.schedule.Scheduler  : task 102 , Task 102 is updated
2024-08-25T12:15:41.334+03:30  INFO 54608 --- [UIdashboard] [scheduling-1] c.c.uidashboard.schedule.SchedulerUtil   : Generated number for assigning a status to a task: 4
2024-08-25T12:15:41.334+03:30  INFO 54608 --- [UIdashboard] [scheduling-1] c.c.uidashboard.service.TaskService      : updating, task id: 103
2024-08-25T12:15:41.335+03:30 DEBUG 54608 --- [UIdashboard] [scheduling-1] c.ceadar.uidashboard.schedule.Scheduler  : task 103 , Task 103 is updated
2024-08-25T12:15:41.335+03:30  INFO 54608 --- [UIdashboard] [scheduling-1] c.c.uidashboard.schedule.SchedulerUtil   : Generated number for assigning a status to a task: 3
2024-08-25T12:15:41.335+03:30  INFO 54608 --- [UIdashboard] [scheduling-1] c.c.uidashboard.service.TaskService      : updating, task id: 104
2024-08-25T12:15:41.336+03:30 DEBUG 54608 --- [UIdashboard] [scheduling-1] c.ceadar.uidashboard.schedule.Scheduler  : task 104 , Task 104 is updated
2024-08-25T12:16:15.317+03:30  INFO 54608 --- [UIdashboard] [scheduling-1] c.ceadar.uidashboard.schedule.Scheduler  : add new batch task to database at 2024-08-25T12:16:15.317779
2024-08-25T12:16:15.335+03:30  INFO 54608 --- [UIdashboard] [scheduling-1] c.c.uidashboard.schedule.SchedulerUtil   : generate new task
2024-08-25T12:16:15.337+03:30  INFO 54608 --- [UIdashboard] [scheduling-1] c.c.uidashboard.schedule.SchedulerUtil   : Generated number for assigning a status to a task: 3
2024-08-25T12:16:15.337+03:30  INFO 54608 --- [UIdashboard] [scheduling-1] c.c.uidashboard.schedule.SchedulerUtil   : Random LocalDateTime created for field CreateAt
2024-08-25T12:16:15.337+03:30  INFO 54608 --- [UIdashboard] [scheduling-1] c.c.uidashboard.schedule.SchedulerUtil   : Generated number for assigning a status to a task: 2
2024-08-25T12:16:15.337+03:30  INFO 54608 --- [UIdashboard] [scheduling-1] c.c.uidashboard.schedule.SchedulerUtil   : Random LocalDateTime created for field CreateAt
2024-08-25T12:16:15.337+03:30  INFO 54608 --- [UIdashboard] [scheduling-1] c.c.uidashboard.schedule.SchedulerUtil   : Generated number for assigning a status to a task: 1
2024-08-25T12:16:15.337+03:30  INFO 54608 --- [UIdashboard] [scheduling-1] c.c.uidashboard.schedule.SchedulerUtil   : Random LocalDateTime created for field CreateAt
2024-08-25T12:16:15.337+03:30  INFO 54608 --- [UIdashboard] [scheduling-1] c.c.uidashboard.schedule.SchedulerUtil   : Generated number for assigning a status to a task: 0
2024-08-25T12:16:15.337+03:30  INFO 54608 --- [UIdashboard] [scheduling-1] c.c.uidashboard.schedule.SchedulerUtil   : Random LocalDateTime created for field CreateAt
2024-08-25T12:16:15.341+03:30  INFO 54608 --- [UIdashboard] [scheduling-1] c.ceadar.uidashboard.schedule.Scheduler  : add new batch task finished at 2024-08-25T12:16:15.341082
2024-08-25T12:16:41.323+03:30  INFO 54608 --- [UIdashboard] [scheduling-1] c.ceadar.uidashboard.schedule.Scheduler  : tasks fetching from database for update, count: 11
2024-08-25T12:16:41.323+03:30  INFO 54608 --- [UIdashboard] [scheduling-1] c.c.uidashboard.schedule.SchedulerUtil   : Generated number for assigning a status to a task: 0
2024-08-25T12:16:41.323+03:30  INFO 54608 --- [UIdashboard] [scheduling-1] c.c.uidashboard.service.TaskService      : updating, task id: 78
2024-08-25T12:16:41.325+03:30 DEBUG 54608 --- [UIdashboard] [scheduling-1] c.ceadar.uidashboard.schedule.Scheduler  : task 78 , Task 78 is updated
2024-08-25T12:16:41.326+03:30  INFO 54608 --- [UIdashboard] [scheduling-1] c.c.uidashboard.schedule.SchedulerUtil   : Generated number for assigning a status to a task: 1
2024-08-25T12:16:41.326+03:30  INFO 54608 --- [UIdashboard] [scheduling-1] c.c.uidashboard.service.TaskService      : updating, task id: 89
2024-08-25T12:16:41.326+03:30 DEBUG 54608 --- [UIdashboard] [scheduling-1] c.ceadar.uidashboard.schedule.Scheduler  : task 89 , Task 89 is updated
2024-08-25T12:16:41.326+03:30  INFO 54608 --- [UIdashboard] [scheduling-1] c.c.uidashboard.schedule.SchedulerUtil   : Generated number for assigning a status to a task: 2
2024-08-25T12:16:41.326+03:30  INFO 54608 --- [UIdashboard] [scheduling-1] c.c.uidashboard.service.TaskService      : updating, task id: 94
2024-08-25T12:16:41.326+03:30 DEBUG 54608 --- [UIdashboard] [scheduling-1] c.ceadar.uidashboard.schedule.Scheduler  : task 94 , Task 94 is updated
2024-08-25T12:16:41.326+03:30  INFO 54608 --- [UIdashboard] [scheduling-1] c.c.uidashboard.schedule.SchedulerUtil   : Generated number for assigning a status to a task: 1
2024-08-25T12:16:41.327+03:30  INFO 54608 --- [UIdashboard] [scheduling-1] c.c.uidashboard.service.TaskService      : updating, task id: 98
2024-08-25T12:16:41.327+03:30 DEBUG 54608 --- [UIdashboard] [scheduling-1] c.ceadar.uidashboard.schedule.Scheduler  : task 98 , Task 98 is updated
2024-08-25T12:16:41.327+03:30  INFO 54608 --- [UIdashboard] [scheduling-1] c.c.uidashboard.schedule.SchedulerUtil   : Generated number for assigning a status to a task: 1
2024-08-25T12:16:41.327+03:30  INFO 54608 --- [UIdashboard] [scheduling-1] c.c.uidashboard.service.TaskService      : updating, task id: 99
2024-08-25T12:16:41.327+03:30 DEBUG 54608 --- [UIdashboard] [scheduling-1] c.ceadar.uidashboard.schedule.Scheduler  : task 99 , Task 99 is updated
2024-08-25T12:16:41.327+03:30  INFO 54608 --- [UIdashboard] [scheduling-1] c.c.uidashboard.schedule.SchedulerUtil   : Generated number for assigning a status to a task: 0
2024-08-25T12:16:41.327+03:30  INFO 54608 --- [UIdashboard] [scheduling-1] c.c.uidashboard.service.TaskService      : updating, task id: 100
2024-08-25T12:16:41.327+03:30 DEBUG 54608 --- [UIdashboard] [scheduling-1] c.ceadar.uidashboard.schedule.Scheduler  : task 100 , Task 100 is updated
2024-08-25T12:16:41.327+03:30  INFO 54608 --- [UIdashboard] [scheduling-1] c.c.uidashboard.schedule.SchedulerUtil   : Generated number for assigning a status to a task: 1
2024-08-25T12:16:41.327+03:30  INFO 54608 --- [UIdashboard] [scheduling-1] c.c.uidashboard.service.TaskService      : updating, task id: 102
2024-08-25T12:16:41.328+03:30 DEBUG 54608 --- [UIdashboard] [scheduling-1] c.ceadar.uidashboard.schedule.Scheduler  : task 102 , Task 102 is updated
2024-08-25T12:16:41.328+03:30  INFO 54608 --- [UIdashboard] [scheduling-1] c.c.uidashboard.schedule.SchedulerUtil   : Generated number for assigning a status to a task: 1
2024-08-25T12:16:41.328+03:30  INFO 54608 --- [UIdashboard] [scheduling-1] c.c.uidashboard.service.TaskService      : updating, task id: 105
2024-08-25T12:16:41.328+03:30 DEBUG 54608 --- [UIdashboard] [scheduling-1] c.ceadar.uidashboard.schedule.Scheduler  : task 105 , Task 105 is updated
2024-08-25T12:16:41.328+03:30  INFO 54608 --- [UIdashboard] [scheduling-1] c.c.uidashboard.schedule.SchedulerUtil   : Generated number for assigning a status to a task: 2
2024-08-25T12:16:41.328+03:30  INFO 54608 --- [UIdashboard] [scheduling-1] c.c.uidashboard.service.TaskService      : updating, task id: 106
2024-08-25T12:16:41.328+03:30 DEBUG 54608 --- [UIdashboard] [scheduling-1] c.ceadar.uidashboard.schedule.Scheduler  : task 106 , Task 106 is updated
2024-08-25T12:16:41.328+03:30  INFO 54608 --- [UIdashboard] [scheduling-1] c.c.uidashboard.schedule.SchedulerUtil   : Generated number for assigning a status to a task: 4
2024-08-25T12:16:41.329+03:30  INFO 54608 --- [UIdashboard] [scheduling-1] c.c.uidashboard.service.TaskService      : updating, task id: 107
2024-08-25T12:16:41.329+03:30 DEBUG 54608 --- [UIdashboard] [scheduling-1] c.ceadar.uidashboard.schedule.Scheduler  : task 107 , Task 107 is updated
2024-08-25T12:16:41.329+03:30  INFO 54608 --- [UIdashboard] [scheduling-1] c.c.uidashboard.schedule.SchedulerUtil   : Generated number for assigning a status to a task: 4
2024-08-25T12:16:41.329+03:30  INFO 54608 --- [UIdashboard] [scheduling-1] c.c.uidashboard.service.TaskService      : updating, task id: 108
2024-08-25T12:16:41.329+03:30 DEBUG 54608 --- [UIdashboard] [scheduling-1] c.ceadar.uidashboard.schedule.Scheduler  : task 108 , Task 108 is updated
2024-08-25T12:17:14.316+03:30  INFO 54608 --- [UIdashboard] [scheduling-1] c.ceadar.uidashboard.schedule.Scheduler  : add new batch task to database at 2024-08-25T12:17:14.315982
2024-08-25T12:17:14.325+03:30  INFO 54608 --- [UIdashboard] [scheduling-1] c.c.uidashboard.schedule.SchedulerUtil   : generate new task
2024-08-25T12:17:14.327+03:30  INFO 54608 --- [UIdashboard] [scheduling-1] c.c.uidashboard.schedule.SchedulerUtil   : Generated number for assigning a status to a task: 1
2024-08-25T12:17:14.327+03:30  INFO 54608 --- [UIdashboard] [scheduling-1] c.c.uidashboard.schedule.SchedulerUtil   : Random LocalDateTime created for field CreateAt
2024-08-25T12:17:14.327+03:30  INFO 54608 --- [UIdashboard] [scheduling-1] c.c.uidashboard.schedule.SchedulerUtil   : Generated number for assigning a status to a task: 1
2024-08-25T12:17:14.327+03:30  INFO 54608 --- [UIdashboard] [scheduling-1] c.c.uidashboard.schedule.SchedulerUtil   : Random LocalDateTime created for field CreateAt
2024-08-25T12:17:14.327+03:30  INFO 54608 --- [UIdashboard] [scheduling-1] c.c.uidashboard.schedule.SchedulerUtil   : Generated number for assigning a status to a task: 0
2024-08-25T12:17:14.327+03:30  INFO 54608 --- [UIdashboard] [scheduling-1] c.c.uidashboard.schedule.SchedulerUtil   : Random LocalDateTime created for field CreateAt
2024-08-25T12:17:14.327+03:30  INFO 54608 --- [UIdashboard] [scheduling-1] c.c.uidashboard.schedule.SchedulerUtil   : Generated number for assigning a status to a task: 1
2024-08-25T12:17:14.327+03:30  INFO 54608 --- [UIdashboard] [scheduling-1] c.c.uidashboard.schedule.SchedulerUtil   : Random LocalDateTime created for field CreateAt
2024-08-25T12:17:14.329+03:30  INFO 54608 --- [UIdashboard] [scheduling-1] c.ceadar.uidashboard.schedule.Scheduler  : add new batch task finished at 2024-08-25T12:17:14.329243
2024-08-25T12:17:41.321+03:30  INFO 54608 --- [UIdashboard] [scheduling-1] c.ceadar.uidashboard.schedule.Scheduler  : tasks fetching from database for update, count: 13
2024-08-25T12:17:41.322+03:30  INFO 54608 --- [UIdashboard] [scheduling-1] c.c.uidashboard.schedule.SchedulerUtil   : Generated number for assigning a status to a task: 1
2024-08-25T12:17:41.322+03:30  INFO 54608 --- [UIdashboard] [scheduling-1] c.c.uidashboard.service.TaskService      : updating, task id: 78
2024-08-25T12:17:41.324+03:30 DEBUG 54608 --- [UIdashboard] [scheduling-1] c.ceadar.uidashboard.schedule.Scheduler  : task 78 , Task 78 is updated
2024-08-25T12:17:41.324+03:30  INFO 54608 --- [UIdashboard] [scheduling-1] c.c.uidashboard.schedule.SchedulerUtil   : Generated number for assigning a status to a task: 0
2024-08-25T12:17:41.324+03:30  INFO 54608 --- [UIdashboard] [scheduling-1] c.c.uidashboard.service.TaskService      : updating, task id: 89
2024-08-25T12:17:41.326+03:30 DEBUG 54608 --- [UIdashboard] [scheduling-1] c.ceadar.uidashboard.schedule.Scheduler  : task 89 , Task 89 is updated
2024-08-25T12:17:41.326+03:30  INFO 54608 --- [UIdashboard] [scheduling-1] c.c.uidashboard.schedule.SchedulerUtil   : Generated number for assigning a status to a task: 3
2024-08-25T12:17:41.326+03:30  INFO 54608 --- [UIdashboard] [scheduling-1] c.c.uidashboard.service.TaskService      : updating, task id: 94
2024-08-25T12:17:41.327+03:30 DEBUG 54608 --- [UIdashboard] [scheduling-1] c.ceadar.uidashboard.schedule.Scheduler  : task 94 , Task 94 is updated
2024-08-25T12:17:41.327+03:30  INFO 54608 --- [UIdashboard] [scheduling-1] c.c.uidashboard.schedule.SchedulerUtil   : Generated number for assigning a status to a task: 3
2024-08-25T12:17:41.327+03:30  INFO 54608 --- [UIdashboard] [scheduling-1] c.c.uidashboard.service.TaskService      : updating, task id: 98
2024-08-25T12:17:41.328+03:30 DEBUG 54608 --- [UIdashboard] [scheduling-1] c.ceadar.uidashboard.schedule.Scheduler  : task 98 , Task 98 is updated
2024-08-25T12:17:41.328+03:30  INFO 54608 --- [UIdashboard] [scheduling-1] c.c.uidashboard.schedule.SchedulerUtil   : Generated number for assigning a status to a task: 4
2024-08-25T12:17:41.328+03:30  INFO 54608 --- [UIdashboard] [scheduling-1] c.c.uidashboard.service.TaskService      : updating, task id: 99
2024-08-25T12:17:41.328+03:30 DEBUG 54608 --- [UIdashboard] [scheduling-1] c.ceadar.uidashboard.schedule.Scheduler  : task 99 , Task 99 is updated
2024-08-25T12:17:41.328+03:30  INFO 54608 --- [UIdashboard] [scheduling-1] c.c.uidashboard.schedule.SchedulerUtil   : Generated number for assigning a status to a task: 0
2024-08-25T12:17:41.329+03:30  INFO 54608 --- [UIdashboard] [scheduling-1] c.c.uidashboard.service.TaskService      : updating, task id: 100
2024-08-25T12:17:41.329+03:30 DEBUG 54608 --- [UIdashboard] [scheduling-1] c.ceadar.uidashboard.schedule.Scheduler  : task 100 , Task 100 is updated
2024-08-25T12:17:41.329+03:30  INFO 54608 --- [UIdashboard] [scheduling-1] c.c.uidashboard.schedule.SchedulerUtil   : Generated number for assigning a status to a task: 0
2024-08-25T12:17:41.329+03:30  INFO 54608 --- [UIdashboard] [scheduling-1] c.c.uidashboard.service.TaskService      : updating, task id: 102
2024-08-25T12:17:41.329+03:30 DEBUG 54608 --- [UIdashboard] [scheduling-1] c.ceadar.uidashboard.schedule.Scheduler  : task 102 , Task 102 is updated
2024-08-25T12:17:41.330+03:30  INFO 54608 --- [UIdashboard] [scheduling-1] c.c.uidashboard.schedule.SchedulerUtil   : Generated number for assigning a status to a task: 3
2024-08-25T12:17:41.330+03:30  INFO 54608 --- [UIdashboard] [scheduling-1] c.c.uidashboard.service.TaskService      : updating, task id: 105
2024-08-25T12:17:41.330+03:30 DEBUG 54608 --- [UIdashboard] [scheduling-1] c.ceadar.uidashboard.schedule.Scheduler  : task 105 , Task 105 is updated
2024-08-25T12:17:41.330+03:30  INFO 54608 --- [UIdashboard] [scheduling-1] c.c.uidashboard.schedule.SchedulerUtil   : Generated number for assigning a status to a task: 3
2024-08-25T12:17:41.330+03:30  INFO 54608 --- [UIdashboard] [scheduling-1] c.c.uidashboard.service.TaskService      : updating, task id: 106
2024-08-25T12:17:41.331+03:30 DEBUG 54608 --- [UIdashboard] [scheduling-1] c.ceadar.uidashboard.schedule.Scheduler  : task 106 , Task 106 is updated
2024-08-25T12:17:41.331+03:30  INFO 54608 --- [UIdashboard] [scheduling-1] c.c.uidashboard.schedule.SchedulerUtil   : Generated number for assigning a status to a task: 4
2024-08-25T12:17:41.331+03:30  INFO 54608 --- [UIdashboard] [scheduling-1] c.c.uidashboard.service.TaskService      : updating, task id: 109
2024-08-25T12:17:41.331+03:30 DEBUG 54608 --- [UIdashboard] [scheduling-1] c.ceadar.uidashboard.schedule.Scheduler  : task 109 , Task 109 is updated
2024-08-25T12:17:41.331+03:30  INFO 54608 --- [UIdashboard] [scheduling-1] c.c.uidashboard.schedule.SchedulerUtil   : Generated number for assigning a status to a task: 0
2024-08-25T12:17:41.331+03:30  INFO 54608 --- [UIdashboard] [scheduling-1] c.c.uidashboard.service.TaskService      : updating, task id: 110
2024-08-25T12:17:41.332+03:30 DEBUG 54608 --- [UIdashboard] [scheduling-1] c.ceadar.uidashboard.schedule.Scheduler  : task 110 , Task 110 is updated
2024-08-25T12:17:41.332+03:30  INFO 54608 --- [UIdashboard] [scheduling-1] c.c.uidashboard.schedule.SchedulerUtil   : Generated number for assigning a status to a task: 1
2024-08-25T12:17:41.332+03:30  INFO 54608 --- [UIdashboard] [scheduling-1] c.c.uidashboard.service.TaskService      : updating, task id: 111
2024-08-25T12:17:41.333+03:30 DEBUG 54608 --- [UIdashboard] [scheduling-1] c.ceadar.uidashboard.schedule.Scheduler  : task 111 , Task 111 is updated
2024-08-25T12:17:41.333+03:30  INFO 54608 --- [UIdashboard] [scheduling-1] c.c.uidashboard.schedule.SchedulerUtil   : Generated number for assigning a status to a task: 2
2024-08-25T12:17:41.333+03:30  INFO 54608 --- [UIdashboard] [scheduling-1] c.c.uidashboard.service.TaskService      : updating, task id: 112
2024-08-25T12:17:41.333+03:30 DEBUG 54608 --- [UIdashboard] [scheduling-1] c.ceadar.uidashboard.schedule.Scheduler  : task 112 , Task 112 is updated
2024-08-25T12:18:13.318+03:30  INFO 54608 --- [UIdashboard] [scheduling-1] c.ceadar.uidashboard.schedule.Scheduler  : add new batch task to database at 2024-08-25T12:18:13.318659
2024-08-25T12:18:13.325+03:30  INFO 54608 --- [UIdashboard] [scheduling-1] c.c.uidashboard.schedule.SchedulerUtil   : generate new task
2024-08-25T12:18:13.327+03:30  INFO 54608 --- [UIdashboard] [scheduling-1] c.c.uidashboard.schedule.SchedulerUtil   : Generated number for assigning a status to a task: 3
2024-08-25T12:18:13.327+03:30  INFO 54608 --- [UIdashboard] [scheduling-1] c.c.uidashboard.schedule.SchedulerUtil   : Random LocalDateTime created for field CreateAt
2024-08-25T12:18:13.327+03:30  INFO 54608 --- [UIdashboard] [scheduling-1] c.c.uidashboard.schedule.SchedulerUtil   : Generated number for assigning a status to a task: 2
2024-08-25T12:18:13.327+03:30  INFO 54608 --- [UIdashboard] [scheduling-1] c.c.uidashboard.schedule.SchedulerUtil   : Random LocalDateTime created for field CreateAt
2024-08-25T12:18:13.327+03:30  INFO 54608 --- [UIdashboard] [scheduling-1] c.c.uidashboard.schedule.SchedulerUtil   : Generated number for assigning a status to a task: 1
2024-08-25T12:18:13.327+03:30  INFO 54608 --- [UIdashboard] [scheduling-1] c.c.uidashboard.schedule.SchedulerUtil   : Random LocalDateTime created for field CreateAt
2024-08-25T12:18:13.327+03:30  INFO 54608 --- [UIdashboard] [scheduling-1] c.c.uidashboard.schedule.SchedulerUtil   : Generated number for assigning a status to a task: 2
2024-08-25T12:18:13.327+03:30  INFO 54608 --- [UIdashboard] [scheduling-1] c.c.uidashboard.schedule.SchedulerUtil   : Random LocalDateTime created for field CreateAt
2024-08-25T12:18:13.328+03:30  INFO 54608 --- [UIdashboard] [scheduling-1] c.ceadar.uidashboard.schedule.Scheduler  : add new batch task finished at 2024-08-25T12:18:13.328607
2024-08-25T12:18:41.319+03:30  INFO 54608 --- [UIdashboard] [scheduling-1] c.ceadar.uidashboard.schedule.Scheduler  : tasks fetching from database for update, count: 11
2024-08-25T12:18:41.319+03:30  INFO 54608 --- [UIdashboard] [scheduling-1] c.c.uidashboard.schedule.SchedulerUtil   : Generated number for assigning a status to a task: 3
2024-08-25T12:18:41.320+03:30  INFO 54608 --- [UIdashboard] [scheduling-1] c.c.uidashboard.service.TaskService      : updating, task id: 78
2024-08-25T12:18:41.321+03:30 DEBUG 54608 --- [UIdashboard] [scheduling-1] c.ceadar.uidashboard.schedule.Scheduler  : task 78 , Task 78 is updated
2024-08-25T12:18:41.322+03:30  INFO 54608 --- [UIdashboard] [scheduling-1] c.c.uidashboard.schedule.SchedulerUtil   : Generated number for assigning a status to a task: 3
2024-08-25T12:18:41.322+03:30  INFO 54608 --- [UIdashboard] [scheduling-1] c.c.uidashboard.service.TaskService      : updating, task id: 89
2024-08-25T12:18:41.322+03:30 DEBUG 54608 --- [UIdashboard] [scheduling-1] c.ceadar.uidashboard.schedule.Scheduler  : task 89 , Task 89 is updated
2024-08-25T12:18:41.322+03:30  INFO 54608 --- [UIdashboard] [scheduling-1] c.c.uidashboard.schedule.SchedulerUtil   : Generated number for assigning a status to a task: 3
2024-08-25T12:18:41.323+03:30  INFO 54608 --- [UIdashboard] [scheduling-1] c.c.uidashboard.service.TaskService      : updating, task id: 100
2024-08-25T12:18:41.323+03:30 DEBUG 54608 --- [UIdashboard] [scheduling-1] c.ceadar.uidashboard.schedule.Scheduler  : task 100 , Task 100 is updated
2024-08-25T12:18:41.323+03:30  INFO 54608 --- [UIdashboard] [scheduling-1] c.c.uidashboard.schedule.SchedulerUtil   : Generated number for assigning a status to a task: 0
2024-08-25T12:18:41.323+03:30  INFO 54608 --- [UIdashboard] [scheduling-1] c.c.uidashboard.service.TaskService      : updating, task id: 102
2024-08-25T12:18:41.324+03:30 DEBUG 54608 --- [UIdashboard] [scheduling-1] c.ceadar.uidashboard.schedule.Scheduler  : task 102 , Task 102 is updated
2024-08-25T12:18:41.324+03:30  INFO 54608 --- [UIdashboard] [scheduling-1] c.c.uidashboard.schedule.SchedulerUtil   : Generated number for assigning a status to a task: 2
2024-08-25T12:18:41.324+03:30  INFO 54608 --- [UIdashboard] [scheduling-1] c.c.uidashboard.service.TaskService      : updating, task id: 110
2024-08-25T12:18:41.325+03:30 DEBUG 54608 --- [UIdashboard] [scheduling-1] c.ceadar.uidashboard.schedule.Scheduler  : task 110 , Task 110 is updated
2024-08-25T12:18:41.325+03:30  INFO 54608 --- [UIdashboard] [scheduling-1] c.c.uidashboard.schedule.SchedulerUtil   : Generated number for assigning a status to a task: 1
2024-08-25T12:18:41.325+03:30  INFO 54608 --- [UIdashboard] [scheduling-1] c.c.uidashboard.service.TaskService      : updating, task id: 111
2024-08-25T12:18:41.326+03:30 DEBUG 54608 --- [UIdashboard] [scheduling-1] c.ceadar.uidashboard.schedule.Scheduler  : task 111 , Task 111 is updated
2024-08-25T12:18:41.326+03:30  INFO 54608 --- [UIdashboard] [scheduling-1] c.c.uidashboard.schedule.SchedulerUtil   : Generated number for assigning a status to a task: 3
2024-08-25T12:18:41.326+03:30  INFO 54608 --- [UIdashboard] [scheduling-1] c.c.uidashboard.service.TaskService      : updating, task id: 112
2024-08-25T12:18:41.327+03:30 DEBUG 54608 --- [UIdashboard] [scheduling-1] c.ceadar.uidashboard.schedule.Scheduler  : task 112 , Task 112 is updated
2024-08-25T12:18:41.327+03:30  INFO 54608 --- [UIdashboard] [scheduling-1] c.c.uidashboard.schedule.SchedulerUtil   : Generated number for assigning a status to a task: 3
2024-08-25T12:18:41.327+03:30  INFO 54608 --- [UIdashboard] [scheduling-1] c.c.uidashboard.service.TaskService      : updating, task id: 113
2024-08-25T12:18:41.327+03:30 DEBUG 54608 --- [UIdashboard] [scheduling-1] c.ceadar.uidashboard.schedule.Scheduler  : task 113 , Task 113 is updated
2024-08-25T12:18:41.327+03:30  INFO 54608 --- [UIdashboard] [scheduling-1] c.c.uidashboard.schedule.SchedulerUtil   : Generated number for assigning a status to a task: 1
2024-08-25T12:18:41.327+03:30  INFO 54608 --- [UIdashboard] [scheduling-1] c.c.uidashboard.service.TaskService      : updating, task id: 114
2024-08-25T12:18:41.328+03:30 DEBUG 54608 --- [UIdashboard] [scheduling-1] c.ceadar.uidashboard.schedule.Scheduler  : task 114 , Task 114 is updated
2024-08-25T12:18:41.328+03:30  INFO 54608 --- [UIdashboard] [scheduling-1] c.c.uidashboard.schedule.SchedulerUtil   : Generated number for assigning a status to a task: 4
2024-08-25T12:18:41.328+03:30  INFO 54608 --- [UIdashboard] [scheduling-1] c.c.uidashboard.service.TaskService      : updating, task id: 115
2024-08-25T12:18:41.328+03:30 DEBUG 54608 --- [UIdashboard] [scheduling-1] c.ceadar.uidashboard.schedule.Scheduler  : task 115 , Task 115 is updated
2024-08-25T12:18:41.328+03:30  INFO 54608 --- [UIdashboard] [scheduling-1] c.c.uidashboard.schedule.SchedulerUtil   : Generated number for assigning a status to a task: 4
2024-08-25T12:18:41.328+03:30  INFO 54608 --- [UIdashboard] [scheduling-1] c.c.uidashboard.service.TaskService      : updating, task id: 116
2024-08-25T12:18:41.329+03:30 DEBUG 54608 --- [UIdashboard] [scheduling-1] c.ceadar.uidashboard.schedule.Scheduler  : task 116 , Task 116 is updated
2024-08-25T12:19:12.316+03:30  INFO 54608 --- [UIdashboard] [scheduling-1] c.ceadar.uidashboard.schedule.Scheduler  : add new batch task to database at 2024-08-25T12:19:12.316054
2024-08-25T12:19:12.323+03:30  INFO 54608 --- [UIdashboard] [scheduling-1] c.c.uidashboard.schedule.SchedulerUtil   : generate new task
2024-08-25T12:19:12.324+03:30  INFO 54608 --- [UIdashboard] [scheduling-1] c.c.uidashboard.schedule.SchedulerUtil   : Generated number for assigning a status to a task: 1
2024-08-25T12:19:12.324+03:30  INFO 54608 --- [UIdashboard] [scheduling-1] c.c.uidashboard.schedule.SchedulerUtil   : Random LocalDateTime created for field CreateAt
2024-08-25T12:19:12.324+03:30  INFO 54608 --- [UIdashboard] [scheduling-1] c.c.uidashboard.schedule.SchedulerUtil   : Generated number for assigning a status to a task: 0
2024-08-25T12:19:12.324+03:30  INFO 54608 --- [UIdashboard] [scheduling-1] c.c.uidashboard.schedule.SchedulerUtil   : Random LocalDateTime created for field CreateAt
2024-08-25T12:19:12.324+03:30  INFO 54608 --- [UIdashboard] [scheduling-1] c.c.uidashboard.schedule.SchedulerUtil   : Generated number for assigning a status to a task: 0
2024-08-25T12:19:12.324+03:30  INFO 54608 --- [UIdashboard] [scheduling-1] c.c.uidashboard.schedule.SchedulerUtil   : Random LocalDateTime created for field CreateAt
2024-08-25T12:19:12.324+03:30  INFO 54608 --- [UIdashboard] [scheduling-1] c.c.uidashboard.schedule.SchedulerUtil   : Generated number for assigning a status to a task: 0
2024-08-25T12:19:12.324+03:30  INFO 54608 --- [UIdashboard] [scheduling-1] c.c.uidashboard.schedule.SchedulerUtil   : Random LocalDateTime created for field CreateAt
2024-08-25T12:19:12.325+03:30  INFO 54608 --- [UIdashboard] [scheduling-1] c.ceadar.uidashboard.schedule.Scheduler  : add new batch task finished at 2024-08-25T12:19:12.325916
2024-08-25T12:19:41.322+03:30  INFO 54608 --- [UIdashboard] [scheduling-1] c.ceadar.uidashboard.schedule.Scheduler  : tasks fetching from database for update, count: 8
2024-08-25T12:19:41.324+03:30  INFO 54608 --- [UIdashboard] [scheduling-1] c.c.uidashboard.schedule.SchedulerUtil   : Generated number for assigning a status to a task: 4
2024-08-25T12:19:41.324+03:30  INFO 54608 --- [UIdashboard] [scheduling-1] c.c.uidashboard.service.TaskService      : updating, task id: 102
2024-08-25T12:19:41.325+03:30 DEBUG 54608 --- [UIdashboard] [scheduling-1] c.ceadar.uidashboard.schedule.Scheduler  : task 102 , Task 102 is updated
2024-08-25T12:19:41.325+03:30  INFO 54608 --- [UIdashboard] [scheduling-1] c.c.uidashboard.schedule.SchedulerUtil   : Generated number for assigning a status to a task: 0
2024-08-25T12:19:41.326+03:30  INFO 54608 --- [UIdashboard] [scheduling-1] c.c.uidashboard.service.TaskService      : updating, task id: 110
2024-08-25T12:19:41.326+03:30 DEBUG 54608 --- [UIdashboard] [scheduling-1] c.ceadar.uidashboard.schedule.Scheduler  : task 110 , Task 110 is updated
2024-08-25T12:19:41.326+03:30  INFO 54608 --- [UIdashboard] [scheduling-1] c.c.uidashboard.schedule.SchedulerUtil   : Generated number for assigning a status to a task: 4
2024-08-25T12:19:41.326+03:30  INFO 54608 --- [UIdashboard] [scheduling-1] c.c.uidashboard.service.TaskService      : updating, task id: 111
2024-08-25T12:19:41.327+03:30 DEBUG 54608 --- [UIdashboard] [scheduling-1] c.ceadar.uidashboard.schedule.Scheduler  : task 111 , Task 111 is updated
2024-08-25T12:19:41.327+03:30  INFO 54608 --- [UIdashboard] [scheduling-1] c.c.uidashboard.schedule.SchedulerUtil   : Generated number for assigning a status to a task: 0
2024-08-25T12:19:41.327+03:30  INFO 54608 --- [UIdashboard] [scheduling-1] c.c.uidashboard.service.TaskService      : updating, task id: 114
2024-08-25T12:19:41.327+03:30 DEBUG 54608 --- [UIdashboard] [scheduling-1] c.ceadar.uidashboard.schedule.Scheduler  : task 114 , Task 114 is updated
2024-08-25T12:19:41.327+03:30  INFO 54608 --- [UIdashboard] [scheduling-1] c.c.uidashboard.schedule.SchedulerUtil   : Generated number for assigning a status to a task: 4
2024-08-25T12:19:41.327+03:30  INFO 54608 --- [UIdashboard] [scheduling-1] c.c.uidashboard.service.TaskService      : updating, task id: 117
2024-08-25T12:19:41.328+03:30 DEBUG 54608 --- [UIdashboard] [scheduling-1] c.ceadar.uidashboard.schedule.Scheduler  : task 117 , Task 117 is updated
2024-08-25T12:19:41.328+03:30  INFO 54608 --- [UIdashboard] [scheduling-1] c.c.uidashboard.schedule.SchedulerUtil   : Generated number for assigning a status to a task: 4
2024-08-25T12:19:41.328+03:30  INFO 54608 --- [UIdashboard] [scheduling-1] c.c.uidashboard.service.TaskService      : updating, task id: 118
2024-08-25T12:19:41.328+03:30 DEBUG 54608 --- [UIdashboard] [scheduling-1] c.ceadar.uidashboard.schedule.Scheduler  : task 118 , Task 118 is updated
2024-08-25T12:19:41.328+03:30  INFO 54608 --- [UIdashboard] [scheduling-1] c.c.uidashboard.schedule.SchedulerUtil   : Generated number for assigning a status to a task: 0
2024-08-25T12:19:41.328+03:30  INFO 54608 --- [UIdashboard] [scheduling-1] c.c.uidashboard.service.TaskService      : updating, task id: 119
2024-08-25T12:19:41.329+03:30 DEBUG 54608 --- [UIdashboard] [scheduling-1] c.ceadar.uidashboard.schedule.Scheduler  : task 119 , Task 119 is updated
2024-08-25T12:19:41.329+03:30  INFO 54608 --- [UIdashboard] [scheduling-1] c.c.uidashboard.schedule.SchedulerUtil   : Generated number for assigning a status to a task: 3
2024-08-25T12:19:41.329+03:30  INFO 54608 --- [UIdashboard] [scheduling-1] c.c.uidashboard.service.TaskService      : updating, task id: 120
2024-08-25T12:19:41.329+03:30 DEBUG 54608 --- [UIdashboard] [scheduling-1] c.ceadar.uidashboard.schedule.Scheduler  : task 120 , Task 120 is updated
2024-08-25T12:20:11.313+03:30  INFO 54608 --- [UIdashboard] [scheduling-1] c.ceadar.uidashboard.schedule.Scheduler  : add new batch task to database at 2024-08-25T12:20:11.313414
2024-08-25T12:20:11.320+03:30  INFO 54608 --- [UIdashboard] [scheduling-1] c.c.uidashboard.schedule.SchedulerUtil   : generate new task
2024-08-25T12:20:11.321+03:30  INFO 54608 --- [UIdashboard] [scheduling-1] c.c.uidashboard.schedule.SchedulerUtil   : Generated number for assigning a status to a task: 0
2024-08-25T12:20:11.321+03:30  INFO 54608 --- [UIdashboard] [scheduling-1] c.c.uidashboard.schedule.SchedulerUtil   : Random LocalDateTime created for field CreateAt
2024-08-25T12:20:11.321+03:30  INFO 54608 --- [UIdashboard] [scheduling-1] c.c.uidashboard.schedule.SchedulerUtil   : Generated number for assigning a status to a task: 3
2024-08-25T12:20:11.321+03:30  INFO 54608 --- [UIdashboard] [scheduling-1] c.c.uidashboard.schedule.SchedulerUtil   : Random LocalDateTime created for field CreateAt
2024-08-25T12:20:11.321+03:30  INFO 54608 --- [UIdashboard] [scheduling-1] c.c.uidashboard.schedule.SchedulerUtil   : Generated number for assigning a status to a task: 0
2024-08-25T12:20:11.321+03:30  INFO 54608 --- [UIdashboard] [scheduling-1] c.c.uidashboard.schedule.SchedulerUtil   : Random LocalDateTime created for field CreateAt
2024-08-25T12:20:11.321+03:30  INFO 54608 --- [UIdashboard] [scheduling-1] c.c.uidashboard.schedule.SchedulerUtil   : Generated number for assigning a status to a task: 0
2024-08-25T12:20:11.321+03:30  INFO 54608 --- [UIdashboard] [scheduling-1] c.c.uidashboard.schedule.SchedulerUtil   : Random LocalDateTime created for field CreateAt
2024-08-25T12:20:11.323+03:30  INFO 54608 --- [UIdashboard] [scheduling-1] c.ceadar.uidashboard.schedule.Scheduler  : add new batch task finished at 2024-08-25T12:20:11.323391
2024-08-25T12:20:41.320+03:30  INFO 54608 --- [UIdashboard] [scheduling-1] c.ceadar.uidashboard.schedule.Scheduler  : tasks fetching from database for update, count: 7
2024-08-25T12:20:41.321+03:30  INFO 54608 --- [UIdashboard] [scheduling-1] c.c.uidashboard.schedule.SchedulerUtil   : Generated number for assigning a status to a task: 3
2024-08-25T12:20:41.321+03:30  INFO 54608 --- [UIdashboard] [scheduling-1] c.c.uidashboard.service.TaskService      : updating, task id: 110
2024-08-25T12:20:41.322+03:30 DEBUG 54608 --- [UIdashboard] [scheduling-1] c.ceadar.uidashboard.schedule.Scheduler  : task 110 , Task 110 is updated
2024-08-25T12:20:41.322+03:30  INFO 54608 --- [UIdashboard] [scheduling-1] c.c.uidashboard.schedule.SchedulerUtil   : Generated number for assigning a status to a task: 2
2024-08-25T12:20:41.323+03:30  INFO 54608 --- [UIdashboard] [scheduling-1] c.c.uidashboard.service.TaskService      : updating, task id: 114
2024-08-25T12:20:41.336+03:30 DEBUG 54608 --- [UIdashboard] [scheduling-1] c.ceadar.uidashboard.schedule.Scheduler  : task 114 , Task 114 is updated
2024-08-25T12:20:41.336+03:30  INFO 54608 --- [UIdashboard] [scheduling-1] c.c.uidashboard.schedule.SchedulerUtil   : Generated number for assigning a status to a task: 2
2024-08-25T12:20:41.336+03:30  INFO 54608 --- [UIdashboard] [scheduling-1] c.c.uidashboard.service.TaskService      : updating, task id: 119
2024-08-25T12:20:41.337+03:30 DEBUG 54608 --- [UIdashboard] [scheduling-1] c.ceadar.uidashboard.schedule.Scheduler  : task 119 , Task 119 is updated
2024-08-25T12:20:41.337+03:30  INFO 54608 --- [UIdashboard] [scheduling-1] c.c.uidashboard.schedule.SchedulerUtil   : Generated number for assigning a status to a task: 2
2024-08-25T12:20:41.337+03:30  INFO 54608 --- [UIdashboard] [scheduling-1] c.c.uidashboard.service.TaskService      : updating, task id: 121
2024-08-25T12:20:41.338+03:30 DEBUG 54608 --- [UIdashboard] [scheduling-1] c.ceadar.uidashboard.schedule.Scheduler  : task 121 , Task 121 is updated
2024-08-25T12:20:41.338+03:30  INFO 54608 --- [UIdashboard] [scheduling-1] c.c.uidashboard.schedule.SchedulerUtil   : Generated number for assigning a status to a task: 2
2024-08-25T12:20:41.338+03:30  INFO 54608 --- [UIdashboard] [scheduling-1] c.c.uidashboard.service.TaskService      : updating, task id: 122
2024-08-25T12:20:41.338+03:30 DEBUG 54608 --- [UIdashboard] [scheduling-1] c.ceadar.uidashboard.schedule.Scheduler  : task 122 , Task 122 is updated
2024-08-25T12:20:41.338+03:30  INFO 54608 --- [UIdashboard] [scheduling-1] c.c.uidashboard.schedule.SchedulerUtil   : Generated number for assigning a status to a task: 0
2024-08-25T12:20:41.338+03:30  INFO 54608 --- [UIdashboard] [scheduling-1] c.c.uidashboard.service.TaskService      : updating, task id: 123
2024-08-25T12:20:41.339+03:30 DEBUG 54608 --- [UIdashboard] [scheduling-1] c.ceadar.uidashboard.schedule.Scheduler  : task 123 , Task 123 is updated
2024-08-25T12:20:41.339+03:30  INFO 54608 --- [UIdashboard] [scheduling-1] c.c.uidashboard.schedule.SchedulerUtil   : Generated number for assigning a status to a task: 0
2024-08-25T12:20:41.339+03:30  INFO 54608 --- [UIdashboard] [scheduling-1] c.c.uidashboard.service.TaskService      : updating, task id: 124
2024-08-25T12:20:41.339+03:30 DEBUG 54608 --- [UIdashboard] [scheduling-1] c.ceadar.uidashboard.schedule.Scheduler  : task 124 , Task 124 is updated
2024-08-25T12:21:10.313+03:30  INFO 54608 --- [UIdashboard] [scheduling-1] c.ceadar.uidashboard.schedule.Scheduler  : add new batch task to database at 2024-08-25T12:21:10.313207
2024-08-25T12:21:10.322+03:30  INFO 54608 --- [UIdashboard] [scheduling-1] c.c.uidashboard.schedule.SchedulerUtil   : generate new task
2024-08-25T12:21:10.324+03:30  INFO 54608 --- [UIdashboard] [scheduling-1] c.c.uidashboard.schedule.SchedulerUtil   : Generated number for assigning a status to a task: 4
2024-08-25T12:21:10.324+03:30  INFO 54608 --- [UIdashboard] [scheduling-1] c.c.uidashboard.schedule.SchedulerUtil   : Random LocalDateTime created for field CreateAt
2024-08-25T12:21:10.324+03:30  INFO 54608 --- [UIdashboard] [scheduling-1] c.c.uidashboard.schedule.SchedulerUtil   : Generated number for assigning a status to a task: 1
2024-08-25T12:21:10.324+03:30  INFO 54608 --- [UIdashboard] [scheduling-1] c.c.uidashboard.schedule.SchedulerUtil   : Random LocalDateTime created for field CreateAt
2024-08-25T12:21:10.324+03:30  INFO 54608 --- [UIdashboard] [scheduling-1] c.c.uidashboard.schedule.SchedulerUtil   : Generated number for assigning a status to a task: 0
2024-08-25T12:21:10.324+03:30  INFO 54608 --- [UIdashboard] [scheduling-1] c.c.uidashboard.schedule.SchedulerUtil   : Random LocalDateTime created for field CreateAt
2024-08-25T12:21:10.324+03:30  INFO 54608 --- [UIdashboard] [scheduling-1] c.c.uidashboard.schedule.SchedulerUtil   : Generated number for assigning a status to a task: 1
2024-08-25T12:21:10.324+03:30  INFO 54608 --- [UIdashboard] [scheduling-1] c.c.uidashboard.schedule.SchedulerUtil   : Random LocalDateTime created for field CreateAt
2024-08-25T12:21:10.326+03:30  INFO 54608 --- [UIdashboard] [scheduling-1] c.ceadar.uidashboard.schedule.Scheduler  : add new batch task finished at 2024-08-25T12:21:10.326709
2024-08-25T12:21:41.323+03:30  INFO 54608 --- [UIdashboard] [scheduling-1] c.ceadar.uidashboard.schedule.Scheduler  : tasks fetching from database for update, count: 10
2024-08-25T12:21:41.323+03:30  INFO 54608 --- [UIdashboard] [scheduling-1] c.c.uidashboard.schedule.SchedulerUtil   : Generated number for assigning a status to a task: 2
2024-08-25T12:21:41.324+03:30  INFO 54608 --- [UIdashboard] [scheduling-1] c.c.uidashboard.service.TaskService      : updating, task id: 114
2024-08-25T12:21:41.325+03:30 DEBUG 54608 --- [UIdashboard] [scheduling-1] c.ceadar.uidashboard.schedule.Scheduler  : task 114 , Task 114 is updated
2024-08-25T12:21:41.325+03:30  INFO 54608 --- [UIdashboard] [scheduling-1] c.c.uidashboard.schedule.SchedulerUtil   : Generated number for assigning a status to a task: 3
2024-08-25T12:21:41.325+03:30  INFO 54608 --- [UIdashboard] [scheduling-1] c.c.uidashboard.service.TaskService      : updating, task id: 119
2024-08-25T12:21:41.326+03:30 DEBUG 54608 --- [UIdashboard] [scheduling-1] c.ceadar.uidashboard.schedule.Scheduler  : task 119 , Task 119 is updated
2024-08-25T12:21:41.326+03:30  INFO 54608 --- [UIdashboard] [scheduling-1] c.c.uidashboard.schedule.SchedulerUtil   : Generated number for assigning a status to a task: 2
2024-08-25T12:21:41.326+03:30  INFO 54608 --- [UIdashboard] [scheduling-1] c.c.uidashboard.service.TaskService      : updating, task id: 121
2024-08-25T12:21:41.326+03:30 DEBUG 54608 --- [UIdashboard] [scheduling-1] c.ceadar.uidashboard.schedule.Scheduler  : task 121 , Task 121 is updated
2024-08-25T12:21:41.326+03:30  INFO 54608 --- [UIdashboard] [scheduling-1] c.c.uidashboard.schedule.SchedulerUtil   : Generated number for assigning a status to a task: 3
2024-08-25T12:21:41.326+03:30  INFO 54608 --- [UIdashboard] [scheduling-1] c.c.uidashboard.service.TaskService      : updating, task id: 122
2024-08-25T12:21:41.327+03:30 DEBUG 54608 --- [UIdashboard] [scheduling-1] c.ceadar.uidashboard.schedule.Scheduler  : task 122 , Task 122 is updated
2024-08-25T12:21:41.327+03:30  INFO 54608 --- [UIdashboard] [scheduling-1] c.c.uidashboard.schedule.SchedulerUtil   : Generated number for assigning a status to a task: 1
2024-08-25T12:21:41.327+03:30  INFO 54608 --- [UIdashboard] [scheduling-1] c.c.uidashboard.service.TaskService      : updating, task id: 123
2024-08-25T12:21:41.327+03:30 DEBUG 54608 --- [UIdashboard] [scheduling-1] c.ceadar.uidashboard.schedule.Scheduler  : task 123 , Task 123 is updated
2024-08-25T12:21:41.327+03:30  INFO 54608 --- [UIdashboard] [scheduling-1] c.c.uidashboard.schedule.SchedulerUtil   : Generated number for assigning a status to a task: 4
2024-08-25T12:21:41.327+03:30  INFO 54608 --- [UIdashboard] [scheduling-1] c.c.uidashboard.service.TaskService      : updating, task id: 124
2024-08-25T12:21:41.328+03:30 DEBUG 54608 --- [UIdashboard] [scheduling-1] c.ceadar.uidashboard.schedule.Scheduler  : task 124 , Task 124 is updated
2024-08-25T12:21:41.328+03:30  INFO 54608 --- [UIdashboard] [scheduling-1] c.c.uidashboard.schedule.SchedulerUtil   : Generated number for assigning a status to a task: 1
2024-08-25T12:21:41.328+03:30  INFO 54608 --- [UIdashboard] [scheduling-1] c.c.uidashboard.service.TaskService      : updating, task id: 125
2024-08-25T12:21:41.328+03:30 DEBUG 54608 --- [UIdashboard] [scheduling-1] c.ceadar.uidashboard.schedule.Scheduler  : task 125 , Task 125 is updated
2024-08-25T12:21:41.329+03:30  INFO 54608 --- [UIdashboard] [scheduling-1] c.c.uidashboard.schedule.SchedulerUtil   : Generated number for assigning a status to a task: 1
2024-08-25T12:21:41.329+03:30  INFO 54608 --- [UIdashboard] [scheduling-1] c.c.uidashboard.service.TaskService      : updating, task id: 126
2024-08-25T12:21:41.329+03:30 DEBUG 54608 --- [UIdashboard] [scheduling-1] c.ceadar.uidashboard.schedule.Scheduler  : task 126 , Task 126 is updated
2024-08-25T12:21:41.329+03:30  INFO 54608 --- [UIdashboard] [scheduling-1] c.c.uidashboard.schedule.SchedulerUtil   : Generated number for assigning a status to a task: 4
2024-08-25T12:21:41.329+03:30  INFO 54608 --- [UIdashboard] [scheduling-1] c.c.uidashboard.service.TaskService      : updating, task id: 127
2024-08-25T12:21:41.329+03:30 DEBUG 54608 --- [UIdashboard] [scheduling-1] c.ceadar.uidashboard.schedule.Scheduler  : task 127 , Task 127 is updated
2024-08-25T12:21:41.329+03:30  INFO 54608 --- [UIdashboard] [scheduling-1] c.c.uidashboard.schedule.SchedulerUtil   : Generated number for assigning a status to a task: 4
2024-08-25T12:21:41.329+03:30  INFO 54608 --- [UIdashboard] [scheduling-1] c.c.uidashboard.service.TaskService      : updating, task id: 128
2024-08-25T12:21:41.330+03:30 DEBUG 54608 --- [UIdashboard] [scheduling-1] c.ceadar.uidashboard.schedule.Scheduler  : task 128 , Task 128 is updated
2024-08-25T12:22:09.324+03:30  INFO 54608 --- [UIdashboard] [scheduling-1] c.ceadar.uidashboard.schedule.Scheduler  : add new batch task to database at 2024-08-25T12:22:09.324087
2024-08-25T12:22:09.330+03:30  INFO 54608 --- [UIdashboard] [scheduling-1] c.c.uidashboard.schedule.SchedulerUtil   : generate new task
2024-08-25T12:22:09.331+03:30  INFO 54608 --- [UIdashboard] [scheduling-1] c.c.uidashboard.schedule.SchedulerUtil   : Generated number for assigning a status to a task: 1
2024-08-25T12:22:09.331+03:30  INFO 54608 --- [UIdashboard] [scheduling-1] c.c.uidashboard.schedule.SchedulerUtil   : Random LocalDateTime created for field CreateAt
2024-08-25T12:22:09.331+03:30  INFO 54608 --- [UIdashboard] [scheduling-1] c.c.uidashboard.schedule.SchedulerUtil   : Generated number for assigning a status to a task: 2
2024-08-25T12:22:09.331+03:30  INFO 54608 --- [UIdashboard] [scheduling-1] c.c.uidashboard.schedule.SchedulerUtil   : Random LocalDateTime created for field CreateAt
2024-08-25T12:22:09.331+03:30  INFO 54608 --- [UIdashboard] [scheduling-1] c.c.uidashboard.schedule.SchedulerUtil   : Generated number for assigning a status to a task: 0
2024-08-25T12:22:09.331+03:30  INFO 54608 --- [UIdashboard] [scheduling-1] c.c.uidashboard.schedule.SchedulerUtil   : Random LocalDateTime created for field CreateAt
2024-08-25T12:22:09.331+03:30  INFO 54608 --- [UIdashboard] [scheduling-1] c.c.uidashboard.schedule.SchedulerUtil   : Generated number for assigning a status to a task: 3
2024-08-25T12:22:09.331+03:30  INFO 54608 --- [UIdashboard] [scheduling-1] c.c.uidashboard.schedule.SchedulerUtil   : Random LocalDateTime created for field CreateAt
2024-08-25T12:22:09.333+03:30  INFO 54608 --- [UIdashboard] [scheduling-1] c.ceadar.uidashboard.schedule.Scheduler  : add new batch task finished at 2024-08-25T12:22:09.333250
2024-08-25T12:22:41.327+03:30  INFO 54608 --- [UIdashboard] [scheduling-1] c.ceadar.uidashboard.schedule.Scheduler  : tasks fetching from database for update, count: 9
2024-08-25T12:22:41.327+03:30  INFO 54608 --- [UIdashboard] [scheduling-1] c.c.uidashboard.schedule.SchedulerUtil   : Generated number for assigning a status to a task: 0
2024-08-25T12:22:41.327+03:30  INFO 54608 --- [UIdashboard] [scheduling-1] c.c.uidashboard.service.TaskService      : updating, task id: 114
2024-08-25T12:22:41.329+03:30 DEBUG 54608 --- [UIdashboard] [scheduling-1] c.ceadar.uidashboard.schedule.Scheduler  : task 114 , Task 114 is updated
2024-08-25T12:22:41.329+03:30  INFO 54608 --- [UIdashboard] [scheduling-1] c.c.uidashboard.schedule.SchedulerUtil   : Generated number for assigning a status to a task: 1
2024-08-25T12:22:41.329+03:30  INFO 54608 --- [UIdashboard] [scheduling-1] c.c.uidashboard.service.TaskService      : updating, task id: 121
2024-08-25T12:22:41.331+03:30 DEBUG 54608 --- [UIdashboard] [scheduling-1] c.ceadar.uidashboard.schedule.Scheduler  : task 121 , Task 121 is updated
2024-08-25T12:22:41.331+03:30  INFO 54608 --- [UIdashboard] [scheduling-1] c.c.uidashboard.schedule.SchedulerUtil   : Generated number for assigning a status to a task: 4
2024-08-25T12:22:41.331+03:30  INFO 54608 --- [UIdashboard] [scheduling-1] c.c.uidashboard.service.TaskService      : updating, task id: 123
2024-08-25T12:22:41.331+03:30 DEBUG 54608 --- [UIdashboard] [scheduling-1] c.ceadar.uidashboard.schedule.Scheduler  : task 123 , Task 123 is updated
2024-08-25T12:22:41.331+03:30  INFO 54608 --- [UIdashboard] [scheduling-1] c.c.uidashboard.schedule.SchedulerUtil   : Generated number for assigning a status to a task: 2
2024-08-25T12:22:41.331+03:30  INFO 54608 --- [UIdashboard] [scheduling-1] c.c.uidashboard.service.TaskService      : updating, task id: 125
2024-08-25T12:22:41.332+03:30 DEBUG 54608 --- [UIdashboard] [scheduling-1] c.ceadar.uidashboard.schedule.Scheduler  : task 125 , Task 125 is updated
2024-08-25T12:22:41.332+03:30  INFO 54608 --- [UIdashboard] [scheduling-1] c.c.uidashboard.schedule.SchedulerUtil   : Generated number for assigning a status to a task: 4
2024-08-25T12:22:41.332+03:30  INFO 54608 --- [UIdashboard] [scheduling-1] c.c.uidashboard.service.TaskService      : updating, task id: 126
2024-08-25T12:22:41.333+03:30 DEBUG 54608 --- [UIdashboard] [scheduling-1] c.ceadar.uidashboard.schedule.Scheduler  : task 126 , Task 126 is updated
2024-08-25T12:22:41.333+03:30  INFO 54608 --- [UIdashboard] [scheduling-1] c.c.uidashboard.schedule.SchedulerUtil   : Generated number for assigning a status to a task: 3
2024-08-25T12:22:41.333+03:30  INFO 54608 --- [UIdashboard] [scheduling-1] c.c.uidashboard.service.TaskService      : updating, task id: 129
2024-08-25T12:22:41.333+03:30 DEBUG 54608 --- [UIdashboard] [scheduling-1] c.ceadar.uidashboard.schedule.Scheduler  : task 129 , Task 129 is updated
2024-08-25T12:22:41.333+03:30  INFO 54608 --- [UIdashboard] [scheduling-1] c.c.uidashboard.schedule.SchedulerUtil   : Generated number for assigning a status to a task: 2
2024-08-25T12:22:41.333+03:30  INFO 54608 --- [UIdashboard] [scheduling-1] c.c.uidashboard.service.TaskService      : updating, task id: 130
2024-08-25T12:22:41.333+03:30 DEBUG 54608 --- [UIdashboard] [scheduling-1] c.ceadar.uidashboard.schedule.Scheduler  : task 130 , Task 130 is updated
2024-08-25T12:22:41.334+03:30  INFO 54608 --- [UIdashboard] [scheduling-1] c.c.uidashboard.schedule.SchedulerUtil   : Generated number for assigning a status to a task: 1
2024-08-25T12:22:41.334+03:30  INFO 54608 --- [UIdashboard] [scheduling-1] c.c.uidashboard.service.TaskService      : updating, task id: 131
2024-08-25T12:22:41.334+03:30 DEBUG 54608 --- [UIdashboard] [scheduling-1] c.ceadar.uidashboard.schedule.Scheduler  : task 131 , Task 131 is updated
2024-08-25T12:22:41.334+03:30  INFO 54608 --- [UIdashboard] [scheduling-1] c.c.uidashboard.schedule.SchedulerUtil   : Generated number for assigning a status to a task: 3
2024-08-25T12:22:41.334+03:30  INFO 54608 --- [UIdashboard] [scheduling-1] c.c.uidashboard.service.TaskService      : updating, task id: 132
2024-08-25T12:22:41.335+03:30 DEBUG 54608 --- [UIdashboard] [scheduling-1] c.ceadar.uidashboard.schedule.Scheduler  : task 132 , Task 132 is updated
2024-08-25T12:23:08.320+03:30  INFO 54608 --- [UIdashboard] [scheduling-1] c.ceadar.uidashboard.schedule.Scheduler  : add new batch task to database at 2024-08-25T12:23:08.320504
2024-08-25T12:23:08.327+03:30  INFO 54608 --- [UIdashboard] [scheduling-1] c.c.uidashboard.schedule.SchedulerUtil   : generate new task
2024-08-25T12:23:08.329+03:30  INFO 54608 --- [UIdashboard] [scheduling-1] c.c.uidashboard.schedule.SchedulerUtil   : Generated number for assigning a status to a task: 0
2024-08-25T12:23:08.329+03:30  INFO 54608 --- [UIdashboard] [scheduling-1] c.c.uidashboard.schedule.SchedulerUtil   : Random LocalDateTime created for field CreateAt
2024-08-25T12:23:08.329+03:30  INFO 54608 --- [UIdashboard] [scheduling-1] c.c.uidashboard.schedule.SchedulerUtil   : Generated number for assigning a status to a task: 1
2024-08-25T12:23:08.329+03:30  INFO 54608 --- [UIdashboard] [scheduling-1] c.c.uidashboard.schedule.SchedulerUtil   : Random LocalDateTime created for field CreateAt
2024-08-25T12:23:08.329+03:30  INFO 54608 --- [UIdashboard] [scheduling-1] c.c.uidashboard.schedule.SchedulerUtil   : Generated number for assigning a status to a task: 0
2024-08-25T12:23:08.329+03:30  INFO 54608 --- [UIdashboard] [scheduling-1] c.c.uidashboard.schedule.SchedulerUtil   : Random LocalDateTime created for field CreateAt
2024-08-25T12:23:08.329+03:30  INFO 54608 --- [UIdashboard] [scheduling-1] c.c.uidashboard.schedule.SchedulerUtil   : Generated number for assigning a status to a task: 3
2024-08-25T12:23:08.329+03:30  INFO 54608 --- [UIdashboard] [scheduling-1] c.c.uidashboard.schedule.SchedulerUtil   : Random LocalDateTime created for field CreateAt
2024-08-25T12:23:08.330+03:30  INFO 54608 --- [UIdashboard] [scheduling-1] c.ceadar.uidashboard.schedule.Scheduler  : add new batch task finished at 2024-08-25T12:23:08.330740
2024-08-25T12:23:41.324+03:30  INFO 54608 --- [UIdashboard] [scheduling-1] c.ceadar.uidashboard.schedule.Scheduler  : tasks fetching from database for update, count: 9
2024-08-25T12:23:41.324+03:30  INFO 54608 --- [UIdashboard] [scheduling-1] c.c.uidashboard.schedule.SchedulerUtil   : Generated number for assigning a status to a task: 4
2024-08-25T12:23:41.324+03:30  INFO 54608 --- [UIdashboard] [scheduling-1] c.c.uidashboard.service.TaskService      : updating, task id: 114
2024-08-25T12:23:41.326+03:30 DEBUG 54608 --- [UIdashboard] [scheduling-1] c.ceadar.uidashboard.schedule.Scheduler  : task 114 , Task 114 is updated
2024-08-25T12:23:41.327+03:30  INFO 54608 --- [UIdashboard] [scheduling-1] c.c.uidashboard.schedule.SchedulerUtil   : Generated number for assigning a status to a task: 0
2024-08-25T12:23:41.327+03:30  INFO 54608 --- [UIdashboard] [scheduling-1] c.c.uidashboard.service.TaskService      : updating, task id: 121
2024-08-25T12:23:41.327+03:30 DEBUG 54608 --- [UIdashboard] [scheduling-1] c.ceadar.uidashboard.schedule.Scheduler  : task 121 , Task 121 is updated
2024-08-25T12:23:41.327+03:30  INFO 54608 --- [UIdashboard] [scheduling-1] c.c.uidashboard.schedule.SchedulerUtil   : Generated number for assigning a status to a task: 3
2024-08-25T12:23:41.327+03:30  INFO 54608 --- [UIdashboard] [scheduling-1] c.c.uidashboard.service.TaskService      : updating, task id: 125
2024-08-25T12:23:41.328+03:30 DEBUG 54608 --- [UIdashboard] [scheduling-1] c.ceadar.uidashboard.schedule.Scheduler  : task 125 , Task 125 is updated
2024-08-25T12:23:41.328+03:30  INFO 54608 --- [UIdashboard] [scheduling-1] c.c.uidashboard.schedule.SchedulerUtil   : Generated number for assigning a status to a task: 3
2024-08-25T12:23:41.328+03:30  INFO 54608 --- [UIdashboard] [scheduling-1] c.c.uidashboard.service.TaskService      : updating, task id: 130
2024-08-25T12:23:41.329+03:30 DEBUG 54608 --- [UIdashboard] [scheduling-1] c.ceadar.uidashboard.schedule.Scheduler  : task 130 , Task 130 is updated
2024-08-25T12:23:41.329+03:30  INFO 54608 --- [UIdashboard] [scheduling-1] c.c.uidashboard.schedule.SchedulerUtil   : Generated number for assigning a status to a task: 0
2024-08-25T12:23:41.329+03:30  INFO 54608 --- [UIdashboard] [scheduling-1] c.c.uidashboard.service.TaskService      : updating, task id: 131
2024-08-25T12:23:41.330+03:30 DEBUG 54608 --- [UIdashboard] [scheduling-1] c.ceadar.uidashboard.schedule.Scheduler  : task 131 , Task 131 is updated
2024-08-25T12:23:41.330+03:30  INFO 54608 --- [UIdashboard] [scheduling-1] c.c.uidashboard.schedule.SchedulerUtil   : Generated number for assigning a status to a task: 4
2024-08-25T12:23:41.330+03:30  INFO 54608 --- [UIdashboard] [scheduling-1] c.c.uidashboard.service.TaskService      : updating, task id: 133
2024-08-25T12:23:41.331+03:30 DEBUG 54608 --- [UIdashboard] [scheduling-1] c.ceadar.uidashboard.schedule.Scheduler  : task 133 , Task 133 is updated
2024-08-25T12:23:41.332+03:30  INFO 54608 --- [UIdashboard] [scheduling-1] c.c.uidashboard.schedule.SchedulerUtil   : Generated number for assigning a status to a task: 0
2024-08-25T12:23:41.332+03:30  INFO 54608 --- [UIdashboard] [scheduling-1] c.c.uidashboard.service.TaskService      : updating, task id: 134
2024-08-25T12:23:41.332+03:30 DEBUG 54608 --- [UIdashboard] [scheduling-1] c.ceadar.uidashboard.schedule.Scheduler  : task 134 , Task 134 is updated
2024-08-25T12:23:41.332+03:30  INFO 54608 --- [UIdashboard] [scheduling-1] c.c.uidashboard.schedule.SchedulerUtil   : Generated number for assigning a status to a task: 3
2024-08-25T12:23:41.332+03:30  INFO 54608 --- [UIdashboard] [scheduling-1] c.c.uidashboard.service.TaskService      : updating, task id: 135
2024-08-25T12:23:41.333+03:30 DEBUG 54608 --- [UIdashboard] [scheduling-1] c.ceadar.uidashboard.schedule.Scheduler  : task 135 , Task 135 is updated
2024-08-25T12:23:41.333+03:30  INFO 54608 --- [UIdashboard] [scheduling-1] c.c.uidashboard.schedule.SchedulerUtil   : Generated number for assigning a status to a task: 3
2024-08-25T12:23:41.333+03:30  INFO 54608 --- [UIdashboard] [scheduling-1] c.c.uidashboard.service.TaskService      : updating, task id: 136
2024-08-25T12:23:41.333+03:30 DEBUG 54608 --- [UIdashboard] [scheduling-1] c.ceadar.uidashboard.schedule.Scheduler  : task 136 , Task 136 is updated
2024-08-25T12:24:07.320+03:30  INFO 54608 --- [UIdashboard] [scheduling-1] c.ceadar.uidashboard.schedule.Scheduler  : add new batch task to database at 2024-08-25T12:24:07.320379
2024-08-25T12:24:07.326+03:30  INFO 54608 --- [UIdashboard] [scheduling-1] c.c.uidashboard.schedule.SchedulerUtil   : generate new task
2024-08-25T12:24:07.328+03:30  INFO 54608 --- [UIdashboard] [scheduling-1] c.c.uidashboard.schedule.SchedulerUtil   : Generated number for assigning a status to a task: 0
2024-08-25T12:24:07.328+03:30  INFO 54608 --- [UIdashboard] [scheduling-1] c.c.uidashboard.schedule.SchedulerUtil   : Random LocalDateTime created for field CreateAt
2024-08-25T12:24:07.328+03:30  INFO 54608 --- [UIdashboard] [scheduling-1] c.c.uidashboard.schedule.SchedulerUtil   : Generated number for assigning a status to a task: 0
2024-08-25T12:24:07.328+03:30  INFO 54608 --- [UIdashboard] [scheduling-1] c.c.uidashboard.schedule.SchedulerUtil   : Random LocalDateTime created for field CreateAt
2024-08-25T12:24:07.328+03:30  INFO 54608 --- [UIdashboard] [scheduling-1] c.c.uidashboard.schedule.SchedulerUtil   : Generated number for assigning a status to a task: 2
2024-08-25T12:24:07.328+03:30  INFO 54608 --- [UIdashboard] [scheduling-1] c.c.uidashboard.schedule.SchedulerUtil   : Random LocalDateTime created for field CreateAt
2024-08-25T12:24:07.328+03:30  INFO 54608 --- [UIdashboard] [scheduling-1] c.c.uidashboard.schedule.SchedulerUtil   : Generated number for assigning a status to a task: 3
2024-08-25T12:24:07.328+03:30  INFO 54608 --- [UIdashboard] [scheduling-1] c.c.uidashboard.schedule.SchedulerUtil   : Random LocalDateTime created for field CreateAt
2024-08-25T12:24:07.330+03:30  INFO 54608 --- [UIdashboard] [scheduling-1] c.ceadar.uidashboard.schedule.Scheduler  : add new batch task finished at 2024-08-25T12:24:07.330373
2024-08-25T12:24:41.322+03:30  INFO 54608 --- [UIdashboard] [scheduling-1] c.ceadar.uidashboard.schedule.Scheduler  : tasks fetching from database for update, count: 7
2024-08-25T12:24:41.323+03:30  INFO 54608 --- [UIdashboard] [scheduling-1] c.c.uidashboard.schedule.SchedulerUtil   : Generated number for assigning a status to a task: 4
2024-08-25T12:24:41.323+03:30  INFO 54608 --- [UIdashboard] [scheduling-1] c.c.uidashboard.service.TaskService      : updating, task id: 121
2024-08-25T12:24:41.324+03:30 DEBUG 54608 --- [UIdashboard] [scheduling-1] c.ceadar.uidashboard.schedule.Scheduler  : task 121 , Task 121 is updated
2024-08-25T12:24:41.324+03:30  INFO 54608 --- [UIdashboard] [scheduling-1] c.c.uidashboard.schedule.SchedulerUtil   : Generated number for assigning a status to a task: 3
2024-08-25T12:24:41.325+03:30  INFO 54608 --- [UIdashboard] [scheduling-1] c.c.uidashboard.service.TaskService      : updating, task id: 131
2024-08-25T12:24:41.325+03:30 DEBUG 54608 --- [UIdashboard] [scheduling-1] c.ceadar.uidashboard.schedule.Scheduler  : task 131 , Task 131 is updated
2024-08-25T12:24:41.325+03:30  INFO 54608 --- [UIdashboard] [scheduling-1] c.c.uidashboard.schedule.SchedulerUtil   : Generated number for assigning a status to a task: 2
2024-08-25T12:24:41.325+03:30  INFO 54608 --- [UIdashboard] [scheduling-1] c.c.uidashboard.service.TaskService      : updating, task id: 134
2024-08-25T12:24:41.326+03:30 DEBUG 54608 --- [UIdashboard] [scheduling-1] c.ceadar.uidashboard.schedule.Scheduler  : task 134 , Task 134 is updated
2024-08-25T12:24:41.326+03:30  INFO 54608 --- [UIdashboard] [scheduling-1] c.c.uidashboard.schedule.SchedulerUtil   : Generated number for assigning a status to a task: 2
2024-08-25T12:24:41.326+03:30  INFO 54608 --- [UIdashboard] [scheduling-1] c.c.uidashboard.service.TaskService      : updating, task id: 137
2024-08-25T12:24:41.327+03:30 DEBUG 54608 --- [UIdashboard] [scheduling-1] c.ceadar.uidashboard.schedule.Scheduler  : task 137 , Task 137 is updated
2024-08-25T12:24:41.327+03:30  INFO 54608 --- [UIdashboard] [scheduling-1] c.c.uidashboard.schedule.SchedulerUtil   : Generated number for assigning a status to a task: 4
2024-08-25T12:24:41.327+03:30  INFO 54608 --- [UIdashboard] [scheduling-1] c.c.uidashboard.service.TaskService      : updating, task id: 138
2024-08-25T12:24:41.328+03:30 DEBUG 54608 --- [UIdashboard] [scheduling-1] c.ceadar.uidashboard.schedule.Scheduler  : task 138 , Task 138 is updated
2024-08-25T12:24:41.328+03:30  INFO 54608 --- [UIdashboard] [scheduling-1] c.c.uidashboard.schedule.SchedulerUtil   : Generated number for assigning a status to a task: 1
2024-08-25T12:24:41.328+03:30  INFO 54608 --- [UIdashboard] [scheduling-1] c.c.uidashboard.service.TaskService      : updating, task id: 139
2024-08-25T12:24:41.328+03:30 DEBUG 54608 --- [UIdashboard] [scheduling-1] c.ceadar.uidashboard.schedule.Scheduler  : task 139 , Task 139 is updated
2024-08-25T12:24:41.328+03:30  INFO 54608 --- [UIdashboard] [scheduling-1] c.c.uidashboard.schedule.SchedulerUtil   : Generated number for assigning a status to a task: 2
2024-08-25T12:24:41.328+03:30  INFO 54608 --- [UIdashboard] [scheduling-1] c.c.uidashboard.service.TaskService      : updating, task id: 140
2024-08-25T12:24:41.328+03:30 DEBUG 54608 --- [UIdashboard] [scheduling-1] c.ceadar.uidashboard.schedule.Scheduler  : task 140 , Task 140 is updated
2024-08-25T12:25:06.318+03:30  INFO 54608 --- [UIdashboard] [scheduling-1] c.ceadar.uidashboard.schedule.Scheduler  : add new batch task to database at 2024-08-25T12:25:06.318043
2024-08-25T12:25:06.324+03:30  INFO 54608 --- [UIdashboard] [scheduling-1] c.c.uidashboard.schedule.SchedulerUtil   : generate new task
2024-08-25T12:25:06.326+03:30  INFO 54608 --- [UIdashboard] [scheduling-1] c.c.uidashboard.schedule.SchedulerUtil   : Generated number for assigning a status to a task: 2
2024-08-25T12:25:06.326+03:30  INFO 54608 --- [UIdashboard] [scheduling-1] c.c.uidashboard.schedule.SchedulerUtil   : Random LocalDateTime created for field CreateAt
2024-08-25T12:25:06.326+03:30  INFO 54608 --- [UIdashboard] [scheduling-1] c.c.uidashboard.schedule.SchedulerUtil   : Generated number for assigning a status to a task: 2
2024-08-25T12:25:06.326+03:30  INFO 54608 --- [UIdashboard] [scheduling-1] c.c.uidashboard.schedule.SchedulerUtil   : Random LocalDateTime created for field CreateAt
2024-08-25T12:25:06.326+03:30  INFO 54608 --- [UIdashboard] [scheduling-1] c.c.uidashboard.schedule.SchedulerUtil   : Generated number for assigning a status to a task: 0
2024-08-25T12:25:06.326+03:30  INFO 54608 --- [UIdashboard] [scheduling-1] c.c.uidashboard.schedule.SchedulerUtil   : Random LocalDateTime created for field CreateAt
2024-08-25T12:25:06.326+03:30  INFO 54608 --- [UIdashboard] [scheduling-1] c.c.uidashboard.schedule.SchedulerUtil   : Generated number for assigning a status to a task: 4
2024-08-25T12:25:06.326+03:30  INFO 54608 --- [UIdashboard] [scheduling-1] c.c.uidashboard.schedule.SchedulerUtil   : Random LocalDateTime created for field CreateAt
2024-08-25T12:25:06.328+03:30  INFO 54608 --- [UIdashboard] [scheduling-1] c.ceadar.uidashboard.schedule.Scheduler  : add new batch task finished at 2024-08-25T12:25:06.328275
2024-08-25T12:25:41.326+03:30  INFO 54608 --- [UIdashboard] [scheduling-1] c.ceadar.uidashboard.schedule.Scheduler  : tasks fetching from database for update, count: 8
2024-08-25T12:25:41.328+03:30  INFO 54608 --- [UIdashboard] [scheduling-1] c.c.uidashboard.schedule.SchedulerUtil   : Generated number for assigning a status to a task: 2
2024-08-25T12:25:41.328+03:30  INFO 54608 --- [UIdashboard] [scheduling-1] c.c.uidashboard.service.TaskService      : updating, task id: 134
2024-08-25T12:25:41.329+03:30 DEBUG 54608 --- [UIdashboard] [scheduling-1] c.ceadar.uidashboard.schedule.Scheduler  : task 134 , Task 134 is updated
2024-08-25T12:25:41.330+03:30  INFO 54608 --- [UIdashboard] [scheduling-1] c.c.uidashboard.schedule.SchedulerUtil   : Generated number for assigning a status to a task: 0
2024-08-25T12:25:41.330+03:30  INFO 54608 --- [UIdashboard] [scheduling-1] c.c.uidashboard.service.TaskService      : updating, task id: 137
2024-08-25T12:25:41.331+03:30 DEBUG 54608 --- [UIdashboard] [scheduling-1] c.ceadar.uidashboard.schedule.Scheduler  : task 137 , Task 137 is updated
2024-08-25T12:25:41.331+03:30  INFO 54608 --- [UIdashboard] [scheduling-1] c.c.uidashboard.schedule.SchedulerUtil   : Generated number for assigning a status to a task: 1
2024-08-25T12:25:41.331+03:30  INFO 54608 --- [UIdashboard] [scheduling-1] c.c.uidashboard.service.TaskService      : updating, task id: 139
2024-08-25T12:25:41.331+03:30 DEBUG 54608 --- [UIdashboard] [scheduling-1] c.ceadar.uidashboard.schedule.Scheduler  : task 139 , Task 139 is updated
2024-08-25T12:25:41.331+03:30  INFO 54608 --- [UIdashboard] [scheduling-1] c.c.uidashboard.schedule.SchedulerUtil   : Generated number for assigning a status to a task: 2
2024-08-25T12:25:41.331+03:30  INFO 54608 --- [UIdashboard] [scheduling-1] c.c.uidashboard.service.TaskService      : updating, task id: 140
2024-08-25T12:25:41.331+03:30 DEBUG 54608 --- [UIdashboard] [scheduling-1] c.ceadar.uidashboard.schedule.Scheduler  : task 140 , Task 140 is updated
2024-08-25T12:25:41.331+03:30  INFO 54608 --- [UIdashboard] [scheduling-1] c.c.uidashboard.schedule.SchedulerUtil   : Generated number for assigning a status to a task: 4
2024-08-25T12:25:41.332+03:30  INFO 54608 --- [UIdashboard] [scheduling-1] c.c.uidashboard.service.TaskService      : updating, task id: 141
2024-08-25T12:25:41.332+03:30 DEBUG 54608 --- [UIdashboard] [scheduling-1] c.ceadar.uidashboard.schedule.Scheduler  : task 141 , Task 141 is updated
2024-08-25T12:25:41.332+03:30  INFO 54608 --- [UIdashboard] [scheduling-1] c.c.uidashboard.schedule.SchedulerUtil   : Generated number for assigning a status to a task: 0
2024-08-25T12:25:41.332+03:30  INFO 54608 --- [UIdashboard] [scheduling-1] c.c.uidashboard.service.TaskService      : updating, task id: 142
2024-08-25T12:25:41.332+03:30 DEBUG 54608 --- [UIdashboard] [scheduling-1] c.ceadar.uidashboard.schedule.Scheduler  : task 142 , Task 142 is updated
2024-08-25T12:25:41.333+03:30  INFO 54608 --- [UIdashboard] [scheduling-1] c.c.uidashboard.schedule.SchedulerUtil   : Generated number for assigning a status to a task: 3
2024-08-25T12:25:41.333+03:30  INFO 54608 --- [UIdashboard] [scheduling-1] c.c.uidashboard.service.TaskService      : updating, task id: 143
2024-08-25T12:25:41.333+03:30 DEBUG 54608 --- [UIdashboard] [scheduling-1] c.ceadar.uidashboard.schedule.Scheduler  : task 143 , Task 143 is updated
2024-08-25T12:25:41.333+03:30  INFO 54608 --- [UIdashboard] [scheduling-1] c.c.uidashboard.schedule.SchedulerUtil   : Generated number for assigning a status to a task: 3
2024-08-25T12:25:41.333+03:30  INFO 54608 --- [UIdashboard] [scheduling-1] c.c.uidashboard.service.TaskService      : updating, task id: 144
2024-08-25T12:25:41.333+03:30 DEBUG 54608 --- [UIdashboard] [scheduling-1] c.ceadar.uidashboard.schedule.Scheduler  : task 144 , Task 144 is updated
2024-08-25T12:26:05.322+03:30  INFO 54608 --- [UIdashboard] [scheduling-1] c.ceadar.uidashboard.schedule.Scheduler  : add new batch task to database at 2024-08-25T12:26:05.322283
2024-08-25T12:26:05.327+03:30  INFO 54608 --- [UIdashboard] [scheduling-1] c.c.uidashboard.schedule.SchedulerUtil   : generate new task
2024-08-25T12:26:05.329+03:30  INFO 54608 --- [UIdashboard] [scheduling-1] c.c.uidashboard.schedule.SchedulerUtil   : Generated number for assigning a status to a task: 3
2024-08-25T12:26:05.329+03:30  INFO 54608 --- [UIdashboard] [scheduling-1] c.c.uidashboard.schedule.SchedulerUtil   : Random LocalDateTime created for field CreateAt
2024-08-25T12:26:05.329+03:30  INFO 54608 --- [UIdashboard] [scheduling-1] c.c.uidashboard.schedule.SchedulerUtil   : Generated number for assigning a status to a task: 2
2024-08-25T12:26:05.329+03:30  INFO 54608 --- [UIdashboard] [scheduling-1] c.c.uidashboard.schedule.SchedulerUtil   : Random LocalDateTime created for field CreateAt
2024-08-25T12:26:05.329+03:30  INFO 54608 --- [UIdashboard] [scheduling-1] c.c.uidashboard.schedule.SchedulerUtil   : Generated number for assigning a status to a task: 2
2024-08-25T12:26:05.329+03:30  INFO 54608 --- [UIdashboard] [scheduling-1] c.c.uidashboard.schedule.SchedulerUtil   : Random LocalDateTime created for field CreateAt
2024-08-25T12:26:05.329+03:30  INFO 54608 --- [UIdashboard] [scheduling-1] c.c.uidashboard.schedule.SchedulerUtil   : Generated number for assigning a status to a task: 1
2024-08-25T12:26:05.329+03:30  INFO 54608 --- [UIdashboard] [scheduling-1] c.c.uidashboard.schedule.SchedulerUtil   : Random LocalDateTime created for field CreateAt
2024-08-25T12:26:05.331+03:30  INFO 54608 --- [UIdashboard] [scheduling-1] c.ceadar.uidashboard.schedule.Scheduler  : add new batch task finished at 2024-08-25T12:26:05.331351
2024-08-25T12:26:41.320+03:30  INFO 54608 --- [UIdashboard] [scheduling-1] c.ceadar.uidashboard.schedule.Scheduler  : tasks fetching from database for update, count: 9
2024-08-25T12:26:41.321+03:30  INFO 54608 --- [UIdashboard] [scheduling-1] c.c.uidashboard.schedule.SchedulerUtil   : Generated number for assigning a status to a task: 4
2024-08-25T12:26:41.321+03:30  INFO 54608 --- [UIdashboard] [scheduling-1] c.c.uidashboard.service.TaskService      : updating, task id: 134
2024-08-25T12:26:41.323+03:30 DEBUG 54608 --- [UIdashboard] [scheduling-1] c.ceadar.uidashboard.schedule.Scheduler  : task 134 , Task 134 is updated
2024-08-25T12:26:41.323+03:30  INFO 54608 --- [UIdashboard] [scheduling-1] c.c.uidashboard.schedule.SchedulerUtil   : Generated number for assigning a status to a task: 3
2024-08-25T12:26:41.323+03:30  INFO 54608 --- [UIdashboard] [scheduling-1] c.c.uidashboard.service.TaskService      : updating, task id: 137
2024-08-25T12:26:41.324+03:30 DEBUG 54608 --- [UIdashboard] [scheduling-1] c.ceadar.uidashboard.schedule.Scheduler  : task 137 , Task 137 is updated
2024-08-25T12:26:41.325+03:30  INFO 54608 --- [UIdashboard] [scheduling-1] c.c.uidashboard.schedule.SchedulerUtil   : Generated number for assigning a status to a task: 1
2024-08-25T12:26:41.325+03:30  INFO 54608 --- [UIdashboard] [scheduling-1] c.c.uidashboard.service.TaskService      : updating, task id: 139
2024-08-25T12:26:41.326+03:30 DEBUG 54608 --- [UIdashboard] [scheduling-1] c.ceadar.uidashboard.schedule.Scheduler  : task 139 , Task 139 is updated
2024-08-25T12:26:41.326+03:30  INFO 54608 --- [UIdashboard] [scheduling-1] c.c.uidashboard.schedule.SchedulerUtil   : Generated number for assigning a status to a task: 3
2024-08-25T12:26:41.326+03:30  INFO 54608 --- [UIdashboard] [scheduling-1] c.c.uidashboard.service.TaskService      : updating, task id: 140
2024-08-25T12:26:41.327+03:30 DEBUG 54608 --- [UIdashboard] [scheduling-1] c.ceadar.uidashboard.schedule.Scheduler  : task 140 , Task 140 is updated
2024-08-25T12:26:41.327+03:30  INFO 54608 --- [UIdashboard] [scheduling-1] c.c.uidashboard.schedule.SchedulerUtil   : Generated number for assigning a status to a task: 3
2024-08-25T12:26:41.327+03:30  INFO 54608 --- [UIdashboard] [scheduling-1] c.c.uidashboard.service.TaskService      : updating, task id: 142
2024-08-25T12:26:41.328+03:30 DEBUG 54608 --- [UIdashboard] [scheduling-1] c.ceadar.uidashboard.schedule.Scheduler  : task 142 , Task 142 is updated
2024-08-25T12:26:41.328+03:30  INFO 54608 --- [UIdashboard] [scheduling-1] c.c.uidashboard.schedule.SchedulerUtil   : Generated number for assigning a status to a task: 1
2024-08-25T12:26:41.328+03:30  INFO 54608 --- [UIdashboard] [scheduling-1] c.c.uidashboard.service.TaskService      : updating, task id: 145
2024-08-25T12:26:41.329+03:30 DEBUG 54608 --- [UIdashboard] [scheduling-1] c.ceadar.uidashboard.schedule.Scheduler  : task 145 , Task 145 is updated
2024-08-25T12:26:41.329+03:30  INFO 54608 --- [UIdashboard] [scheduling-1] c.c.uidashboard.schedule.SchedulerUtil   : Generated number for assigning a status to a task: 2
2024-08-25T12:26:41.329+03:30  INFO 54608 --- [UIdashboard] [scheduling-1] c.c.uidashboard.service.TaskService      : updating, task id: 146
2024-08-25T12:26:41.329+03:30 DEBUG 54608 --- [UIdashboard] [scheduling-1] c.ceadar.uidashboard.schedule.Scheduler  : task 146 , Task 146 is updated
2024-08-25T12:26:41.329+03:30  INFO 54608 --- [UIdashboard] [scheduling-1] c.c.uidashboard.schedule.SchedulerUtil   : Generated number for assigning a status to a task: 1
2024-08-25T12:26:41.329+03:30  INFO 54608 --- [UIdashboard] [scheduling-1] c.c.uidashboard.service.TaskService      : updating, task id: 147
2024-08-25T12:26:41.330+03:30 DEBUG 54608 --- [UIdashboard] [scheduling-1] c.ceadar.uidashboard.schedule.Scheduler  : task 147 , Task 147 is updated
2024-08-25T12:26:41.330+03:30  INFO 54608 --- [UIdashboard] [scheduling-1] c.c.uidashboard.schedule.SchedulerUtil   : Generated number for assigning a status to a task: 2
2024-08-25T12:26:41.330+03:30  INFO 54608 --- [UIdashboard] [scheduling-1] c.c.uidashboard.service.TaskService      : updating, task id: 148
2024-08-25T12:26:41.330+03:30 DEBUG 54608 --- [UIdashboard] [scheduling-1] c.ceadar.uidashboard.schedule.Scheduler  : task 148 , Task 148 is updated
2024-08-25T12:27:04.321+03:30  INFO 54608 --- [UIdashboard] [scheduling-1] c.ceadar.uidashboard.schedule.Scheduler  : add new batch task to database at 2024-08-25T12:27:04.321151
2024-08-25T12:27:04.329+03:30  INFO 54608 --- [UIdashboard] [scheduling-1] c.c.uidashboard.schedule.SchedulerUtil   : generate new task
2024-08-25T12:27:04.330+03:30  INFO 54608 --- [UIdashboard] [scheduling-1] c.c.uidashboard.schedule.SchedulerUtil   : Generated number for assigning a status to a task: 4
2024-08-25T12:27:04.330+03:30  INFO 54608 --- [UIdashboard] [scheduling-1] c.c.uidashboard.schedule.SchedulerUtil   : Random LocalDateTime created for field CreateAt
2024-08-25T12:27:04.330+03:30  INFO 54608 --- [UIdashboard] [scheduling-1] c.c.uidashboard.schedule.SchedulerUtil   : Generated number for assigning a status to a task: 0
2024-08-25T12:27:04.330+03:30  INFO 54608 --- [UIdashboard] [scheduling-1] c.c.uidashboard.schedule.SchedulerUtil   : Random LocalDateTime created for field CreateAt
2024-08-25T12:27:04.330+03:30  INFO 54608 --- [UIdashboard] [scheduling-1] c.c.uidashboard.schedule.SchedulerUtil   : Generated number for assigning a status to a task: 0
2024-08-25T12:27:04.330+03:30  INFO 54608 --- [UIdashboard] [scheduling-1] c.c.uidashboard.schedule.SchedulerUtil   : Random LocalDateTime created for field CreateAt
2024-08-25T12:27:04.330+03:30  INFO 54608 --- [UIdashboard] [scheduling-1] c.c.uidashboard.schedule.SchedulerUtil   : Generated number for assigning a status to a task: 2
2024-08-25T12:27:04.330+03:30  INFO 54608 --- [UIdashboard] [scheduling-1] c.c.uidashboard.schedule.SchedulerUtil   : Random LocalDateTime created for field CreateAt
2024-08-25T12:27:04.332+03:30  INFO 54608 --- [UIdashboard] [scheduling-1] c.ceadar.uidashboard.schedule.Scheduler  : add new batch task finished at 2024-08-25T12:27:04.332159
2024-08-25T12:27:41.322+03:30  INFO 54608 --- [UIdashboard] [scheduling-1] c.ceadar.uidashboard.schedule.Scheduler  : tasks fetching from database for update, count: 9
2024-08-25T12:27:41.322+03:30  INFO 54608 --- [UIdashboard] [scheduling-1] c.c.uidashboard.schedule.SchedulerUtil   : Generated number for assigning a status to a task: 3
2024-08-25T12:27:41.322+03:30  INFO 54608 --- [UIdashboard] [scheduling-1] c.c.uidashboard.service.TaskService      : updating, task id: 139
2024-08-25T12:27:41.324+03:30 DEBUG 54608 --- [UIdashboard] [scheduling-1] c.ceadar.uidashboard.schedule.Scheduler  : task 139 , Task 139 is updated
2024-08-25T12:27:41.325+03:30  INFO 54608 --- [UIdashboard] [scheduling-1] c.c.uidashboard.schedule.SchedulerUtil   : Generated number for assigning a status to a task: 0
2024-08-25T12:27:41.325+03:30  INFO 54608 --- [UIdashboard] [scheduling-1] c.c.uidashboard.service.TaskService      : updating, task id: 145
2024-08-25T12:27:41.325+03:30 DEBUG 54608 --- [UIdashboard] [scheduling-1] c.ceadar.uidashboard.schedule.Scheduler  : task 145 , Task 145 is updated
2024-08-25T12:27:41.326+03:30  INFO 54608 --- [UIdashboard] [scheduling-1] c.c.uidashboard.schedule.SchedulerUtil   : Generated number for assigning a status to a task: 3
2024-08-25T12:27:41.326+03:30  INFO 54608 --- [UIdashboard] [scheduling-1] c.c.uidashboard.service.TaskService      : updating, task id: 146
2024-08-25T12:27:41.326+03:30 DEBUG 54608 --- [UIdashboard] [scheduling-1] c.ceadar.uidashboard.schedule.Scheduler  : task 146 , Task 146 is updated
2024-08-25T12:27:41.326+03:30  INFO 54608 --- [UIdashboard] [scheduling-1] c.c.uidashboard.schedule.SchedulerUtil   : Generated number for assigning a status to a task: 1
2024-08-25T12:27:41.326+03:30  INFO 54608 --- [UIdashboard] [scheduling-1] c.c.uidashboard.service.TaskService      : updating, task id: 147
2024-08-25T12:27:41.326+03:30 DEBUG 54608 --- [UIdashboard] [scheduling-1] c.ceadar.uidashboard.schedule.Scheduler  : task 147 , Task 147 is updated
2024-08-25T12:27:41.326+03:30  INFO 54608 --- [UIdashboard] [scheduling-1] c.c.uidashboard.schedule.SchedulerUtil   : Generated number for assigning a status to a task: 4
2024-08-25T12:27:41.327+03:30  INFO 54608 --- [UIdashboard] [scheduling-1] c.c.uidashboard.service.TaskService      : updating, task id: 148
2024-08-25T12:27:41.327+03:30 DEBUG 54608 --- [UIdashboard] [scheduling-1] c.ceadar.uidashboard.schedule.Scheduler  : task 148 , Task 148 is updated
2024-08-25T12:27:41.327+03:30  INFO 54608 --- [UIdashboard] [scheduling-1] c.c.uidashboard.schedule.SchedulerUtil   : Generated number for assigning a status to a task: 3
2024-08-25T12:27:41.327+03:30  INFO 54608 --- [UIdashboard] [scheduling-1] c.c.uidashboard.service.TaskService      : updating, task id: 149
2024-08-25T12:27:41.327+03:30 DEBUG 54608 --- [UIdashboard] [scheduling-1] c.ceadar.uidashboard.schedule.Scheduler  : task 149 , Task 149 is updated
2024-08-25T12:27:41.327+03:30  INFO 54608 --- [UIdashboard] [scheduling-1] c.c.uidashboard.schedule.SchedulerUtil   : Generated number for assigning a status to a task: 1
2024-08-25T12:27:41.327+03:30  INFO 54608 --- [UIdashboard] [scheduling-1] c.c.uidashboard.service.TaskService      : updating, task id: 150
2024-08-25T12:27:41.328+03:30 DEBUG 54608 --- [UIdashboard] [scheduling-1] c.ceadar.uidashboard.schedule.Scheduler  : task 150 , Task 150 is updated
2024-08-25T12:27:41.328+03:30  INFO 54608 --- [UIdashboard] [scheduling-1] c.c.uidashboard.schedule.SchedulerUtil   : Generated number for assigning a status to a task: 2
2024-08-25T12:27:41.328+03:30  INFO 54608 --- [UIdashboard] [scheduling-1] c.c.uidashboard.service.TaskService      : updating, task id: 151
2024-08-25T12:27:41.328+03:30 DEBUG 54608 --- [UIdashboard] [scheduling-1] c.ceadar.uidashboard.schedule.Scheduler  : task 151 , Task 151 is updated
2024-08-25T12:27:41.328+03:30  INFO 54608 --- [UIdashboard] [scheduling-1] c.c.uidashboard.schedule.SchedulerUtil   : Generated number for assigning a status to a task: 0
2024-08-25T12:27:41.328+03:30  INFO 54608 --- [UIdashboard] [scheduling-1] c.c.uidashboard.service.TaskService      : updating, task id: 152
2024-08-25T12:27:41.329+03:30 DEBUG 54608 --- [UIdashboard] [scheduling-1] c.ceadar.uidashboard.schedule.Scheduler  : task 152 , Task 152 is updated
2024-08-25T12:28:03.319+03:30  INFO 54608 --- [UIdashboard] [scheduling-1] c.ceadar.uidashboard.schedule.Scheduler  : add new batch task to database at 2024-08-25T12:28:03.319896
2024-08-25T12:28:03.326+03:30  INFO 54608 --- [UIdashboard] [scheduling-1] c.c.uidashboard.schedule.SchedulerUtil   : generate new task
2024-08-25T12:28:03.327+03:30  INFO 54608 --- [UIdashboard] [scheduling-1] c.c.uidashboard.schedule.SchedulerUtil   : Generated number for assigning a status to a task: 4
2024-08-25T12:28:03.327+03:30  INFO 54608 --- [UIdashboard] [scheduling-1] c.c.uidashboard.schedule.SchedulerUtil   : Random LocalDateTime created for field CreateAt
2024-08-25T12:28:03.327+03:30  INFO 54608 --- [UIdashboard] [scheduling-1] c.c.uidashboard.schedule.SchedulerUtil   : Generated number for assigning a status to a task: 0
2024-08-25T12:28:03.327+03:30  INFO 54608 --- [UIdashboard] [scheduling-1] c.c.uidashboard.schedule.SchedulerUtil   : Random LocalDateTime created for field CreateAt
2024-08-25T12:28:03.327+03:30  INFO 54608 --- [UIdashboard] [scheduling-1] c.c.uidashboard.schedule.SchedulerUtil   : Generated number for assigning a status to a task: 3
2024-08-25T12:28:03.327+03:30  INFO 54608 --- [UIdashboard] [scheduling-1] c.c.uidashboard.schedule.SchedulerUtil   : Random LocalDateTime created for field CreateAt
2024-08-25T12:28:03.327+03:30  INFO 54608 --- [UIdashboard] [scheduling-1] c.c.uidashboard.schedule.SchedulerUtil   : Generated number for assigning a status to a task: 1
2024-08-25T12:28:03.327+03:30  INFO 54608 --- [UIdashboard] [scheduling-1] c.c.uidashboard.schedule.SchedulerUtil   : Random LocalDateTime created for field CreateAt
2024-08-25T12:28:03.328+03:30  INFO 54608 --- [UIdashboard] [scheduling-1] c.ceadar.uidashboard.schedule.Scheduler  : add new batch task finished at 2024-08-25T12:28:03.328776
2024-08-25T12:28:41.322+03:30  INFO 54608 --- [UIdashboard] [scheduling-1] c.ceadar.uidashboard.schedule.Scheduler  : tasks fetching from database for update, count: 9
2024-08-25T12:28:41.323+03:30  INFO 54608 --- [UIdashboard] [scheduling-1] c.c.uidashboard.schedule.SchedulerUtil   : Generated number for assigning a status to a task: 2
2024-08-25T12:28:41.323+03:30  INFO 54608 --- [UIdashboard] [scheduling-1] c.c.uidashboard.service.TaskService      : updating, task id: 145
2024-08-25T12:28:41.324+03:30 DEBUG 54608 --- [UIdashboard] [scheduling-1] c.ceadar.uidashboard.schedule.Scheduler  : task 145 , Task 145 is updated
2024-08-25T12:28:41.324+03:30  INFO 54608 --- [UIdashboard] [scheduling-1] c.c.uidashboard.schedule.SchedulerUtil   : Generated number for assigning a status to a task: 4
2024-08-25T12:28:41.324+03:30  INFO 54608 --- [UIdashboard] [scheduling-1] c.c.uidashboard.service.TaskService      : updating, task id: 147
2024-08-25T12:28:41.325+03:30 DEBUG 54608 --- [UIdashboard] [scheduling-1] c.ceadar.uidashboard.schedule.Scheduler  : task 147 , Task 147 is updated
2024-08-25T12:28:41.325+03:30  INFO 54608 --- [UIdashboard] [scheduling-1] c.c.uidashboard.schedule.SchedulerUtil   : Generated number for assigning a status to a task: 0
2024-08-25T12:28:41.325+03:30  INFO 54608 --- [UIdashboard] [scheduling-1] c.c.uidashboard.service.TaskService      : updating, task id: 150
2024-08-25T12:28:41.325+03:30 DEBUG 54608 --- [UIdashboard] [scheduling-1] c.ceadar.uidashboard.schedule.Scheduler  : task 150 , Task 150 is updated
2024-08-25T12:28:41.325+03:30  INFO 54608 --- [UIdashboard] [scheduling-1] c.c.uidashboard.schedule.SchedulerUtil   : Generated number for assigning a status to a task: 4
2024-08-25T12:28:41.325+03:30  INFO 54608 --- [UIdashboard] [scheduling-1] c.c.uidashboard.service.TaskService      : updating, task id: 151
2024-08-25T12:28:41.325+03:30 DEBUG 54608 --- [UIdashboard] [scheduling-1] c.ceadar.uidashboard.schedule.Scheduler  : task 151 , Task 151 is updated
2024-08-25T12:28:41.325+03:30  INFO 54608 --- [UIdashboard] [scheduling-1] c.c.uidashboard.schedule.SchedulerUtil   : Generated number for assigning a status to a task: 0
2024-08-25T12:28:41.325+03:30  INFO 54608 --- [UIdashboard] [scheduling-1] c.c.uidashboard.service.TaskService      : updating, task id: 152
2024-08-25T12:28:41.326+03:30 DEBUG 54608 --- [UIdashboard] [scheduling-1] c.ceadar.uidashboard.schedule.Scheduler  : task 152 , Task 152 is updated
2024-08-25T12:28:41.326+03:30  INFO 54608 --- [UIdashboard] [scheduling-1] c.c.uidashboard.schedule.SchedulerUtil   : Generated number for assigning a status to a task: 4
2024-08-25T12:28:41.326+03:30  INFO 54608 --- [UIdashboard] [scheduling-1] c.c.uidashboard.service.TaskService      : updating, task id: 153
2024-08-25T12:28:41.326+03:30 DEBUG 54608 --- [UIdashboard] [scheduling-1] c.ceadar.uidashboard.schedule.Scheduler  : task 153 , Task 153 is updated
2024-08-25T12:28:41.326+03:30  INFO 54608 --- [UIdashboard] [scheduling-1] c.c.uidashboard.schedule.SchedulerUtil   : Generated number for assigning a status to a task: 1
2024-08-25T12:28:41.326+03:30  INFO 54608 --- [UIdashboard] [scheduling-1] c.c.uidashboard.service.TaskService      : updating, task id: 154
2024-08-25T12:28:41.326+03:30 DEBUG 54608 --- [UIdashboard] [scheduling-1] c.ceadar.uidashboard.schedule.Scheduler  : task 154 , Task 154 is updated
2024-08-25T12:28:41.326+03:30  INFO 54608 --- [UIdashboard] [scheduling-1] c.c.uidashboard.schedule.SchedulerUtil   : Generated number for assigning a status to a task: 2
2024-08-25T12:28:41.326+03:30  INFO 54608 --- [UIdashboard] [scheduling-1] c.c.uidashboard.service.TaskService      : updating, task id: 155
2024-08-25T12:28:41.326+03:30 DEBUG 54608 --- [UIdashboard] [scheduling-1] c.ceadar.uidashboard.schedule.Scheduler  : task 155 , Task 155 is updated
2024-08-25T12:28:41.326+03:30  INFO 54608 --- [UIdashboard] [scheduling-1] c.c.uidashboard.schedule.SchedulerUtil   : Generated number for assigning a status to a task: 1
2024-08-25T12:28:41.326+03:30  INFO 54608 --- [UIdashboard] [scheduling-1] c.c.uidashboard.service.TaskService      : updating, task id: 156
2024-08-25T12:28:41.327+03:30 DEBUG 54608 --- [UIdashboard] [scheduling-1] c.ceadar.uidashboard.schedule.Scheduler  : task 156 , Task 156 is updated
2024-08-25T12:28:45.065+03:30  INFO 54608 --- [UIdashboard] [SpringApplicationShutdownHook] j.LocalContainerEntityManagerFactoryBean : Closing JPA EntityManagerFactory for persistence unit 'default'
2024-08-25T12:28:45.076+03:30  INFO 54608 --- [UIdashboard] [SpringApplicationShutdownHook] com.zaxxer.hikari.HikariDataSource       : HikariPool-1 - Shutdown initiated...
2024-08-25T12:28:45.078+03:30  INFO 54608 --- [UIdashboard] [SpringApplicationShutdownHook] com.zaxxer.hikari.HikariDataSource       : HikariPool-1 - Shutdown completed.
2024-08-25T14:57:52.631+03:30  INFO 61690 --- [UIdashboard] [main] c.c.uidashboard.UIdashboardApplication   : Starting UIdashboardApplication using Java 21.0.3 with PID 61690 (/Users/Admin/Documents/JavaProjects/UIdashboard/target/classes started by Admin in /Users/Admin/Documents/JavaProjects/UIdashboard)
2024-08-25T14:57:52.632+03:30 DEBUG 61690 --- [UIdashboard] [main] c.c.uidashboard.UIdashboardApplication   : Running with Spring Boot v3.3.2, Spring v6.1.11
2024-08-25T14:57:52.632+03:30  INFO 61690 --- [UIdashboard] [main] c.c.uidashboard.UIdashboardApplication   : The following 1 profile is active: "docker"
2024-08-25T14:57:52.883+03:30  INFO 61690 --- [UIdashboard] [main] .s.d.r.c.RepositoryConfigurationDelegate : Bootstrapping Spring Data JPA repositories in DEFAULT mode.
2024-08-25T14:57:52.908+03:30  INFO 61690 --- [UIdashboard] [main] .s.d.r.c.RepositoryConfigurationDelegate : Finished Spring Data repository scanning in 21 ms. Found 1 JPA repository interface.
2024-08-25T14:57:53.113+03:30  INFO 61690 --- [UIdashboard] [main] o.s.b.w.embedded.tomcat.TomcatWebServer  : Tomcat initialized with port 8081 (http)
2024-08-25T14:57:53.119+03:30  INFO 61690 --- [UIdashboard] [main] o.apache.catalina.core.StandardService   : Starting service [Tomcat]
2024-08-25T14:57:53.119+03:30  INFO 61690 --- [UIdashboard] [main] o.apache.catalina.core.StandardEngine    : Starting Servlet engine: [Apache Tomcat/10.1.26]
2024-08-25T14:57:53.138+03:30  INFO 61690 --- [UIdashboard] [main] o.a.c.c.C.[Tomcat].[localhost].[/]       : Initializing Spring embedded WebApplicationContext
2024-08-25T14:57:53.138+03:30  INFO 61690 --- [UIdashboard] [main] w.s.c.ServletWebServerApplicationContext : Root WebApplicationContext: initialization completed in 489 ms
2024-08-25T14:57:53.152+03:30  INFO 61690 --- [UIdashboard] [main] com.zaxxer.hikari.HikariDataSource       : HikariPool-1 - Starting...
2024-08-25T14:57:53.234+03:30  INFO 61690 --- [UIdashboard] [main] com.zaxxer.hikari.pool.HikariPool        : HikariPool-1 - Added connection conn0: url=jdbc:h2:mem:testdb user=SA
2024-08-25T14:57:53.235+03:30  INFO 61690 --- [UIdashboard] [main] com.zaxxer.hikari.HikariDataSource       : HikariPool-1 - Start completed.
2024-08-25T14:57:53.240+03:30  INFO 61690 --- [UIdashboard] [main] o.s.b.a.h2.H2ConsoleAutoConfiguration    : H2 console available at '/h2-console'. Database available at 'jdbc:h2:mem:testdb'
2024-08-25T14:57:53.301+03:30  INFO 61690 --- [UIdashboard] [main] o.hibernate.jpa.internal.util.LogHelper  : HHH000204: Processing PersistenceUnitInfo [name: default]
2024-08-25T14:57:53.324+03:30  INFO 61690 --- [UIdashboard] [main] org.hibernate.Version                    : HHH000412: Hibernate ORM core version 6.5.2.Final
2024-08-25T14:57:53.345+03:30  INFO 61690 --- [UIdashboard] [main] o.h.c.internal.RegionFactoryInitiator    : HHH000026: Second-level cache disabled
2024-08-25T14:57:53.480+03:30  INFO 61690 --- [UIdashboard] [main] o.s.o.j.p.SpringPersistenceUnitInfo      : No LoadTimeWeaver setup: ignoring JPA class transformer
2024-08-25T14:57:53.500+03:30  WARN 61690 --- [UIdashboard] [main] org.hibernate.orm.deprecation            : HHH90000025: H2Dialect does not need to be specified explicitly using 'hibernate.dialect' (remove the property setting and it will be selected by default)
2024-08-25T14:57:53.893+03:30  INFO 61690 --- [UIdashboard] [main] o.h.e.t.j.p.i.JtaPlatformInitiator       : HHH000489: No JTA platform available (set 'hibernate.transaction.jta.platform' to enable JTA platform integration)
2024-08-25T14:57:53.914+03:30  INFO 61690 --- [UIdashboard] [main] j.LocalContainerEntityManagerFactoryBean : Initialized JPA EntityManagerFactory for persistence unit 'default'
2024-08-25T14:57:54.079+03:30  WARN 61690 --- [UIdashboard] [main] JpaBaseConfiguration$JpaWebConfiguration : spring.jpa.open-in-view is enabled by default. Therefore, database queries may be performed during view rendering. Explicitly configure spring.jpa.open-in-view to disable this warning
2024-08-25T14:57:54.253+03:30  INFO 61690 --- [UIdashboard] [main] o.s.b.w.embedded.tomcat.TomcatWebServer  : Tomcat started on port 8081 (http) with context path '/'
2024-08-25T14:57:54.259+03:30  INFO 61690 --- [UIdashboard] [main] c.c.uidashboard.UIdashboardApplication   : Started UIdashboardApplication in 1.792 seconds (process running for 2.067)
2024-08-25T14:57:54.261+03:30  INFO 61690 --- [UIdashboard] [main] c.c.u.schedule.StartupListener           : Running tasks from CommandLineRunner...
2024-08-25T14:57:54.261+03:30  INFO 61690 --- [UIdashboard] [scheduling-1] c.ceadar.uidashboard.schedule.Scheduler  : add new batch task to database at 2024-08-25T14:57:54.261510
2024-08-25T14:57:54.261+03:30  INFO 61690 --- [UIdashboard] [main] c.c.u.schedule.StartupListener           : creating new tasks and put them in database at 2024-08-25T14:57:54.261598
2024-08-25T14:57:54.261+03:30  INFO 61690 --- [UIdashboard] [main] c.c.uidashboard.schedule.SchedulerUtil   : generate new task
2024-08-25T14:57:54.324+03:30  INFO 61690 --- [UIdashboard] [scheduling-1] c.ceadar.uidashboard.schedule.Scheduler  : add new batch task finished at 2024-08-25T14:57:54.324347
2024-08-25T14:57:54.353+03:30  INFO 61690 --- [UIdashboard] [scheduling-1] c.ceadar.uidashboard.schedule.Scheduler  : tasks fetching from database for update, count: 0
2024-08-25T14:57:54.391+03:30  INFO 61690 --- [UIdashboard] [main] c.c.uidashboard.schedule.SchedulerUtil   : Generated number for assigning a status to a task: 4
2024-08-25T14:57:54.391+03:30  INFO 61690 --- [UIdashboard] [main] c.c.uidashboard.schedule.SchedulerUtil   : Random LocalDateTime created for field CreateAt
2024-08-25T14:57:54.391+03:30  INFO 61690 --- [UIdashboard] [main] c.c.uidashboard.schedule.SchedulerUtil   : Generated number for assigning a status to a task: 4
2024-08-25T14:57:54.391+03:30  INFO 61690 --- [UIdashboard] [main] c.c.uidashboard.schedule.SchedulerUtil   : Random LocalDateTime created for field CreateAt
2024-08-25T14:57:54.391+03:30  INFO 61690 --- [UIdashboard] [main] c.c.uidashboard.schedule.SchedulerUtil   : Generated number for assigning a status to a task: 0
2024-08-25T14:57:54.391+03:30  INFO 61690 --- [UIdashboard] [main] c.c.uidashboard.schedule.SchedulerUtil   : Random LocalDateTime created for field CreateAt
2024-08-25T14:57:54.391+03:30  INFO 61690 --- [UIdashboard] [main] c.c.uidashboard.schedule.SchedulerUtil   : Generated number for assigning a status to a task: 4
2024-08-25T14:57:54.391+03:30  INFO 61690 --- [UIdashboard] [main] c.c.uidashboard.schedule.SchedulerUtil   : Random LocalDateTime created for field CreateAt
2024-08-25T14:57:54.408+03:30  INFO 61690 --- [UIdashboard] [main] c.c.u.schedule.StartupListener           : Application is ready. initial new Tasks...
2024-08-25T14:57:54.410+03:30  INFO 61690 --- [UIdashboard] [main] c.c.u.schedule.StartupListener           : new task: Task 1
2024-08-25T14:57:54.411+03:30  INFO 61690 --- [UIdashboard] [main] c.c.u.schedule.StartupListener           : new task: Task 2
2024-08-25T14:57:54.411+03:30  INFO 61690 --- [UIdashboard] [main] c.c.u.schedule.StartupListener           : new task: Task 3
2024-08-25T14:57:54.411+03:30  INFO 61690 --- [UIdashboard] [main] c.c.u.schedule.StartupListener           : new task: Task 4
2024-08-25T14:57:58.852+03:30  INFO 61690 --- [UIdashboard] [SpringApplicationShutdownHook] j.LocalContainerEntityManagerFactoryBean : Closing JPA EntityManagerFactory for persistence unit 'default'
2024-08-25T14:57:58.854+03:30  INFO 61690 --- [UIdashboard] [SpringApplicationShutdownHook] com.zaxxer.hikari.HikariDataSource       : HikariPool-1 - Shutdown initiated...
2024-08-25T14:57:58.855+03:30  INFO 61690 --- [UIdashboard] [SpringApplicationShutdownHook] com.zaxxer.hikari.HikariDataSource       : HikariPool-1 - Shutdown completed.
